range_tf,sig_tf,session,model,status,gate,canary_pass,overlap_ny_pct,lookback,exit_type,n,tr_wk,win_pct,PF,expR,totR,maxDD_R,med_stop_pts,per_year
5m,1m,asia,W1,REJECTED,PF 0.60 < 1.15,,,40.0,fixed2r,3738,5.7787,34.1,0.6,-0.371,-1386.3,-1387.8,3.91,null
5m,1m,asia,W1+W11,REJECTED,PF 0.58 < 1.15,,,20.0,fixed2r,2679,4.1416,34.2,0.58,-0.384,-1028.8,-1034.8,3.71,null
5m,1m,asia,W2,REJECTED,PF 0.51 < 1.15,,,20.0,fixed2r,11832,18.2915,33.4,0.51,-0.486,-5756.1,-5762.4,2.99,null
5m,1m,asia,W3,REJECTED,PF 0.20 < 1.15,,,20.0,fixed2r,47,0.0727,25.5,0.2,-1.177,-55.3,-58.5,1.38,null
5m,1m,asia,W3+W11,REJECTED,PF 0.25 < 1.15,,,20.0,fixed2r,28,0.0433,28.6,0.25,-1.046,-29.3,-31.3,1.38,null
5m,1m,asia,W4,REJECTED,PF 0.18 < 1.15,,,20.0,fixed2r,56,0.0866,25.0,0.18,-1.124,-62.9,-63.9,1.55,null
5m,1m,asia,W5,REJECTED,PF 0.51 < 1.15,,,20.0,target_or_2r,18935,29.2723,34.9,0.51,-0.471,-8914.4,-8914.8,3.46,null
5m,1m,asia,W6,REJECTED,tr/wk 0.181 < 0.5,,,40.0,fixed2r,117,0.1809,56.4,1.76,0.416,48.7,-15.2,4.41,null
5m,1m,asia,W7,REJECTED,PF 0.13 < 1.15,,,20.0,fixed2r,3448,5.3304,20.9,0.13,-1.349,-4650.4,-4649.2,1.23,null
5m,1m,asia,W8,REJECTED,PF 0.17 < 1.15,,,40.0,fixed2r,521,0.8054,20.9,0.17,-1.211,-630.8,-627.9,1.66,null
5m,1m,london,W1,REJECTED,PF 0.58 < 1.15,,,20.0,fixed2r,10009,15.4733,33.9,0.58,-0.394,-3942.1,-3961.2,3.75,null
5m,1m,london,W1+W11,REJECTED,PF 0.57 < 1.15,,,20.0,fixed2r,2344,3.6237,33.9,0.57,-0.405,-949.2,-965.8,3.52,null
5m,1m,london,W2,REJECTED,PF 0.53 < 1.15,,,40.0,fixed2r,7831,12.1062,32.8,0.53,-0.445,-3487.4,-3493.5,3.59,null
5m,1m,london,W3,REJECTED,PF 0.15 < 1.15,,,20.0,fixed2r,463,0.7158,19.9,0.15,-1.3,-601.8,-602.7,1.47,null
5m,1m,london,W3+W11,REJECTED,PF 0.18 < 1.15,,,40.0,fixed2r,15,0.0232,20.0,0.18,-1.328,-19.9,-17.7,1.54,null
5m,1m,london,W4,REJECTED,PF 0.20 < 1.15,,,40.0,fixed2r,38,0.0587,21.1,0.2,-0.975,-37.1,-36.8,2.59,null
5m,1m,london,W5,REJECTED,PF 0.52 < 1.15,,,40.0,target_or_2r,12473,19.2825,34.5,0.52,-0.454,-5659.8,-5665.6,3.81,null
5m,1m,london,W6,SURVIVOR,,True,,20.0,fixed2r,611,0.9446,44.5,1.2,0.132,80.5,-61.9,7.66,"{""2014"": {""n"": 217, ""PF"": 1.03}, ""2015"": {""n"": 78, ""PF"": 1.16}, ""2016"": {""n"": 51, ""PF"": 0.79}, ""2017"": {""n"": 86, ""PF"": 2.05}, ""2018"": {""n"": 48, ""PF"": 1.56}, ""2019"": {""n"": 39, ""PF"": 0.57}, ""2020"": {""n"": 26, ""PF"": 0.83}, ""2021"": {""n"": 10, ""PF"": 1.15}, ""2022"": {""n"": 4, ""PF"": Infinity}, ""2023"": {""n"": 27, ""PF"": 2.66}, ""2024"": {""n"": 15, ""PF"": 1.64}, ""2025"": {""n"": 5, ""PF"": 7.44}, ""2026"": {""n"": 5, ""PF"": 0.0}}"
5m,1m,london,W7,REJECTED,PF 0.17 < 1.15,,,40.0,fixed2r,1311,2.0267,21.4,0.17,-1.187,-1555.7,-1553.9,1.67,null
5m,1m,london,W8,REJECTED,PF 0.15 < 1.15,,,40.0,fixed2r,1839,2.843,20.6,0.15,-1.273,-2340.5,-2340.5,1.45,null
5m,1m,pre_ny,W1,REJECTED,PF 0.59 < 1.15,,,40.0,fixed2r,3903,6.0338,32.8,0.59,-0.374,-1460.8,-1481.7,4.57,null
5m,1m,pre_ny,W1+W11,REJECTED,PF 0.58 < 1.15,,,20.0,fixed2r,1047,1.6186,34.2,0.58,-0.389,-407.5,-423.8,3.7,null
5m,1m,pre_ny,W2,REJECTED,PF 0.60 < 1.15,,,20.0,fixed2r,5754,8.8953,35.2,0.6,-0.373,-2149.1,-2153.6,3.53,null
5m,1m,pre_ny,W3,REJECTED,PF 0.32 < 1.15,,,20.0,fixed2r,133,0.2056,23.3,0.32,-0.744,-99.0,-101.3,4.05,null
5m,1m,pre_ny,W3+W11,REJECTED,PF 0.46 < 1.15,,,20.0,fixed2r,58,0.0897,29.3,0.46,-0.502,-29.1,-31.6,4.45,null
5m,1m,pre_ny,W4,REJECTED,PF 0.24 < 1.15,,,40.0,fixed2r,63,0.0974,17.5,0.24,-0.854,-53.8,-51.1,5.59,null
5m,1m,pre_ny,W5,REJECTED,PF 0.58 < 1.15,,,40.0,target_or_2r,6309,9.7533,37.2,0.58,-0.38,-2397.0,-2407.1,4.14,null
5m,1m,pre_ny,W6,REJECTED,tr/wk 0.232 < 0.5,,,40.0,fixed2r,150,0.2319,54.7,1.76,0.396,59.4,-19.6,9.29,null
5m,1m,pre_ny,W7,REJECTED,PF 0.15 < 1.15,,,20.0,fixed2r,1877,2.9017,19.6,0.15,-1.253,-2351.6,-2349.5,1.55,null
5m,1m,pre_ny,W8,REJECTED,PF 0.16 < 1.15,,,20.0,fixed2r,1722,2.6621,19.5,0.16,-1.238,-2131.4,-2129.4,1.62,null
5m,1m,ny_am,W1,REJECTED,PF 0.69 < 1.15,,,20.0,fixed2r,10325,15.9618,32.5,0.69,-0.261,-2693.5,-2721.2,7.51,null
5m,1m,ny_am,W1+W11,REJECTED,PF 0.61 < 1.15,,,20.0,fixed2r,2287,3.5356,30.0,0.61,-0.342,-782.8,-794.7,7.1,null
5m,1m,ny_am,W2,REJECTED,PF 0.65 < 1.15,,,20.0,fixed2r,12006,18.5605,33.0,0.65,-0.302,-3621.0,-3630.2,5.71,null
5m,1m,ny_am,W3,REJECTED,PF 0.25 < 1.15,,,20.0,fixed2r,167,0.2582,23.4,0.25,-0.948,-158.4,-155.9,3.04,null
5m,1m,ny_am,W3+W11,REJECTED,PF 0.26 < 1.15,,,20.0,fixed2r,128,0.1979,25.0,0.26,-0.935,-119.6,-116.7,2.95,null
5m,1m,ny_am,W4,REJECTED,PF 0.23 < 1.15,,,20.0,fixed2r,254,0.3927,21.3,0.23,-0.96,-243.7,-244.5,2.78,null
5m,1m,ny_am,W5,REJECTED,PF 0.69 < 1.15,,,40.0,target_or_2r,13563,20.9675,36.3,0.69,-0.248,-3365.6,-3414.1,7.07,null
5m,1m,ny_am,W6,REJECTED,tr/wk 0.287 < 0.5,,,20.0,fixed2r,186,0.2875,46.2,1.31,0.177,32.8,-26.6,15.59,null
5m,1m,ny_am,W7,REJECTED,PF 0.20 < 1.15,,,20.0,fixed2r,2198,3.398,19.3,0.2,-1.04,-2286.3,-2289.3,2.64,null
5m,1m,ny_am,W8,REJECTED,PF 0.20 < 1.15,,,20.0,fixed2r,1352,2.0901,18.6,0.2,-1.03,-1392.5,-1389.8,2.89,null
5m,1m,24h-control,W1,REJECTED,PF 0.62 < 1.15,,,40.0,fixed2r,38782,59.9545,33.2,0.62,-0.336,-13018.5,-13040.8,4.98,null
5m,1m,24h-control,W1+W11,REJECTED,PF 0.59 < 1.15,,,20.0,fixed2r,12855,19.873,33.7,0.59,-0.376,-4835.7,-4855.0,4.0,null
5m,1m,24h-control,W2,REJECTED,PF 0.57 < 1.15,,,40.0,fixed2r,40723,62.9552,33.3,0.57,-0.403,-16397.0,-16400.9,3.84,null
5m,1m,24h-control,W3,REJECTED,PF 0.23 < 1.15,,,20.0,fixed2r,517,0.7992,22.2,0.23,-0.972,-502.4,-499.8,2.56,null
5m,1m,24h-control,W3+W11,REJECTED,PF 0.28 < 1.15,,,40.0,fixed2r,114,0.1762,22.8,0.28,-0.88,-100.4,-97.9,3.26,null
5m,1m,24h-control,W4,REJECTED,PF 0.22 < 1.15,,,40.0,fixed2r,260,0.4019,19.2,0.22,-0.968,-251.6,-249.8,3.08,null
5m,1m,24h-control,W5,REJECTED,PF 0.57 < 1.15,,,40.0,target_or_2r,62016,95.8728,35.1,0.57,-0.389,-24133.7,-24137.4,4.45,null
5m,1m,24h-control,W6,SURVIVOR,,True,,40.0,fixed2r,762,1.178,45.1,1.19,0.12,91.2,-69.4,8.27,"{""2014"": {""n"": 370, ""PF"": 1.11}, ""2015"": {""n"": 74, ""PF"": 0.57}, ""2016"": {""n"": 96, ""PF"": 0.92}, ""2017"": {""n"": 94, ""PF"": 1.52}, ""2018"": {""n"": 50, ""PF"": 2.82}, ""2019"": {""n"": 20, ""PF"": 3.19}, ""2020"": {""n"": 7, ""PF"": 2.47}, ""2021"": {""n"": 5, ""PF"": 1.26}, ""2022"": {""n"": 8, ""PF"": Infinity}, ""2023"": {""n"": 14, ""PF"": 3.39}, ""2024"": {""n"": 12, ""PF"": 0.17}, ""2025"": {""n"": 8, ""PF"": 1.05}, ""2026"": {""n"": 4, ""PF"": 0.0}}"
5m,1m,24h-control,W7,REJECTED,PF 0.16 < 1.15,,,40.0,fixed2r,6404,9.9002,20.7,0.16,-1.237,-7920.0,-7916.9,1.58,null
5m,1m,24h-control,W8,REJECTED,PF 0.17 < 1.15,,,40.0,fixed2r,5513,8.5227,19.3,0.17,-1.156,-6370.8,-6368.7,2.06,null
15m,1m,asia,W1,REJECTED,PF 0.80 < 1.15,,,40.0,fixed2r,800,1.2367,38.0,0.8,-0.16,-128.4,-155.7,5.29,null
15m,1m,asia,W1+W11,REJECTED,PF 0.76 < 1.15,,,40.0,fixed2r,176,0.2721,36.4,0.76,-0.194,-34.2,-40.9,5.67,null
15m,1m,asia,W2,REJECTED,PF 0.55 < 1.15,,,20.0,fixed2r,4363,6.7449,34.2,0.55,-0.432,-1884.1,-1883.5,3.17,null
15m,1m,asia,W3,REJECTED,PF 0.43 < 1.15,,,20.0,fixed2r,10,0.0155,40.0,0.43,-0.643,-6.4,-4.1,1.72,null
15m,1m,asia,W3+W11,REJECTED,n<10 trades (all variants),,,,,0,0.0,,,,,,,
15m,1m,asia,W4,REJECTED,PF 0.12 < 1.15,,,20.0,fixed2r,16,0.0247,18.8,0.12,-1.507,-24.1,-20.9,1.23,null
15m,1m,asia,W5,REJECTED,PF 0.61 < 1.15,,,40.0,target_or_2r,1424,2.2014,33.6,0.61,-0.354,-503.8,-504.1,4.84,null
15m,1m,asia,W6,REJECTED,n<10 trades (all variants),,,,,0,0.0,,,,,,,
15m,1m,asia,W7,REJECTED,PF 0.15 < 1.15,,,20.0,fixed2r,1382,2.1365,23.7,0.15,-1.284,-1774.5,-1774.4,1.16,null
15m,1m,asia,W8,REJECTED,PF 0.19 < 1.15,,,20.0,fixed2r,469,0.725,21.1,0.19,-1.119,-524.8,-522.8,1.91,null
15m,1m,london,W1,REJECTED,PF 0.59 < 1.15,,,20.0,fixed2r,6474,10.0084,33.6,0.59,-0.377,-2438.5,-2454.2,4.1,null
15m,1m,london,W1+W11,REJECTED,PF 0.56 < 1.15,,,20.0,fixed2r,1295,2.002,33.3,0.56,-0.409,-530.1,-540.0,3.91,null
15m,1m,london,W2,REJECTED,PF 0.54 < 1.15,,,20.0,fixed2r,7829,12.1031,32.9,0.54,-0.444,-3478.0,-3476.9,3.52,null
15m,1m,london,W3,REJECTED,PF 0.23 < 1.15,,,40.0,fixed2r,17,0.0263,29.4,0.23,-1.083,-18.4,-20.7,1.4,null
15m,1m,london,W3+W11,REJECTED,PF 0.16 < 1.15,,,20.0,fixed2r,47,0.0727,19.1,0.16,-1.226,-57.6,-55.7,1.35,null
15m,1m,london,W4,REJECTED,PF 0.19 < 1.15,,,20.0,fixed2r,19,0.0294,15.8,0.19,-1.068,-20.3,-20.3,2.2,null
15m,1m,london,W5,REJECTED,PF 0.55 < 1.15,,,20.0,target_or_2r,11496,17.7721,34.9,0.55,-0.415,-4772.3,-4777.6,4.09,null
15m,1m,london,W6,REJECTED,tr/wk 0.159 < 0.5,,,20.0,exit3,103,0.1592,49.5,1.67,0.252,26.0,-15.1,8.4,null
15m,1m,london,W7,REJECTED,PF 0.14 < 1.15,,,20.0,fixed2r,2126,3.2867,20.4,0.14,-1.317,-2799.6,-2796.7,1.31,null
15m,1m,london,W8,REJECTED,PF 0.17 < 1.15,,,40.0,fixed2r,343,0.5303,21.6,0.17,-1.17,-401.2,-398.3,1.71,null
15m,1m,pre_ny,W1,REJECTED,PF 0.65 < 1.15,,,20.0,fixed2r,3211,4.964,34.4,0.65,-0.313,-1006.5,-1043.5,4.92,null
15m,1m,pre_ny,W1+W11,REJECTED,PF 0.69 < 1.15,,,40.0,fixed2r,462,0.7142,35.1,0.69,-0.271,-125.2,-130.4,5.59,null
15m,1m,pre_ny,W2,REJECTED,PF 0.61 < 1.15,,,20.0,fixed2r,3692,5.7076,35.1,0.61,-0.357,-1319.4,-1327.7,3.96,null
15m,1m,pre_ny,W3,REJECTED,PF 0.27 < 1.15,,,20.0,fixed2r,42,0.0649,19.0,0.27,-0.792,-33.3,-32.6,5.75,null
15m,1m,pre_ny,W3+W11,REJECTED,PF 0.27 < 1.15,,,20.0,fixed2r,27,0.0417,18.5,0.27,-0.823,-22.2,-23.1,6.34,null
15m,1m,pre_ny,W4,REJECTED,PF 0.46 < 1.15,,,20.0,fixed2r,41,0.0634,29.3,0.46,-0.499,-20.4,-20.3,3.54,null
15m,1m,pre_ny,W5,REJECTED,PF 0.67 < 1.15,,,40.0,target_or_2r,3301,5.1031,36.4,0.67,-0.28,-923.2,-952.2,6.0,null
15m,1m,pre_ny,W6,REJECTED,tr/wk 0.036 < 0.5,,,40.0,exit3,23,0.0356,56.5,4.68,0.644,14.8,-2.1,22.65,null
15m,1m,pre_ny,W7,REJECTED,PF 0.17 < 1.15,,,40.0,fixed2r,991,1.532,20.3,0.17,-1.176,-1165.9,-1162.8,1.76,null
15m,1m,pre_ny,W8,REJECTED,PF 0.15 < 1.15,,,20.0,fixed2r,392,0.606,16.8,0.15,-1.255,-491.8,-489.2,1.79,null
15m,1m,ny_am,W1,REJECTED,PF 0.74 < 1.15,,,40.0,fixed2r,6286,9.7178,33.4,0.74,-0.213,-1340.2,-1342.4,8.58,null
15m,1m,ny_am,W1+W11,REJECTED,PF 0.62 < 1.15,,,20.0,fixed2r,1490,2.3034,30.4,0.62,-0.332,-494.5,-503.5,7.22,null
15m,1m,ny_am,W2,REJECTED,PF 0.68 < 1.15,,,20.0,fixed2r,9678,14.9616,33.9,0.68,-0.273,-2641.6,-2645.1,5.96,null
15m,1m,ny_am,W3,REJECTED,PF 0.25 < 1.15,,,20.0,fixed2r,54,0.0835,22.2,0.25,-0.889,-48.0,-45.5,3.07,null
15m,1m,ny_am,W3+W11,REJECTED,PF 0.37 < 1.15,,,20.0,fixed2r,35,0.0541,28.6,0.37,-0.651,-22.8,-19.8,3.62,null
15m,1m,ny_am,W4,REJECTED,PF 0.35 < 1.15,,,40.0,fixed2r,29,0.0448,24.1,0.35,-0.753,-21.8,-21.1,5.39,null
15m,1m,ny_am,W5,REJECTED,PF 0.74 < 1.15,,,40.0,target_or_2r,9200,14.2226,35.9,0.74,-0.203,-1865.4,-1879.8,8.81,null
15m,1m,ny_am,W6,REJECTED,PF 0.61 < 1.15,,,20.0,fixed2r,109,0.1685,27.5,0.61,-0.291,-31.7,-43.0,16.22,null
15m,1m,ny_am,W7,REJECTED,PF 0.19 < 1.15,,,20.0,fixed2r,1810,2.7981,18.6,0.19,-1.063,-1923.7,-1922.7,2.6,null
15m,1m,ny_am,W8,REJECTED,PF 0.18 < 1.15,,,20.0,fixed2r,1531,2.3668,17.0,0.18,-1.102,-1687.6,-1686.2,2.8,null
15m,1m,24h-control,W1,REJECTED,PF 0.68 < 1.15,,,40.0,fixed2r,20996,32.4585,33.7,0.68,-0.271,-5679.8,-5699.4,6.3,null
15m,1m,24h-control,W1+W11,REJECTED,PF 0.62 < 1.15,,,40.0,fixed2r,2773,4.2869,32.7,0.62,-0.333,-922.5,-940.2,5.45,null
15m,1m,24h-control,W2,REJECTED,PF 0.60 < 1.15,,,40.0,fixed2r,24692,38.1723,33.3,0.6,-0.364,-8999.4,-8996.7,4.4,null
15m,1m,24h-control,W3,REJECTED,PF 0.25 < 1.15,,,20.0,fixed2r,107,0.1654,20.6,0.25,-0.886,-94.8,-92.3,3.73,null
15m,1m,24h-control,W3+W11,REJECTED,PF 0.36 < 1.15,,,20.0,fixed2r,72,0.1113,26.4,0.36,-0.693,-49.9,-47.4,4.38,null
15m,1m,24h-control,W4,REJECTED,PF 0.32 < 1.15,,,40.0,fixed2r,51,0.0788,21.6,0.32,-0.744,-38.0,-37.4,5.5,null
15m,1m,24h-control,W5,REJECTED,PF 0.65 < 1.15,,,40.0,target_or_2r,33375,51.5956,34.8,0.65,-0.3,-10026.1,-10051.9,5.99,null
15m,1m,24h-control,W6,REJECTED,PF 1.08 < 1.15,,,20.0,fixed2r,341,0.5272,40.5,1.08,0.052,17.9,-45.7,14.75,null
15m,1m,24h-control,W7,REJECTED,PF 0.16 < 1.15,,,40.0,fixed2r,6707,10.3686,19.9,0.16,-1.203,-8067.4,-8068.3,1.73,null
15m,1m,24h-control,W8,REJECTED,PF 0.17 < 1.15,,,20.0,fixed2r,4306,6.6568,18.5,0.17,-1.169,-5033.2,-5030.4,2.07,null
15m,5m,asia,W1,REJECTED,PF 0.88 < 1.15,,,40.0,fixed2r,426,0.6586,37.6,0.88,-0.093,-39.7,-73.7,7.91,null
15m,5m,asia,W1+W11,REJECTED,PF 0.83 < 1.15,,,20.0,fixed2r,344,0.5318,38.1,0.83,-0.134,-46.2,-58.1,6.67,null
15m,5m,asia,W2,REJECTED,PF 0.64 < 1.15,,,20.0,fixed2r,2591,4.0055,33.3,0.64,-0.311,-804.7,-802.8,5.2,null
15m,5m,asia,W3,REJECTED,PF 0.18 < 1.15,,,20.0,fixed2r,72,0.1113,20.8,0.18,-1.08,-77.8,-76.4,2.63,null
15m,5m,asia,W3+W11,REJECTED,PF 0.06 < 1.15,,,20.0,fixed2r,23,0.0356,13.0,0.06,-1.334,-30.7,-28.3,2.18,null
15m,5m,asia,W4,REJECTED,PF 0.29 < 1.15,,,20.0,fixed2r,100,0.1546,26.0,0.29,-0.837,-83.7,-85.0,2.42,null
15m,5m,asia,W5,REJECTED,PF 0.70 < 1.15,,,20.0,target_or_2r,3520,5.4417,35.9,0.7,-0.253,-891.7,-901.3,6.41,null
15m,5m,asia,W6,REJECTED,PF 0.76 < 1.15,,,20.0,fixed2r,121,0.1871,33.1,0.76,-0.186,-22.5,-30.8,5.67,null
15m,5m,asia,W7,REJECTED,PF 0.25 < 1.15,,,40.0,fixed2r,98,0.1515,26.5,0.25,-0.879,-86.1,-87.3,2.13,null
15m,5m,asia,W8,REJECTED,PF 0.32 < 1.15,,,40.0,fixed2r,63,0.0974,23.8,0.32,-0.803,-50.6,-49.8,4.39,null
15m,5m,london,W1,REJECTED,PF 0.69 < 1.15,,,20.0,fixed2r,3796,5.8684,33.4,0.69,-0.261,-991.3,-992.3,6.66,null
15m,5m,london,W1+W11,REJECTED,PF 0.67 < 1.15,,,20.0,fixed2r,1530,2.3653,32.3,0.67,-0.28,-428.0,-427.8,7.47,null
15m,5m,london,W2,REJECTED,PF 0.64 < 1.15,,,20.0,fixed2r,4525,6.9954,32.6,0.64,-0.315,-1425.1,-1429.5,5.8,null
15m,5m,london,W3,REJECTED,PF 0.27 < 1.15,,,20.0,fixed2r,96,0.1484,22.9,0.27,-0.859,-82.5,-84.1,3.31,null
15m,5m,london,W3+W11,REJECTED,PF 0.28 < 1.15,,,20.0,fixed2r,199,0.3076,24.6,0.28,-0.838,-166.8,-166.5,2.87,null
15m,5m,london,W4,REJECTED,PF 0.33 < 1.15,,,40.0,fixed2r,85,0.1314,29.4,0.33,-0.804,-68.3,-67.9,2.17,null
15m,5m,london,W5,REJECTED,PF 0.64 < 1.15,,,20.0,target_or_2r,5879,9.0886,37.6,0.64,-0.29,-1704.1,-1709.4,6.32,null
15m,5m,london,W6,REJECTED,PF 0.81 < 1.15,,,20.0,fixed2r,151,0.2334,32.5,0.81,-0.14,-21.1,-46.9,14.88,null
15m,5m,london,W7,REJECTED,PF 0.27 < 1.15,,,20.0,fixed2r,1061,1.6402,25.3,0.27,-0.904,-959.1,-956.7,2.21,null
15m,5m,london,W8,REJECTED,PF 0.26 < 1.15,,,20.0,fixed2r,517,0.7992,21.9,0.26,-0.884,-456.9,-457.7,3.47,null
15m,5m,pre_ny,W1,REJECTED,PF 0.79 < 1.15,,,40.0,fixed2r,1219,1.8845,34.5,0.79,-0.169,-206.1,-213.1,9.5,null
15m,5m,pre_ny,W1+W11,REJECTED,PF 0.88 < 1.15,,,40.0,fixed2r,405,0.6261,37.0,0.88,-0.089,-36.0,-49.5,9.76,null
15m,5m,pre_ny,W2,REJECTED,PF 0.71 < 1.15,,,40.0,fixed2r,1405,2.172,33.2,0.71,-0.24,-337.4,-342.6,8.06,null
15m,5m,pre_ny,W3,REJECTED,PF 0.32 < 1.15,,,20.0,fixed2r,404,0.6246,20.0,0.32,-0.75,-303.0,-303.3,5.79,null
15m,5m,pre_ny,W3+W11,REJECTED,PF 0.34 < 1.15,,,20.0,fixed2r,214,0.3308,20.6,0.34,-0.713,-152.5,-153.0,5.83,null
15m,5m,pre_ny,W4,REJECTED,PF 0.39 < 1.15,,,20.0,fixed2r,434,0.6709,24.7,0.39,-0.625,-271.2,-270.1,5.71,null
15m,5m,pre_ny,W5,REJECTED,PF 0.77 < 1.15,,,40.0,target_or_2r,1665,2.574,39.5,0.77,-0.168,-279.8,-294.1,10.15,null
15m,5m,pre_ny,W6,REJECTED,PF 0.75 < 1.15,,,40.0,fixed2r,16,0.0247,31.2,0.75,-0.184,-3.0,-6.5,15.08,null
15m,5m,pre_ny,W7,REJECTED,PF 0.27 < 1.15,,,40.0,fixed2r,558,0.8626,21.0,0.27,-0.856,-477.9,-478.8,4.07,null
15m,5m,pre_ny,W8,REJECTED,PF 0.38 < 1.15,,,40.0,fixed2r,163,0.252,25.2,0.38,-0.675,-110.0,-113.8,5.36,null
15m,5m,ny_am,W1,REJECTED,PF 0.85 < 1.15,,,40.0,fixed2r,3020,4.6687,34.1,0.85,-0.113,-340.4,-351.8,14.11,null
15m,5m,ny_am,W1+W11,REJECTED,PF 0.80 < 1.15,,,40.0,fixed2r,1653,2.5554,32.5,0.8,-0.156,-257.2,-270.3,14.68,null
15m,5m,ny_am,W2,REJECTED,PF 0.71 < 1.15,,,40.0,fixed2r,3513,5.4309,31.7,0.71,-0.236,-830.1,-833.9,9.96,null
15m,5m,ny_am,W3,REJECTED,PF 0.30 < 1.15,,,20.0,fixed2r,206,0.3185,22.3,0.3,-0.806,-166.1,-167.7,4.33,null
15m,5m,ny_am,W3+W11,REJECTED,PF 0.26 < 1.15,,,20.0,fixed2r,184,0.2845,20.1,0.26,-0.866,-159.3,-159.0,4.35,null
15m,5m,ny_am,W4,REJECTED,PF 0.34 < 1.15,,,40.0,fixed2r,128,0.1979,21.9,0.34,-0.713,-91.3,-91.7,5.48,null
15m,5m,ny_am,W5,REJECTED,PF 0.79 < 1.15,,,40.0,target_or_2r,4617,7.1376,39.2,0.79,-0.144,-666.9,-678.6,13.97,null
15m,5m,ny_am,W6,REJECTED,PF 0.57 < 1.15,,,40.0,fixed2r,21,0.0325,28.6,0.57,-0.277,-5.8,-10.6,36.56,null
15m,5m,ny_am,W7,REJECTED,PF 0.33 < 1.15,,,40.0,fixed2r,528,0.8163,23.3,0.33,-0.733,-387.2,-388.4,5.0,null
15m,5m,ny_am,W8,REJECTED,PF 0.33 < 1.15,,,40.0,fixed2r,470,0.7266,21.3,0.33,-0.725,-340.5,-337.9,6.42,null
15m,5m,24h-control,W1,REJECTED,PF 0.79 < 1.15,,,40.0,fixed2r,11760,18.1802,34.0,0.79,-0.162,-1899.5,-1927.4,10.75,null
15m,5m,24h-control,W1+W11,REJECTED,PF 0.75 < 1.15,,,40.0,fixed2r,2682,4.1462,33.1,0.75,-0.195,-523.7,-538.0,10.34,null
15m,5m,24h-control,W2,REJECTED,PF 0.67 < 1.15,,,40.0,fixed2r,13692,21.167,32.2,0.67,-0.276,-3784.9,-3797.8,7.5,null
15m,5m,24h-control,W3,REJECTED,PF 0.29 < 1.15,,,20.0,fixed2r,506,0.7822,21.7,0.29,-0.816,-412.9,-411.4,4.38,null
15m,5m,24h-control,W3+W11,REJECTED,PF 0.26 < 1.15,,,20.0,fixed2r,938,1.4501,20.1,0.26,-0.869,-815.6,-814.1,4.12,null
15m,5m,24h-control,W4,REJECTED,PF 0.32 < 1.15,,,40.0,fixed2r,904,1.3975,23.0,0.32,-0.754,-681.3,-678.2,4.82,null
15m,5m,24h-control,W5,REJECTED,PF 0.74 < 1.15,,,40.0,target_or_2r,16929,26.1712,36.7,0.74,-0.203,-3433.9,-3453.3,9.51,null
15m,5m,24h-control,W6,REJECTED,PF 0.76 < 1.15,,,20.0,fixed2r,663,1.025,31.1,0.76,-0.18,-119.6,-150.9,11.29,null
15m,5m,24h-control,W7,REJECTED,PF 0.26 < 1.15,,,40.0,fixed2r,3133,4.8434,21.5,0.26,-0.882,-2764.2,-2764.3,3.45,null
15m,5m,24h-control,W8,REJECTED,PF 0.30 < 1.15,,,40.0,fixed2r,1496,2.3127,21.7,0.3,-0.805,-1204.9,-1202.1,4.77,null
30m,5m,asia,W1,REJECTED,PF 0.88 < 1.15,,,20.0,fixed2r,878,1.3573,37.2,0.88,-0.091,-80.2,-101.7,8.25,null
30m,5m,asia,W1+W11,REJECTED,PF 0.85 < 1.15,,,20.0,fixed2r,150,0.2319,36.0,0.85,-0.115,-17.3,-37.3,9.36,null
30m,5m,asia,W2,REJECTED,PF 0.66 < 1.15,,,40.0,fixed2r,815,1.2599,32.3,0.66,-0.292,-238.0,-239.9,6.26,null
30m,5m,asia,W3,REJECTED,n<10 trades (all variants),,,,,0,0.0,,,,,,,
30m,5m,asia,W3+W11,REJECTED,n<10 trades (all variants),,,,,0,0.0,,,,,,,
30m,5m,asia,W4,REJECTED,n<10 trades (all variants),,,,,0,0.0,,,,,,,
30m,5m,asia,W5,REJECTED,PF 0.75 < 1.15,,,20.0,target_or_2r,1850,2.86,34.4,0.75,-0.202,-373.6,-377.1,8.02,null
30m,5m,asia,W6,REJECTED,n<10 trades (all variants),,,,,0,0.0,,,,,,,
30m,5m,asia,W7,REJECTED,PF 0.25 < 1.15,,,20.0,fixed2r,163,0.252,23.9,0.25,-0.923,-150.4,-147.9,2.06,null
30m,5m,asia,W8,REJECTED,PF 0.36 < 1.15,,,40.0,fixed2r,90,0.1391,24.4,0.36,-0.691,-62.2,-62.7,4.69,null
30m,5m,london,W1,REJECTED,PF 0.65 < 1.15,,,20.0,fixed2r,2022,3.1259,31.8,0.65,-0.299,-604.3,-609.9,7.21,null
30m,5m,london,W1+W11,REJECTED,PF 0.84 < 1.15,,,40.0,fixed2r,103,0.1592,37.9,0.84,-0.127,-13.1,-21.0,6.06,null
30m,5m,london,W2,REJECTED,PF 0.64 < 1.15,,,20.0,fixed2r,2449,3.786,32.7,0.64,-0.31,-759.7,-762.8,5.81,null
30m,5m,london,W3,REJECTED,PF 0.23 < 1.15,,,20.0,fixed2r,93,0.1438,25.8,0.23,-0.994,-92.5,-89.2,2.42,null
30m,5m,london,W3+W11,REJECTED,PF 0.29 < 1.15,,,20.0,fixed2r,47,0.0727,34.0,0.29,-0.888,-41.7,-39.7,1.68,null
30m,5m,london,W4,REJECTED,PF 0.28 < 1.15,,,20.0,fixed2r,115,0.1778,25.2,0.28,-0.887,-102.0,-101.6,2.2,null
30m,5m,london,W5,REJECTED,PF 0.66 < 1.15,,,20.0,target_or_2r,3270,5.0552,35.6,0.66,-0.275,-898.0,-899.6,7.29,null
30m,5m,london,W6,REJECTED,PF 0.25 < 1.15,,,20.0,fixed2r,24,0.0371,12.5,0.25,-0.727,-17.5,-17.1,14.27,null
30m,5m,london,W7,REJECTED,PF 0.27 < 1.15,,,20.0,fixed2r,640,0.9894,26.1,0.27,-0.903,-578.2,-577.1,2.22,null
30m,5m,london,W8,REJECTED,PF 0.37 < 1.15,,,40.0,fixed2r,35,0.0541,31.4,0.37,-0.814,-28.5,-25.6,2.59,null
30m,5m,pre_ny,W1,REJECTED,PF 0.93 < 1.15,,,40.0,fixed2r,408,0.6307,37.5,0.93,-0.051,-20.9,-62.0,11.53,null
30m,5m,pre_ny,W1+W11,REJECTED,PF 0.99 < 1.15,,,40.0,fixed2r,163,0.252,38.0,0.99,-0.007,-1.1,-33.2,12.88,null
30m,5m,pre_ny,W2,REJECTED,PF 0.69 < 1.15,,,20.0,fixed2r,1657,2.5616,32.5,0.69,-0.262,-433.9,-444.5,8.08,null
30m,5m,pre_ny,W3,REJECTED,PF 0.26 < 1.15,,,20.0,fixed2r,205,0.3169,17.1,0.26,-0.809,-165.8,-164.2,6.54,null
30m,5m,pre_ny,W3+W11,REJECTED,PF 0.26 < 1.15,,,20.0,fixed2r,115,0.1778,17.4,0.26,-0.809,-93.0,-91.4,7.78,null
30m,5m,pre_ny,W4,REJECTED,PF 0.45 < 1.15,,,40.0,fixed2r,65,0.1005,26.2,0.45,-0.509,-33.1,-35.1,8.92,null
30m,5m,pre_ny,W5,REJECTED,PF 0.90 < 1.15,,,40.0,exit3,546,0.8441,36.1,0.9,-0.053,-29.1,-49.6,12.83,null
30m,5m,pre_ny,W6,REJECTED,PF 0.94 < 1.15,,,20.0,fixed2r,19,0.0294,36.8,0.94,-0.036,-0.7,-6.5,15.83,null
30m,5m,pre_ny,W7,REJECTED,PF 0.28 < 1.15,,,20.0,fixed2r,623,0.9631,22.2,0.28,-0.844,-525.9,-524.8,3.63,null
30m,5m,pre_ny,W8,REJECTED,PF 0.37 < 1.15,,,20.0,fixed2r,154,0.2381,25.3,0.37,-0.691,-106.5,-106.2,5.04,null
30m,5m,ny_am,W1,REJECTED,PF 0.89 < 1.15,,,40.0,fixed2r,1695,2.6204,35.0,0.89,-0.085,-143.5,-150.0,14.34,null
30m,5m,ny_am,W1+W11,REJECTED,PF 0.95 < 1.15,,,40.0,fixed2r,732,1.1316,36.2,0.95,-0.037,-27.1,-37.6,15.29,null
30m,5m,ny_am,W2,REJECTED,PF 0.73 < 1.15,,,40.0,fixed2r,2008,3.1042,32.0,0.73,-0.213,-428.5,-439.2,11.34,null
30m,5m,ny_am,W3,REJECTED,PF 0.41 < 1.15,,,40.0,fixed2r,11,0.017,27.3,0.41,-0.649,-7.1,-7.3,4.11,null
30m,5m,ny_am,W3+W11,REJECTED,PF 0.30 < 1.15,,,20.0,fixed2r,213,0.3293,20.7,0.3,-0.796,-169.5,-173.2,4.45,null
30m,5m,ny_am,W4,REJECTED,PF 0.38 < 1.15,,,20.0,fixed2r,135,0.2087,24.4,0.38,-0.646,-87.2,-87.6,4.8,null
30m,5m,ny_am,W5,REJECTED,PF 0.87 < 1.15,,,40.0,target_or_2r,2388,3.6917,38.5,0.87,-0.094,-225.0,-225.6,16.23,null
30m,5m,ny_am,W6,REJECTED,PF 1.11 < 1.15,,,40.0,fixed2r,11,0.017,45.5,1.11,0.055,0.6,-4.1,38.42,null
30m,5m,ny_am,W7,REJECTED,PF 0.30 < 1.15,,,40.0,fixed2r,645,0.9971,21.1,0.3,-0.772,-498.0,-497.2,5.22,null
30m,5m,ny_am,W8,REJECTED,PF 0.50 < 1.15,,,40.0,fixed2r,226,0.3494,29.2,0.5,-0.474,-107.2,-107.6,7.28,null
30m,5m,24h-control,W1,REJECTED,PF 0.83 < 1.15,,,40.0,fixed2r,6635,10.2573,34.5,0.83,-0.126,-833.7,-841.1,12.58,null
30m,5m,24h-control,W1+W11,REJECTED,PF 0.88 < 1.15,,,40.0,fixed2r,1426,2.2045,35.2,0.88,-0.092,-130.8,-130.9,12.8,null
30m,5m,24h-control,W2,REJECTED,PF 0.67 < 1.15,,,20.0,fixed2r,17017,26.3072,32.2,0.67,-0.281,-4788.8,-4808.5,7.22,null
30m,5m,24h-control,W3,REJECTED,PF 0.27 < 1.15,,,20.0,fixed2r,715,1.1053,20.1,0.27,-0.852,-608.9,-609.2,4.27,null
30m,5m,24h-control,W3+W11,REJECTED,PF 0.27 < 1.15,,,20.0,fixed2r,395,0.6106,20.8,0.27,-0.845,-333.9,-332.3,4.35,null
30m,5m,24h-control,W4,REJECTED,PF 0.36 < 1.15,,,40.0,fixed2r,55,0.085,23.6,0.36,-0.702,-38.6,-37.2,6.7,null
30m,5m,24h-control,W5,REJECTED,PF 0.79 < 1.15,,,40.0,target_or_2r,9630,14.8874,35.9,0.79,-0.163,-1571.0,-1588.2,11.42,null
30m,5m,24h-control,W6,REJECTED,PF 0.79 < 1.15,,,20.0,fixed2r,165,0.2551,29.1,0.79,-0.142,-23.5,-42.4,16.03,null
30m,5m,24h-control,W7,REJECTED,PF 0.26 < 1.15,,,40.0,fixed2r,1864,2.8816,21.3,0.26,-0.876,-1632.6,-1633.4,3.56,null
30m,5m,24h-control,W8,REJECTED,PF 0.39 < 1.15,,,40.0,fixed2r,709,1.0961,25.4,0.39,-0.648,-459.3,-460.5,5.49,null
1h,5m,asia,W1,REJECTED,PF 0.99 < 1.15,,,40.0,fixed2r,545,0.8425,38.7,0.99,-0.004,-2.3,-45.6,11.35,null
1h,5m,asia,W1+W11,REJECTED,PF 0.97 < 1.15,,,40.0,fixed2r,91,0.1407,37.4,0.97,-0.025,-2.3,-18.6,12.31,null
1h,5m,asia,W2,REJECTED,PF 0.69 < 1.15,,,20.0,fixed2r,1353,2.0917,33.7,0.69,-0.264,-357.2,-358.0,5.87,null
1h,5m,asia,W3,REJECTED,n<10 trades (all variants),,,,,0,0.0,,,,,,,
1h,5m,asia,W3+W11,REJECTED,n<10 trades (all variants),,,,,0,0.0,,,,,,,
1h,5m,asia,W4,REJECTED,n<10 trades (all variants),,,,,0,0.0,,,,,,,
1h,5m,asia,W5,REJECTED,PF 0.77 < 1.15,,,20.0,target_or_2r,1677,2.5925,34.9,0.77,-0.181,-303.6,-306.6,8.5,null
1h,5m,asia,W6,REJECTED,n<10 trades (all variants),,,,,0,0.0,,,,,,,
1h,5m,asia,W7,REJECTED,PF 0.26 < 1.15,,,40.0,fixed2r,119,0.184,27.7,0.26,-0.969,-115.3,-118.1,2.09,null
1h,5m,asia,W8,REJECTED,PF 0.27 < 1.15,,,40.0,fixed2r,102,0.1577,22.5,0.27,-0.954,-97.3,-94.8,3.15,null
1h,5m,london,W1,REJECTED,PF 0.70 < 1.15,,,40.0,fixed2r,397,0.6137,33.0,0.7,-0.253,-100.6,-120.5,7.1,null
1h,5m,london,W1+W11,REJECTED,PF 0.92 < 1.15,,,20.0,fixed2r,228,0.3525,38.6,0.92,-0.059,-13.4,-30.4,7.75,null
1h,5m,london,W2,REJECTED,PF 0.65 < 1.15,,,20.0,fixed2r,887,1.3712,33.9,0.65,-0.303,-269.1,-291.0,4.65,null
1h,5m,london,W3,REJECTED,n<10 trades (all variants),,,,,0,0.0,,,,,,,
1h,5m,london,W3+W11,REJECTED,n<10 trades (all variants),,,,,0,0.0,,,,,,,
1h,5m,london,W4,REJECTED,n<10 trades (all variants),,,,,0,0.0,,,,,,,
1h,5m,london,W5,REJECTED,PF 0.72 < 1.15,,,20.0,target_or_2r,1336,2.0654,34.2,0.72,-0.235,-313.5,-314.5,6.75,null
1h,5m,london,W6,REJECTED,n<10 trades (all variants),,,,,0,0.0,,,,,,,
1h,5m,london,W7,REJECTED,PF 0.21 < 1.15,,,20.0,fixed2r,295,0.4561,22.0,0.21,-0.992,-292.7,-294.8,2.28,null
1h,5m,london,W8,REJECTED,PF 0.37 < 1.15,,,40.0,fixed2r,114,0.1762,28.1,0.37,-0.705,-80.4,-83.7,3.19,null
1h,5m,pre_ny,W1,REJECTED,PF 0.94 < 1.15,,,20.0,fixed2r,564,0.8719,37.6,0.94,-0.045,-25.4,-52.5,11.57,null
1h,5m,pre_ny,W1+W11,REJECTED,tr/wk 0.314 < 0.5,,,20.0,fixed2r,203,0.3138,41.9,1.18,0.118,24.0,-18.1,13.92,null
1h,5m,pre_ny,W2,REJECTED,PF 0.76 < 1.15,,,40.0,fixed2r,194,0.2999,35.6,0.76,-0.193,-37.4,-42.4,7.05,null
1h,5m,pre_ny,W3,REJECTED,PF 0.40 < 1.15,,,20.0,fixed2r,16,0.0247,25.0,0.4,-0.646,-10.3,-12.2,8.96,null
1h,5m,pre_ny,W3+W11,REJECTED,PF 0.16 < 1.15,,,20.0,fixed2r,31,0.0479,9.7,0.16,-1.005,-31.2,-30.0,10.29,null
1h,5m,pre_ny,W4,REJECTED,PF 0.49 < 1.15,,,40.0,fixed2r,13,0.0201,30.8,0.49,-0.55,-7.1,-9.6,3.56,null
1h,5m,pre_ny,W5,REJECTED,PF 0.74 < 1.15,,,20.0,target_or_2r,816,1.2615,36.0,0.74,-0.196,-159.9,-171.5,11.94,null
1h,5m,pre_ny,W6,REJECTED,n<10 trades (all variants),,,,,0,0.0,,,,,,,
1h,5m,pre_ny,W7,REJECTED,PF 0.28 < 1.15,,,20.0,fixed2r,384,0.5936,22.7,0.28,-0.834,-320.3,-324.8,3.8,null
1h,5m,pre_ny,W8,REJECTED,PF 0.32 < 1.15,,,20.0,fixed2r,251,0.388,22.3,0.32,-0.75,-188.1,-191.4,5.9,null
1h,5m,ny_am,W1,REJECTED,PF 0.95 < 1.15,,,40.0,fixed2r,829,1.2816,36.9,0.95,-0.034,-28.2,-63.9,13.08,null
1h,5m,ny_am,W1+W11,REJECTED,PF 0.92 < 1.15,,,20.0,fixed2r,884,1.3666,35.6,0.92,-0.055,-48.9,-92.0,14.6,null
1h,5m,ny_am,W2,REJECTED,PF 0.89 < 1.15,,,40.0,fixed2r,889,1.3743,37.2,0.89,-0.085,-75.2,-126.5,8.3,null
1h,5m,ny_am,W3,REJECTED,PF 0.48 < 1.15,,,20.0,fixed2r,14,0.0216,28.6,0.48,-0.545,-7.6,-9.7,4.22,null
1h,5m,ny_am,W3+W11,REJECTED,PF 0.63 < 1.15,,,20.0,fixed2r,11,0.017,36.4,0.63,-0.374,-4.1,-6.2,4.11,null
1h,5m,ny_am,W4,REJECTED,PF 0.37 < 1.15,,,40.0,fixed2r,24,0.0371,29.2,0.37,-0.669,-16.1,-19.2,3.59,null
1h,5m,ny_am,W5,REJECTED,PF 0.89 < 1.15,,,20.0,target_or_2r,2724,4.2111,39.5,0.89,-0.077,-209.2,-212.3,16.06,null
1h,5m,ny_am,W6,REJECTED,tr/wk 0.020 < 0.5,,,20.0,fixed2r,13,0.0201,46.2,1.15,0.072,0.9,-4.7,38.42,null
1h,5m,ny_am,W7,REJECTED,PF 0.38 < 1.15,,,40.0,fixed2r,308,0.4761,25.6,0.38,-0.662,-204.0,-208.4,4.59,null
1h,5m,ny_am,W8,REJECTED,PF 0.45 < 1.15,,,20.0,fixed2r,245,0.3788,26.5,0.45,-0.541,-132.5,-132.8,7.15,null
1h,5m,24h-control,W1,REJECTED,PF 0.86 < 1.15,,,40.0,fixed2r,4079,6.3059,35.1,0.86,-0.108,-441.3,-443.9,12.14,null
1h,5m,24h-control,W1+W11,REJECTED,PF 0.93 < 1.15,,,40.0,fixed2r,801,1.2383,37.2,0.93,-0.05,-40.0,-102.1,11.6,null
1h,5m,24h-control,W2,REJECTED,PF 0.73 < 1.15,,,40.0,fixed2r,4358,6.7372,34.4,0.73,-0.222,-967.1,-1014.5,6.69,null
1h,5m,24h-control,W3,REJECTED,PF 0.28 < 1.15,,,20.0,fixed2r,36,0.0557,19.4,0.28,-0.811,-29.2,-32.8,5.46,null
1h,5m,24h-control,W3+W11,REJECTED,PF 0.46 < 1.15,,,40.0,fixed2r,27,0.0417,29.6,0.46,-0.6,-16.2,-23.1,3.53,null
1h,5m,24h-control,W4,REJECTED,PF 0.45 < 1.15,,,40.0,fixed2r,54,0.0835,31.5,0.45,-0.561,-30.3,-33.6,3.44,null
1h,5m,24h-control,W5,REJECTED,PF 0.80 < 1.15,,,20.0,target_or_2r,12200,18.8604,36.4,0.8,-0.153,-1870.8,-1891.6,10.86,null
1h,5m,24h-control,W6,REJECTED,PF 0.84 < 1.15,,,20.0,fixed2r,51,0.0788,37.3,0.84,-0.085,-4.3,-17.8,37.71,null
1h,5m,24h-control,W7,REJECTED,PF 0.25 < 1.15,,,20.0,fixed2r,2488,3.8463,21.3,0.25,-0.892,-2218.7,-2222.2,3.25,null
1h,5m,24h-control,W8,REJECTED,PF 0.31 < 1.15,,,20.0,fixed2r,835,1.2909,21.6,0.31,-0.788,-658.0,-658.3,5.1,null
1h,15m,asia,W1,REJECTED,PF 1.05 < 1.15,,,40.0,fixed2r,373,0.5766,38.3,1.05,0.037,13.9,-28.3,16.16,null
1h,15m,asia,W1+W11,REJECTED,PF 0.86 < 1.15,,,40.0,fixed2r,17,0.0263,35.3,0.86,-0.11,-1.9,-6.4,8.41,null
1h,15m,asia,W2,REJECTED,PF 0.76 < 1.15,,,20.0,fixed2r,881,1.362,33.8,0.76,-0.187,-165.0,-165.2,8.91,null
1h,15m,asia,W3,REJECTED,PF 0.48 < 1.15,,,20.0,fixed2r,15,0.0232,26.7,0.48,-0.474,-7.1,-7.4,13.05,null
1h,15m,asia,W3+W11,REJECTED,n<10 trades (all variants),,,,,0,0.0,,,,,,,
1h,15m,asia,W4,REJECTED,PF 0.20 < 1.15,,,20.0,fixed2r,12,0.0186,16.7,0.2,-0.825,-9.9,-9.0,9.95,null
1h,15m,asia,W5,REJECTED,PF 0.86 < 1.15,,,20.0,target_or_2r,1135,1.7546,36.2,0.86,-0.105,-119.5,-133.4,11.12,null
1h,15m,asia,W6,REJECTED,n<10 trades (all variants),,,,,0,0.0,,,,,,,
1h,15m,asia,W7,REJECTED,PF 0.34 < 1.15,,,40.0,fixed2r,59,0.0912,25.4,0.34,-0.774,-45.6,-45.2,4.94,null
1h,15m,asia,W8,REJECTED,PF 0.86 < 1.15,,,20.0,fixed2r,43,0.0665,41.9,0.86,-0.111,-4.8,-15.3,7.38,null
1h,15m,london,W1,REJECTED,PF 0.79 < 1.15,,,40.0,fixed2r,261,0.4035,33.7,0.79,-0.165,-42.9,-72.4,10.6,null
1h,15m,london,W1+W11,REJECTED,PF 0.93 < 1.15,,,40.0,exit3,127,0.1963,35.4,0.93,-0.035,-4.4,-16.8,13.97,null
1h,15m,london,W2,REJECTED,PF 0.71 < 1.15,,,20.0,fixed2r,625,0.9662,33.1,0.71,-0.241,-150.7,-172.0,7.2,null
1h,15m,london,W3,REJECTED,PF 0.68 < 1.15,,,20.0,fixed2r,10,0.0155,30.0,0.68,-0.275,-2.7,-6.3,15.04,null
1h,15m,london,W3+W11,REJECTED,PF 0.23 < 1.15,,,20.0,fixed2r,21,0.0325,14.3,0.23,-0.893,-18.7,-20.1,6.08,null
1h,15m,london,W4,REJECTED,PF 0.58 < 1.15,,,20.0,fixed2r,28,0.0433,32.1,0.58,-0.391,-10.9,-12.5,6.96,null
1h,15m,london,W5,REJECTED,PF 0.79 < 1.15,,,40.0,target_or_2r,393,0.6076,34.6,0.79,-0.161,-63.2,-86.5,9.6,null
1h,15m,london,W6,REJECTED,n<10 trades (all variants),,,,,0,0.0,,,,,,,
1h,15m,london,W7,REJECTED,PF 0.44 < 1.15,,,40.0,fixed2r,105,0.1623,31.4,0.44,-0.601,-63.1,-63.2,3.34,null
1h,15m,london,W8,REJECTED,PF 0.42 < 1.15,,,40.0,fixed2r,31,0.0479,25.8,0.42,-0.595,-18.5,-23.0,4.77,null
1h,15m,pre_ny,W1,REJECTED,PF 0.97 < 1.15,,,20.0,fixed2r,379,0.5859,37.7,0.97,-0.022,-8.5,-49.1,17.41,null
1h,15m,pre_ny,W1+W11,REJECTED,tr/wk 0.247 < 0.5,,,20.0,exit3,160,0.2473,40.6,1.18,0.084,13.5,-10.9,20.25,null
1h,15m,pre_ny,W2,REJECTED,PF 0.58 < 1.15,,,20.0,fixed2r,555,0.858,28.1,0.58,-0.359,-199.1,-205.8,11.4,null
1h,15m,pre_ny,W3,REJECTED,PF 0.60 < 1.15,,,40.0,fixed2r,23,0.0356,30.4,0.6,-0.363,-8.3,-13.8,13.08,null
1h,15m,pre_ny,W3+W11,REJECTED,PF 0.51 < 1.15,,,40.0,fixed2r,15,0.0232,26.7,0.51,-0.502,-7.5,-8.9,9.4,null
1h,15m,pre_ny,W4,REJECTED,PF 0.38 < 1.15,,,20.0,fixed2r,48,0.0742,20.8,0.38,-0.609,-29.2,-30.3,12.84,null
1h,15m,pre_ny,W5,REJECTED,PF 0.79 < 1.15,,,20.0,exit3,588,0.909,34.7,0.79,-0.12,-70.3,-81.0,17.1,null
1h,15m,pre_ny,W6,REJECTED,n<10 trades (all variants),,,,,0,0.0,,,,,,,
1h,15m,pre_ny,W7,REJECTED,PF 0.40 < 1.15,,,40.0,fixed2r,110,0.1701,23.6,0.4,-0.588,-64.7,-65.9,7.12,null
1h,15m,pre_ny,W8,REJECTED,PF 0.32 < 1.15,,,20.0,fixed2r,158,0.2443,19.0,0.32,-0.715,-113.0,-114.4,9.17,null
1h,15m,ny_am,W1,REJECTED,PF 0.97 < 1.15,,,40.0,fixed2r,590,0.9121,35.8,0.97,-0.023,-13.3,-36.0,23.51,null
1h,15m,ny_am,W1+W11,REJECTED,PF 0.99 < 1.15,,,40.0,fixed2r,532,0.8224,36.3,0.99,-0.007,-3.7,-38.2,23.95,null
1h,15m,ny_am,W2,REJECTED,PF 0.86 < 1.15,,,40.0,fixed2r,505,0.7807,35.0,0.86,-0.108,-54.3,-77.1,11.8,null
1h,15m,ny_am,W3,REJECTED,PF 0.36 < 1.15,,,20.0,fixed2r,206,0.3185,22.8,0.36,-0.638,-131.4,-137.7,7.8,null
1h,15m,ny_am,W3+W11,REJECTED,PF 0.37 < 1.15,,,20.0,fixed2r,201,0.3107,22.9,0.37,-0.621,-124.7,-131.1,7.93,null
1h,15m,ny_am,W4,REJECTED,PF 0.39 < 1.15,,,20.0,fixed2r,97,0.15,22.7,0.39,-0.61,-59.2,-57.8,7.4,null
1h,15m,ny_am,W5,REJECTED,PF 0.93 < 1.15,,,20.0,target_or_2r,1663,2.5709,43.9,0.93,-0.041,-68.6,-95.9,21.36,null
1h,15m,ny_am,W6,REJECTED,n<10 trades (all variants),,,,,0,0.0,,,,,,,
1h,15m,ny_am,W7,REJECTED,PF 0.46 < 1.15,,,40.0,fixed2r,293,0.453,28.3,0.46,-0.512,-150.0,-148.5,5.6,null
1h,15m,ny_am,W8,REJECTED,PF 0.34 < 1.15,,,20.0,fixed2r,372,0.5751,20.2,0.34,-0.67,-249.1,-249.7,9.3,null
1h,15m,24h-control,W1,REJECTED,PF 0.92 < 1.15,,,40.0,fixed2r,2689,4.157,35.6,0.92,-0.057,-152.5,-165.8,18.56,null
1h,15m,24h-control,W1+W11,REJECTED,PF 0.99 < 1.15,,,40.0,fixed2r,912,1.4099,36.7,0.99,-0.01,-8.7,-48.5,20.84,null
1h,15m,24h-control,W2,REJECTED,PF 0.70 < 1.15,,,20.0,fixed2r,6121,9.4627,31.9,0.7,-0.243,-1484.7,-1501.7,9.5,null
1h,15m,24h-control,W3,REJECTED,PF 0.58 < 1.15,,,40.0,fixed2r,20,0.0309,35.0,0.58,-0.358,-7.2,-11.0,4.31,null
1h,15m,24h-control,W3+W11,REJECTED,PF 0.45 < 1.15,,,40.0,fixed2r,16,0.0247,31.2,0.45,-0.503,-8.1,-8.8,4.19,null
1h,15m,24h-control,W4,REJECTED,PF 0.32 < 1.15,,,20.0,fixed2r,135,0.2087,18.5,0.32,-0.708,-95.6,-94.2,8.83,null
1h,15m,24h-control,W5,REJECTED,PF 0.82 < 1.15,,,40.0,target_or_2r,3691,5.7061,36.0,0.82,-0.137,-505.6,-512.4,14.54,null
1h,15m,24h-control,W6,REJECTED,PF 0.22 < 1.15,,,20.0,fixed2r,66,0.102,25.8,0.22,-0.48,-31.7,-33.6,39.62,null
1h,15m,24h-control,W7,REJECTED,PF 0.38 < 1.15,,,40.0,fixed2r,808,1.2491,25.2,0.38,-0.647,-522.9,-523.4,5.06,null
1h,15m,24h-control,W8,REJECTED,PF 0.35 < 1.15,,,20.0,fixed2r,572,0.8843,21.5,0.35,-0.668,-381.9,-384.3,8.73,null
4h,5m,asia,W1,REJECTED,PF 0.88 < 1.15,,,40.0,fixed2r,280,0.4329,36.1,0.88,-0.093,-26.0,-35.3,10.46,null
4h,5m,asia,W1+W11,REJECTED,tr/wk 0.079 < 0.5,,,40.0,fixed2r,51,0.0788,45.1,1.34,0.213,10.9,-10.6,12.1,null
4h,5m,asia,W2,REJECTED,PF 0.70 < 1.15,,,20.0,fixed2r,893,1.3805,34.5,0.7,-0.252,-225.0,-241.2,5.67,null
4h,5m,asia,W3,REJECTED,n<10 trades (all variants),,,,,0,0.0,,,,,,,
4h,5m,asia,W3+W11,REJECTED,n<10 trades (all variants),,,,,0,0.0,,,,,,,
4h,5m,asia,W4,REJECTED,n<10 trades (all variants),,,,,0,0.0,,,,,,,
4h,5m,asia,W5,REJECTED,PF 0.74 < 1.15,,,20.0,target_or_2r,939,1.4516,34.6,0.74,-0.208,-195.2,-218.8,7.72,null
4h,5m,asia,W6,REJECTED,n<10 trades (all variants),,,,,0,0.0,,,,,,,
4h,5m,asia,W7,REJECTED,PF 0.31 < 1.15,,,40.0,fixed2r,77,0.119,26.0,0.31,-0.779,-60.0,-61.0,2.71,null
4h,5m,asia,W8,REJECTED,PF 0.21 < 1.15,,,40.0,fixed2r,57,0.0881,17.5,0.21,-0.974,-55.5,-56.2,3.32,null
4h,5m,london,W1,REJECTED,PF 0.89 < 1.15,,,20.0,fixed2r,385,0.5952,36.9,0.89,-0.085,-32.8,-60.6,10.5,null
4h,5m,london,W1+W11,REJECTED,PF 0.92 < 1.15,,,40.0,fixed2r,52,0.0804,34.6,0.92,-0.061,-3.2,-10.1,18.94,null
4h,5m,london,W2,REJECTED,PF 0.62 < 1.15,,,40.0,fixed2r,263,0.4066,33.5,0.62,-0.342,-90.0,-92.7,4.21,null
4h,5m,london,W3,REJECTED,n<10 trades (all variants),,,,,0,0.0,,,,,,,
4h,5m,london,W3+W11,REJECTED,n<10 trades (all variants),,,,,0,0.0,,,,,,,
4h,5m,london,W4,REJECTED,n<10 trades (all variants),,,,,0,0.0,,,,,,,
4h,5m,london,W5,REJECTED,PF 0.69 < 1.15,,,20.0,target_or_2r,866,1.3388,32.8,0.69,-0.259,-224.5,-227.9,8.3,null
4h,5m,london,W6,REJECTED,n<10 trades (all variants),,,,,0,0.0,,,,,,,
4h,5m,london,W7,REJECTED,PF 0.30 < 1.15,,,20.0,fixed2r,159,0.2458,26.4,0.3,-0.866,-137.6,-135.5,2.25,null
4h,5m,london,W8,REJECTED,PF 0.47 < 1.15,,,20.0,fixed2r,50,0.0773,28.0,0.47,-0.517,-25.8,-24.9,5.51,null
4h,5m,pre_ny,W1,REJECTED,PF 0.94 < 1.15,,,20.0,fixed2r,237,0.3664,38.0,0.94,-0.048,-11.3,-32.3,9.92,null
4h,5m,pre_ny,W1+W11,REJECTED,tr/wk 0.113 < 0.5,,,20.0,fixed2r,73,0.1129,45.2,1.36,0.224,16.4,-5.6,14.79,null
4h,5m,pre_ny,W2,REJECTED,PF 0.71 < 1.15,,,20.0,fixed2r,567,0.8765,33.5,0.71,-0.245,-139.0,-151.0,6.9,null
4h,5m,pre_ny,W3,REJECTED,n<10 trades (all variants),,,,,0,0.0,,,,,,,
4h,5m,pre_ny,W3+W11,REJECTED,n<10 trades (all variants),,,,,0,0.0,,,,,,,
4h,5m,pre_ny,W4,REJECTED,n<10 trades (all variants),,,,,0,0.0,,,,,,,
4h,5m,pre_ny,W5,REJECTED,PF 0.75 < 1.15,,,20.0,target_or_2r,536,0.8286,34.3,0.75,-0.198,-106.0,-106.1,10.41,null
4h,5m,pre_ny,W6,REJECTED,n<10 trades (all variants),,,,,0,0.0,,,,,,,
4h,5m,pre_ny,W7,REJECTED,PF 0.26 < 1.15,,,40.0,fixed2r,111,0.1716,19.8,0.26,-0.883,-98.0,-101.1,4.7,null
4h,5m,pre_ny,W8,REJECTED,PF 0.41 < 1.15,,,20.0,fixed2r,96,0.1484,26.0,0.41,-0.621,-59.6,-64.4,6.51,null
4h,5m,ny_am,W1,REJECTED,PF 0.77 < 1.15,,,20.0,fixed2r,833,1.2878,31.5,0.77,-0.18,-149.9,-189.7,16.3,null
4h,5m,ny_am,W1+W11,REJECTED,PF 0.79 < 1.15,,,40.0,fixed2r,204,0.3154,31.4,0.79,-0.158,-32.3,-51.1,20.74,null
4h,5m,ny_am,W2,REJECTED,PF 0.75 < 1.15,,,20.0,fixed2r,1369,2.1164,32.9,0.75,-0.194,-265.2,-288.2,11.05,null
4h,5m,ny_am,W3,REJECTED,n<10 trades (all variants),,,,,0,0.0,,,,,,,
4h,5m,ny_am,W3+W11,REJECTED,n<10 trades (all variants),,,,,0,0.0,,,,,,,
4h,5m,ny_am,W4,REJECTED,PF 0.26 < 1.15,,,20.0,fixed2r,11,0.017,18.2,0.26,-0.757,-8.3,-6.7,15.4,null
4h,5m,ny_am,W5,REJECTED,PF 0.80 < 1.15,,,20.0,target_or_2r,977,1.5104,31.9,0.8,-0.146,-142.6,-149.6,21.9,null
4h,5m,ny_am,W6,REJECTED,n<10 trades (all variants),,,,,0,0.0,,,,,,,
4h,5m,ny_am,W7,REJECTED,PF 0.33 < 1.15,,,20.0,fixed2r,241,0.3726,23.2,0.33,-0.722,-174.0,-171.1,5.54,null
4h,5m,ny_am,W8,REJECTED,PF 0.73 < 1.15,,,40.0,fixed2r,50,0.0773,36.0,0.73,-0.22,-11.0,-15.1,8.97,null
4h,5m,24h-control,W1,REJECTED,PF 0.85 < 1.15,,,20.0,fixed2r,3733,5.771,34.9,0.85,-0.109,-405.7,-420.2,13.66,null
4h,5m,24h-control,W1+W11,REJECTED,PF 0.90 < 1.15,,,40.0,fixed2r,383,0.5921,34.7,0.9,-0.072,-27.8,-60.0,16.62,null
4h,5m,24h-control,W2,REJECTED,PF 0.72 < 1.15,,,20.0,fixed2r,6444,9.962,34.4,0.72,-0.227,-1464.9,-1475.4,6.79,null
4h,5m,24h-control,W3,REJECTED,n<10 trades (all variants),,,,,0,0.0,,,,,,,
4h,5m,24h-control,W3+W11,REJECTED,n<10 trades (all variants),,,,,0,0.0,,,,,,,
4h,5m,24h-control,W4,REJECTED,PF 0.33 < 1.15,,,20.0,fixed2r,14,0.0216,21.4,0.33,-0.663,-9.3,-9.3,4.67,null
4h,5m,24h-control,W5,REJECTED,PF 0.78 < 1.15,,,20.0,target_or_2r,6620,10.2341,34.3,0.78,-0.172,-1135.5,-1152.2,11.3,null
4h,5m,24h-control,W6,REJECTED,n<10 trades (all variants),,,,,0,0.0,,,,,,,
4h,5m,24h-control,W7,REJECTED,PF 0.26 < 1.15,,,40.0,fixed2r,807,1.2476,21.7,0.26,-0.873,-704.8,-710.9,3.55,null
4h,5m,24h-control,W8,REJECTED,PF 0.35 < 1.15,,,40.0,fixed2r,200,0.3092,22.5,0.35,-0.697,-139.5,-141.2,5.8,null
4h,15m,asia,W1,REJECTED,PF 1.05 < 1.15,,,40.0,fixed2r,162,0.2504,38.3,1.05,0.033,5.3,-15.7,16.48,null
4h,15m,asia,W1+W11,REJECTED,n<10 trades (all variants),,,,,0,0.0,,,,,,,
4h,15m,asia,W2,REJECTED,PF 0.80 < 1.15,,,20.0,fixed2r,582,0.8997,35.1,0.8,-0.152,-88.5,-104.7,8.82,null
4h,15m,asia,W3,REJECTED,n<10 trades (all variants),,,,,0,0.0,,,,,,,
4h,15m,asia,W3+W11,REJECTED,n<10 trades (all variants),,,,,0,0.0,,,,,,,
4h,15m,asia,W4,REJECTED,n<10 trades (all variants),,,,,0,0.0,,,,,,,
4h,15m,asia,W5,REJECTED,PF 0.91 < 1.15,,,20.0,target_or_2r,603,0.9322,37.1,0.91,-0.068,-40.8,-70.2,12.38,null
4h,15m,asia,W6,REJECTED,n<10 trades (all variants),,,,,0,0.0,,,,,,,
4h,15m,asia,W7,REJECTED,PF 0.29 < 1.15,,,20.0,fixed2r,35,0.0541,25.7,0.29,-0.716,-25.1,-26.9,4.78,null
4h,15m,asia,W8,REJECTED,PF 0.46 < 1.15,,,40.0,fixed2r,26,0.0402,30.8,0.46,-0.568,-14.8,-17.6,7.55,null
4h,15m,london,W1,REJECTED,PF 0.93 < 1.15,,,20.0,fixed2r,233,0.3602,36.1,0.93,-0.053,-12.2,-35.4,14.03,null
4h,15m,london,W1+W11,REJECTED,PF 0.96 < 1.15,,,20.0,fixed2r,119,0.184,35.3,0.96,-0.031,-3.7,-23.5,24.25,null
4h,15m,london,W2,REJECTED,PF 0.73 < 1.15,,,40.0,fixed2r,163,0.252,34.4,0.73,-0.223,-36.4,-47.0,6.96,null
4h,15m,london,W3,REJECTED,n<10 trades (all variants),,,,,0,0.0,,,,,,,
4h,15m,london,W3+W11,REJECTED,n<10 trades (all variants),,,,,0,0.0,,,,,,,
4h,15m,london,W4,REJECTED,n<10 trades (all variants),,,,,0,0.0,,,,,,,
4h,15m,london,W5,REJECTED,PF 0.75 < 1.15,,,20.0,target_or_2r,588,0.909,32.5,0.75,-0.204,-119.9,-120.4,11.29,null
4h,15m,london,W6,REJECTED,n<10 trades (all variants),,,,,0,0.0,,,,,,,
4h,15m,london,W7,REJECTED,PF 0.40 < 1.15,,,40.0,fixed2r,93,0.1438,29.0,0.4,-0.587,-54.6,-58.0,4.52,null
4h,15m,london,W8,REJECTED,PF 0.49 < 1.15,,,40.0,fixed2r,15,0.0232,26.7,0.49,-0.447,-6.7,-7.4,11.87,null
4h,15m,pre_ny,W1,REJECTED,PF 1.11 < 1.15,,,20.0,exit3,147,0.2273,39.5,1.11,0.052,7.6,-9.1,16.26,null
4h,15m,pre_ny,W1+W11,REJECTED,tr/wk 0.104 < 0.5,,,20.0,fixed2r,67,0.1036,46.3,1.45,0.261,17.5,-7.7,20.98,null
4h,15m,pre_ny,W2,REJECTED,PF 0.68 < 1.15,,,20.0,fixed2r,385,0.5952,30.6,0.68,-0.262,-101.0,-105.6,10.89,null
4h,15m,pre_ny,W3,REJECTED,PF 0.13 < 1.15,,,20.0,fixed2r,12,0.0186,8.3,0.13,-0.936,-11.2,-11.5,22.92,null
4h,15m,pre_ny,W3+W11,REJECTED,n<10 trades (all variants),,,,,0,0.0,,,,,,,
4h,15m,pre_ny,W4,REJECTED,PF 0.44 < 1.15,,,20.0,fixed2r,18,0.0278,22.2,0.44,-0.523,-9.4,-8.3,9.3,null
4h,15m,pre_ny,W5,REJECTED,PF 0.75 < 1.15,,,20.0,target_or_2r,354,0.5473,32.8,0.75,-0.193,-68.2,-73.6,17.89,null
4h,15m,pre_ny,W6,REJECTED,n<10 trades (all variants),,,,,0,0.0,,,,,,,
4h,15m,pre_ny,W7,REJECTED,PF 0.37 < 1.15,,,20.0,fixed2r,66,0.102,22.7,0.37,-0.645,-42.6,-43.5,8.66,null
4h,15m,pre_ny,W8,REJECTED,PF 0.44 < 1.15,,,20.0,fixed2r,66,0.102,24.2,0.44,-0.538,-35.5,-36.9,7.91,null
4h,15m,ny_am,W1,REJECTED,PF 0.88 < 1.15,,,20.0,fixed2r,526,0.8132,33.8,0.88,-0.086,-45.4,-75.4,27.96,null
4h,15m,ny_am,W1+W11,REJECTED,PF 0.92 < 1.15,,,20.0,fixed2r,465,0.7189,34.8,0.92,-0.055,-25.8,-59.1,28.03,null
4h,15m,ny_am,W2,REJECTED,PF 0.84 < 1.15,,,40.0,fixed2r,287,0.4437,34.5,0.84,-0.116,-33.3,-45.6,16.75,null
4h,15m,ny_am,W3,REJECTED,PF 0.28 < 1.15,,,20.0,fixed2r,11,0.017,18.2,0.28,-0.719,-7.9,-9.5,12.6,null
4h,15m,ny_am,W3+W11,REJECTED,PF 0.28 < 1.15,,,20.0,fixed2r,11,0.017,18.2,0.28,-0.719,-7.9,-9.5,12.6,null
4h,15m,ny_am,W4,REJECTED,PF 0.24 < 1.15,,,20.0,fixed2r,29,0.0448,17.2,0.24,-0.819,-23.8,-22.5,7.05,null
4h,15m,ny_am,W5,REJECTED,PF 0.82 < 1.15,,,20.0,target_or_2r,723,1.1177,33.7,0.82,-0.127,-91.9,-102.8,31.84,null
4h,15m,ny_am,W6,REJECTED,n<10 trades (all variants),,,,,0,0.0,,,,,,,
4h,15m,ny_am,W7,REJECTED,PF 0.39 < 1.15,,,40.0,fixed2r,218,0.337,22.9,0.39,-0.597,-130.2,-139.7,8.79,null
4h,15m,ny_am,W8,REJECTED,PF 0.47 < 1.15,,,40.0,fixed2r,45,0.0696,24.4,0.47,-0.461,-20.7,-25.1,14.6,null
4h,15m,24h-control,W1,REJECTED,PF 0.93 < 1.15,,,20.0,fixed2r,2240,3.4629,35.5,0.93,-0.052,-117.2,-146.1,18.59,null
4h,15m,24h-control,W1+W11,REJECTED,PF 0.93 < 1.15,,,20.0,fixed2r,763,1.1795,35.0,0.93,-0.051,-39.2,-84.5,25.5,null
4h,15m,24h-control,W2,REJECTED,PF 0.78 < 1.15,,,20.0,fixed2r,4066,6.2858,33.9,0.78,-0.173,-701.4,-726.1,10.29,null
4h,15m,24h-control,W3,REJECTED,PF 0.18 < 1.15,,,20.0,fixed2r,27,0.0417,11.1,0.18,-0.868,-23.4,-23.6,19.1,null
4h,15m,24h-control,W3+W11,REJECTED,PF 0.23 < 1.15,,,20.0,fixed2r,21,0.0325,14.3,0.23,-0.801,-16.8,-17.0,17.59,null
4h,15m,24h-control,W4,REJECTED,PF 0.31 < 1.15,,,20.0,fixed2r,41,0.0634,19.5,0.31,-0.695,-28.5,-27.2,7.72,null
4h,15m,24h-control,W5,REJECTED,PF 0.82 < 1.15,,,20.0,target_or_2r,4219,6.5223,34.6,0.82,-0.131,-551.8,-561.9,16.48,null
4h,15m,24h-control,W6,REJECTED,n<10 trades (all variants),,,,,0,0.0,,,,,,,
4h,15m,24h-control,W7,REJECTED,PF 0.33 < 1.15,,,40.0,fixed2r,577,0.892,22.0,0.33,-0.683,-394.2,-401.9,6.71,null
4h,15m,24h-control,W8,REJECTED,PF 0.41 < 1.15,,,40.0,fixed2r,121,0.1871,23.1,0.41,-0.565,-68.4,-68.3,12.39,null
