cell,n,tr_wk,wr,pf,expR,totR,maxDD_R,n_long,n_short,slip_0.015R_pf,slip_0.03R_pf,labels,per_year_pf,per_year_n,classifier,trigger,entry,stop,exit,kill_gate_verdict
C1_first30m_trend|T1_first_touch_1030|E1_next_open|ST1_swing|X1_R2,40,0.078,35.0,0.434,-0.5794,-23.176,22.999,17,23,0.425,0.416,-,"{2016: 0.927, 2017: 0.0, 2019: 0.392, 2020: 0.0, 2021: 0.592, 2022: 0.0, 2023: 0.0, 2024: 0.483, 2025: 0.315, 2026: 0.507}","{2016: 4, 2017: 1, 2019: 7, 2020: 2, 2021: 10, 2022: 1, 2023: 1, 2024: 4, 2025: 6, 2026: 4}",C1_first30m_trend,T1_first_touch_1030,E1_next_open,ST1_swing,X1_R2,DEAD
C1_first30m_trend|T1_first_touch_1030|E1_next_open|ST1_swing|X2_trail3.5,40,0.078,17.5,0.576,-0.6337,-25.348,32.523,17,23,0.569,0.563,-,"{2016: 2.049, 2017: 0.0, 2019: 0.344, 2020: 0.0, 2021: 0.245, 2022: 0.0, 2023: 0.0, 2024: 1.085, 2025: 0.599, 2026: 1.034}","{2016: 4, 2017: 1, 2019: 7, 2020: 2, 2021: 10, 2022: 1, 2023: 1, 2024: 4, 2025: 6, 2026: 4}",C1_first30m_trend,T1_first_touch_1030,E1_next_open,ST1_swing,X2_trail3.5,DEAD
C1_first30m_trend|T1_first_touch_1030|E1_next_open|ST1_swing|X3_new_extreme,40,0.078,25.0,0.434,-0.7948,-31.792,31.126,17,23,0.428,0.422,-,"{2016: 0.862, 2017: 0.0, 2019: 0.332, 2020: 0.413, 2021: 0.834, 2022: 0.0, 2023: 0.0, 2024: 0.435, 2025: 0.194, 2026: 0.26}","{2016: 4, 2017: 1, 2019: 7, 2020: 2, 2021: 10, 2022: 1, 2023: 1, 2024: 4, 2025: 6, 2026: 4}",C1_first30m_trend,T1_first_touch_1030,E1_next_open,ST1_swing,X3_new_extreme,DEAD
C1_first30m_trend|T1_first_touch_1030|E1_next_open|ST2_atr1.5|X1_R2,40,0.078,45.0,1.117,0.0718,2.873,6.657,17,23,1.091,1.066,WATCHLIST_ONE_REGIME,"{2016: 1.275, 2017: 0.0, 2019: 0.801, 2020: 0.0, 2021: 4.204, 2022: 0.0, 2023: 0.0, 2024: 0.581, 2025: 1.011, 2026: 1.821}","{2016: 4, 2017: 1, 2019: 7, 2020: 2, 2021: 10, 2022: 1, 2023: 1, 2024: 4, 2025: 6, 2026: 4}",C1_first30m_trend,T1_first_touch_1030,E1_next_open,ST2_atr1.5,X1_R2,DEAD
C1_first30m_trend|T1_first_touch_1030|E1_next_open|ST2_atr1.5|X2_trail3.5,40,0.078,32.5,1.02,0.0128,0.514,8.697,17,23,0.997,0.974,"REJECTED_FILL_MIRAGE,WATCHLIST_ONE_REGIME","{2016: 2.204, 2017: 0.0, 2019: 0.416, 2020: 0.0, 2021: 2.204, 2022: 0.0, 2023: 0.0, 2024: 0.8, 2025: 1.17, 2026: 1.478}","{2016: 4, 2017: 1, 2019: 7, 2020: 2, 2021: 10, 2022: 1, 2023: 1, 2024: 4, 2025: 6, 2026: 4}",C1_first30m_trend,T1_first_touch_1030,E1_next_open,ST2_atr1.5,X2_trail3.5,DEAD
C1_first30m_trend|T1_first_touch_1030|E1_next_open|ST2_atr1.5|X3_new_extreme,40,0.078,45.0,0.718,-0.1738,-6.95,8.122,17,23,0.697,0.677,-,"{2016: 0.761, 2017: 0.0, 2019: 0.299, 2020: 0.927, 2021: 3.07, 2022: 0.0, 2023: 0.0, 2024: 0.306, 2025: 0.66, 2026: 0.653}","{2016: 4, 2017: 1, 2019: 7, 2020: 2, 2021: 10, 2022: 1, 2023: 1, 2024: 4, 2025: 6, 2026: 4}",C1_first30m_trend,T1_first_touch_1030,E1_next_open,ST2_atr1.5,X3_new_extreme,DEAD
C1_first30m_trend|T1_first_touch_1030|E2_break_pullback|ST1_swing|X1_R2,21,0.042,57.1,2.093,0.5148,10.81,2.372,11,10,2.047,2.002,WATCHLIST_ONE_REGIME,"{2016: 2.333, 2019: 0.833, 2020: 0.0, 2021: 18.721, 2024: 1.662, 2025: 0.836, 2026: inf}","{2016: 3, 2019: 5, 2020: 1, 2021: 5, 2024: 2, 2025: 3, 2026: 2}",C1_first30m_trend,T1_first_touch_1030,E2_break_pullback,ST1_swing,X1_R2,"FREEZE+FLAG (PF>1.8, verify before trusting)"
C1_first30m_trend|T1_first_touch_1030|E2_break_pullback|ST1_swing|X2_trail3.5,21,0.042,33.3,1.471,0.3401,7.141,7.689,11,10,1.444,1.418,WATCHLIST_ONE_REGIME,"{2016: 2.963, 2019: 0.57, 2020: 0.0, 2021: 0.474, 2024: 2.82, 2025: 1.105, 2026: inf}","{2016: 3, 2019: 5, 2020: 1, 2021: 5, 2024: 2, 2025: 3, 2026: 2}",C1_first30m_trend,T1_first_touch_1030,E2_break_pullback,ST1_swing,X2_trail3.5,SURVIVOR
C1_first30m_trend|T1_first_touch_1030|E2_break_pullback|ST1_swing|X3_new_extreme,21,0.042,61.9,1.329,0.1503,3.156,3.729,11,10,1.293,1.257,WATCHLIST_ONE_REGIME,"{2016: 1.093, 2019: 0.548, 2020: inf, 2021: inf, 2024: 1.03, 2025: 0.208, 2026: inf}","{2016: 3, 2019: 5, 2020: 1, 2021: 5, 2024: 2, 2025: 3, 2026: 2}",C1_first30m_trend,T1_first_touch_1030,E2_break_pullback,ST1_swing,X3_new_extreme,SURVIVOR
C1_first30m_trend|T1_first_touch_1030|E2_break_pullback|ST2_atr1.5|X1_R2,21,0.042,47.6,1.305,0.1698,3.567,5.039,11,10,1.274,1.244,WATCHLIST_ONE_REGIME,"{2016: 0.558, 2019: 0.358, 2020: 0.0, 2021: 1.978, 2024: 1.7, 2025: inf, 2026: inf}","{2016: 3, 2019: 5, 2020: 1, 2021: 5, 2024: 2, 2025: 3, 2026: 2}",C1_first30m_trend,T1_first_touch_1030,E2_break_pullback,ST2_atr1.5,X1_R2,SURVIVOR
C1_first30m_trend|T1_first_touch_1030|E2_break_pullback|ST2_atr1.5|X2_trail3.5,21,0.042,42.9,1.499,0.2692,5.653,6.75,11,10,1.464,1.43,WATCHLIST_ONE_REGIME,"{2016: 3.229, 2019: 0.271, 2020: 0.0, 2021: 0.653, 2024: 2.028, 2025: inf, 2026: inf}","{2016: 3, 2019: 5, 2020: 1, 2021: 5, 2024: 2, 2025: 3, 2026: 2}",C1_first30m_trend,T1_first_touch_1030,E2_break_pullback,ST2_atr1.5,X2_trail3.5,SURVIVOR
C1_first30m_trend|T1_first_touch_1030|E2_break_pullback|ST2_atr1.5|X3_new_extreme,21,0.042,71.4,1.296,0.1005,2.11,3.748,11,10,1.249,1.203,WATCHLIST_ONE_REGIME,"{2016: 1.015, 2019: 0.253, 2020: inf, 2021: inf, 2024: 0.741, 2025: inf, 2026: inf}","{2016: 3, 2019: 5, 2020: 1, 2021: 5, 2024: 2, 2025: 3, 2026: 2}",C1_first30m_trend,T1_first_touch_1030,E2_break_pullback,ST2_atr1.5,X3_new_extreme,SURVIVOR
C1_first30m_trend|T2_shallow_25_38|E1_next_open|ST1_swing|X1_R2,38,0.074,34.2,0.379,-0.6734,-25.591,27.282,14,24,0.371,0.363,-,"{2016: 1.123, 2017: 0.0, 2018: inf, 2019: 0.329, 2020: 0.0, 2021: 0.559, 2022: 0.0, 2024: 0.441, 2025: 0.185, 2026: 0.551}","{2016: 4, 2017: 1, 2018: 1, 2019: 7, 2020: 2, 2021: 10, 2022: 1, 2024: 4, 2025: 5, 2026: 3}",C1_first30m_trend,T2_shallow_25_38,E1_next_open,ST1_swing,X1_R2,DEAD
C1_first30m_trend|T2_shallow_25_38|E1_next_open|ST1_swing|X2_trail3.5,38,0.074,5.3,2.085,1.732,65.815,52.782,14,24,2.066,2.047,WATCHLIST_ONE_REGIME,"{2016: 2.192, 2017: 0.0, 2018: inf, 2019: 0.0, 2020: 0.0, 2021: 0.0, 2022: 0.0, 2024: 0.0, 2025: 0.0, 2026: 0.0}","{2016: 4, 2017: 1, 2018: 1, 2019: 7, 2020: 2, 2021: 10, 2022: 1, 2024: 4, 2025: 5, 2026: 3}",C1_first30m_trend,T2_shallow_25_38,E1_next_open,ST1_swing,X2_trail3.5,"FREEZE+FLAG (PF>1.8, verify before trusting)"
C1_first30m_trend|T2_shallow_25_38|E1_next_open|ST1_swing|X3_new_extreme,38,0.074,23.7,0.916,-0.1152,-4.377,24.3,14,24,0.905,0.895,-,"{2016: 0.945, 2017: 0.0, 2018: inf, 2019: 0.486, 2020: 0.898, 2021: 0.838, 2022: 0.0, 2024: 0.689, 2025: 0.0, 2026: 0.0}","{2016: 4, 2017: 1, 2018: 1, 2019: 7, 2020: 2, 2021: 10, 2022: 1, 2024: 4, 2025: 5, 2026: 3}",C1_first30m_trend,T2_shallow_25_38,E1_next_open,ST1_swing,X3_new_extreme,DEAD
C1_first30m_trend|T2_shallow_25_38|E1_next_open|ST2_atr1.5|X1_R2,38,0.074,39.5,0.887,-0.076,-2.889,8.291,14,24,0.866,0.846,-,"{2016: 1.251, 2017: 0.0, 2018: inf, 2019: 0.504, 2020: 0.0, 2021: 2.905, 2022: 0.0, 2024: 0.587, 2025: 0.197, 2026: 0.93}","{2016: 4, 2017: 1, 2018: 1, 2019: 7, 2020: 2, 2021: 10, 2022: 1, 2024: 4, 2025: 5, 2026: 3}",C1_first30m_trend,T2_shallow_25_38,E1_next_open,ST2_atr1.5,X1_R2,DEAD
C1_first30m_trend|T2_shallow_25_38|E1_next_open|ST2_atr1.5|X2_trail3.5,38,0.074,28.9,1.05,0.0357,1.357,9.635,14,24,1.029,1.008,WATCHLIST_ONE_REGIME,"{2016: 2.17, 2017: 0.0, 2018: inf, 2019: 0.399, 2020: 0.0, 2021: 1.473, 2022: 0.0, 2024: 0.792, 2025: 0.197, 2026: 0.65}","{2016: 4, 2017: 1, 2018: 1, 2019: 7, 2020: 2, 2021: 10, 2022: 1, 2024: 4, 2025: 5, 2026: 3}",C1_first30m_trend,T2_shallow_25_38,E1_next_open,ST2_atr1.5,X2_trail3.5,DEAD
C1_first30m_trend|T2_shallow_25_38|E1_next_open|ST2_atr1.5|X3_new_extreme,38,0.074,47.4,0.755,-0.1475,-5.606,7.136,14,24,0.734,0.713,-,"{2016: 0.746, 2017: 0.0, 2018: inf, 2019: 0.473, 2020: 0.924, 2021: 1.974, 2022: 0.0, 2024: 0.893, 2025: 0.189, 2026: 0.447}","{2016: 4, 2017: 1, 2018: 1, 2019: 7, 2020: 2, 2021: 10, 2022: 1, 2024: 4, 2025: 5, 2026: 3}",C1_first30m_trend,T2_shallow_25_38,E1_next_open,ST2_atr1.5,X3_new_extreme,DEAD
C1_first30m_trend|T2_shallow_25_38|E2_break_pullback|ST1_swing|X1_R2,24,0.047,37.5,0.739,-0.2093,-5.023,9.588,9,15,0.724,0.709,-,"{2016: 0.992, 2017: 0.0, 2018: inf, 2019: 0.0, 2020: 0.0, 2021: 1.564, 2024: 3.254, 2025: 0.305, 2026: 1.725}","{2016: 4, 2017: 1, 2018: 1, 2019: 5, 2020: 2, 2021: 4, 2024: 3, 2025: 2, 2026: 2}",C1_first30m_trend,T2_shallow_25_38,E2_break_pullback,ST1_swing,X1_R2,DEAD
C1_first30m_trend|T2_shallow_25_38|E2_break_pullback|ST1_swing|X2_trail3.5,24,0.047,20.8,0.934,-0.0636,-1.526,15.078,9,15,0.919,0.905,-,"{2016: 1.803, 2017: 0.0, 2018: inf, 2019: 0.0, 2020: 0.0, 2021: 0.0, 2024: 1.557, 2025: 0.305, 2026: 1.599}","{2016: 4, 2017: 1, 2018: 1, 2019: 5, 2020: 2, 2021: 4, 2024: 3, 2025: 2, 2026: 2}",C1_first30m_trend,T2_shallow_25_38,E2_break_pullback,ST1_swing,X2_trail3.5,DEAD
C1_first30m_trend|T2_shallow_25_38|E2_break_pullback|ST1_swing|X3_new_extreme,24,0.047,50.0,0.662,-0.2215,-5.316,6.185,9,15,0.643,0.625,-,"{2016: 0.465, 2017: 0.0, 2018: inf, 2019: 0.111, 2020: 0.467, 2021: 2.35, 2024: 2.412, 2025: 0.264, 2026: 0.934}","{2016: 4, 2017: 1, 2018: 1, 2019: 5, 2020: 2, 2021: 4, 2024: 3, 2025: 2, 2026: 2}",C1_first30m_trend,T2_shallow_25_38,E2_break_pullback,ST1_swing,X3_new_extreme,DEAD
C1_first30m_trend|T2_shallow_25_38|E2_break_pullback|ST2_atr1.5|X1_R2,24,0.047,29.2,0.581,-0.332,-7.967,8.738,9,15,0.568,0.555,-,"{2016: 0.368, 2017: 0.0, 2018: inf, 2019: 0.384, 2020: 0.0, 2021: 0.743, 2024: 0.877, 2025: 0.237, 2026: 1.866}","{2016: 4, 2017: 1, 2018: 1, 2019: 5, 2020: 2, 2021: 4, 2024: 3, 2025: 2, 2026: 2}",C1_first30m_trend,T2_shallow_25_38,E2_break_pullback,ST2_atr1.5,X1_R2,DEAD
C1_first30m_trend|T2_shallow_25_38|E2_break_pullback|ST2_atr1.5|X2_trail3.5,24,0.047,25.0,0.973,-0.0216,-0.518,11.119,9,15,0.954,0.936,-,"{2016: 1.984, 2017: 0.0, 2018: inf, 2019: 0.208, 2020: 0.0, 2021: 0.0, 2024: 0.999, 2025: 0.237, 2026: 0.996}","{2016: 4, 2017: 1, 2018: 1, 2019: 5, 2020: 2, 2021: 4, 2024: 3, 2025: 2, 2026: 2}",C1_first30m_trend,T2_shallow_25_38,E2_break_pullback,ST2_atr1.5,X2_trail3.5,DEAD
C1_first30m_trend|T2_shallow_25_38|E2_break_pullback|ST2_atr1.5|X3_new_extreme,24,0.047,54.2,0.619,-0.201,-4.825,4.161,9,15,0.596,0.574,-,"{2016: 0.467, 2017: 0.0, 2018: inf, 2019: 0.401, 2020: 0.616, 2021: 1.392, 2024: 1.299, 2025: 0.205, 2026: 0.582}","{2016: 4, 2017: 1, 2018: 1, 2019: 5, 2020: 2, 2021: 4, 2024: 3, 2025: 2, 2026: 2}",C1_first30m_trend,T2_shallow_25_38,E2_break_pullback,ST2_atr1.5,X3_new_extreme,DEAD
C1_first30m_trend|T3_medium_50_618|E1_next_open|ST1_swing|X1_R2,25,0.049,32.0,0.287,-0.8837,-22.092,23.061,10,15,0.281,0.275,-,"{2016: 0.13, 2017: inf, 2019: 1.089, 2020: 0.0, 2021: 0.514, 2022: 0.0, 2023: 0.0, 2024: 0.0, 2025: 0.359, 2026: 0.0}","{2016: 2, 2017: 1, 2019: 3, 2020: 2, 2021: 6, 2022: 1, 2023: 1, 2024: 3, 2025: 4, 2026: 2}",C1_first30m_trend,T3_medium_50_618,E1_next_open,ST1_swing,X1_R2,DEAD
C1_first30m_trend|T3_medium_50_618|E1_next_open|ST1_swing|X2_trail3.5,25,0.049,8.0,0.075,-1.6036,-40.09,36.674,10,15,0.074,0.073,-,"{2016: 0.0, 2017: 0.0, 2019: 0.369, 2020: 0.0, 2021: 0.158, 2022: 0.0, 2023: 0.0, 2024: 0.0, 2025: 0.0, 2026: 0.0}","{2016: 2, 2017: 1, 2019: 3, 2020: 2, 2021: 6, 2022: 1, 2023: 1, 2024: 3, 2025: 4, 2026: 2}",C1_first30m_trend,T3_medium_50_618,E1_next_open,ST1_swing,X2_trail3.5,DEAD
C1_first30m_trend|T3_medium_50_618|E1_next_open|ST1_swing|X3_new_extreme,25,0.049,8.0,0.226,-1.3421,-33.552,30.136,10,15,0.223,0.221,-,"{2016: 0.0, 2017: 0.0, 2019: 0.369, 2020: 0.0, 2021: 0.812, 2022: 0.0, 2023: 0.0, 2024: 0.0, 2025: 0.0, 2026: 0.0}","{2016: 2, 2017: 1, 2019: 3, 2020: 2, 2021: 6, 2022: 1, 2023: 1, 2024: 3, 2025: 4, 2026: 2}",C1_first30m_trend,T3_medium_50_618,E1_next_open,ST1_swing,X3_new_extreme,DEAD
C1_first30m_trend|T3_medium_50_618|E1_next_open|ST2_atr1.5|X1_R2,25,0.049,28.0,0.481,-0.4183,-10.458,11.112,10,15,0.47,0.459,-,"{2016: 0.0, 2017: 0.0, 2019: 0.715, 2020: 0.0, 2021: 1.147, 2022: 0.0, 2023: 0.0, 2024: 0.425, 2025: 0.319, 2026: 1.82}","{2016: 2, 2017: 1, 2019: 3, 2020: 2, 2021: 6, 2022: 1, 2023: 1, 2024: 3, 2025: 4, 2026: 2}",C1_first30m_trend,T3_medium_50_618,E1_next_open,ST2_atr1.5,X1_R2,DEAD
C1_first30m_trend|T3_medium_50_618|E1_next_open|ST2_atr1.5|X2_trail3.5,25,0.049,28.0,0.664,-0.2634,-6.585,8.413,10,15,0.65,0.636,-,"{2016: 0.0, 2017: 0.0, 2019: 0.591, 2020: 0.0, 2021: 2.122, 2022: 0.0, 2023: 0.0, 2024: 0.425, 2025: 0.321, 2026: 2.919}","{2016: 2, 2017: 1, 2019: 3, 2020: 2, 2021: 6, 2022: 1, 2023: 1, 2024: 3, 2025: 4, 2026: 2}",C1_first30m_trend,T3_medium_50_618,E1_next_open,ST2_atr1.5,X2_trail3.5,DEAD
C1_first30m_trend|T3_medium_50_618|E1_next_open|ST2_atr1.5|X3_new_extreme,25,0.049,28.0,0.546,-0.3663,-9.158,9.509,10,15,0.533,0.521,-,"{2016: 0.0, 2017: 0.0, 2019: 0.591, 2020: 0.0, 2021: 1.698, 2022: 0.0, 2023: 0.0, 2024: 0.425, 2025: 0.319, 2026: 1.535}","{2016: 2, 2017: 1, 2019: 3, 2020: 2, 2021: 6, 2022: 1, 2023: 1, 2024: 3, 2025: 4, 2026: 2}",C1_first30m_trend,T3_medium_50_618,E1_next_open,ST2_atr1.5,X3_new_extreme,DEAD
C1_first30m_trend|T3_medium_50_618|E2_break_pullback|ST1_swing|X1_R2,14,0.03,14.3,0.144,-0.8143,-11.4,10.043,5,9,0.14,0.136,-,"{2017: 0.0, 2019: 0.0, 2020: 0.0, 2021: 0.481, 2022: 0.0, 2024: 0.0, 2025: 0.026, 2026: 0.0}","{2017: 1, 2019: 1, 2020: 1, 2021: 5, 2022: 1, 2024: 1, 2025: 3, 2026: 1}",C1_first30m_trend,T3_medium_50_618,E2_break_pullback,ST1_swing,X1_R2,DEAD
C1_first30m_trend|T3_medium_50_618|E2_break_pullback|ST1_swing|X2_trail3.5,14,0.03,7.1,0.004,-0.9979,-13.971,12.614,5,9,0.003,0.002,-,"{2017: 0.0, 2019: 0.0, 2020: 0.0, 2021: 0.0, 2022: 0.0, 2024: 0.0, 2025: 0.026, 2026: 0.0}","{2017: 1, 2019: 1, 2020: 1, 2021: 5, 2022: 1, 2024: 1, 2025: 3, 2026: 1}",C1_first30m_trend,T3_medium_50_618,E2_break_pullback,ST1_swing,X2_trail3.5,DEAD
C1_first30m_trend|T3_medium_50_618|E2_break_pullback|ST1_swing|X3_new_extreme,14,0.03,21.4,0.238,-0.7034,-9.847,8.49,5,9,0.232,0.226,-,"{2017: 0.0, 2019: 0.0, 2020: 0.0, 2021: 0.867, 2022: 0.0, 2024: 0.0, 2025: 0.026, 2026: 0.0}","{2017: 1, 2019: 1, 2020: 1, 2021: 5, 2022: 1, 2024: 1, 2025: 3, 2026: 1}",C1_first30m_trend,T3_medium_50_618,E2_break_pullback,ST1_swing,X3_new_extreme,DEAD
C1_first30m_trend|T3_medium_50_618|E2_break_pullback|ST2_atr1.5|X1_R2,14,0.03,14.3,0.154,-0.7789,-10.904,9.617,5,9,0.15,0.145,-,"{2017: 0.0, 2019: 0.0, 2020: 0.0, 2021: 0.511, 2022: 0.0, 2024: 0.0, 2025: 0.028, 2026: 0.0}","{2017: 1, 2019: 1, 2020: 1, 2021: 5, 2022: 1, 2024: 1, 2025: 3, 2026: 1}",C1_first30m_trend,T3_medium_50_618,E2_break_pullback,ST2_atr1.5,X1_R2,DEAD
C1_first30m_trend|T3_medium_50_618|E2_break_pullback|ST2_atr1.5|X2_trail3.5,14,0.03,7.1,0.005,-0.9451,-13.231,11.944,5,9,0.003,0.002,-,"{2017: 0.0, 2019: 0.0, 2020: 0.0, 2021: 0.0, 2022: 0.0, 2024: 0.0, 2025: 0.028, 2026: 0.0}","{2017: 1, 2019: 1, 2020: 1, 2021: 5, 2022: 1, 2024: 1, 2025: 3, 2026: 1}",C1_first30m_trend,T3_medium_50_618,E2_break_pullback,ST2_atr1.5,X2_trail3.5,DEAD
C1_first30m_trend|T3_medium_50_618|E2_break_pullback|ST2_atr1.5|X3_new_extreme,14,0.03,21.4,0.152,-0.7647,-10.705,9.418,5,9,0.146,0.141,-,"{2017: 0.0, 2019: 0.0, 2020: 0.0, 2021: 0.531, 2022: 0.0, 2024: 0.0, 2025: 0.028, 2026: 0.0}","{2017: 1, 2019: 1, 2020: 1, 2021: 5, 2022: 1, 2024: 1, 2025: 3, 2026: 1}",C1_first30m_trend,T3_medium_50_618,E2_break_pullback,ST2_atr1.5,X3_new_extreme,DEAD
C2_vwap_slope_steep|T1_first_touch_1030|E1_next_open|ST1_swing|X1_R2,480,0.894,31.7,0.38,-0.7002,-336.08,340.059,197,283,0.372,0.365,-,"{2016: 0.132, 2017: 0.152, 2018: 0.609, 2019: 0.441, 2020: 0.381, 2021: 0.257, 2022: 0.536, 2023: 0.369, 2024: 0.385, 2025: 0.498, 2026: 0.825}","{2016: 32, 2017: 45, 2018: 63, 2019: 36, 2020: 52, 2021: 49, 2022: 55, 2023: 34, 2024: 49, 2025: 47, 2026: 18}",C2_vwap_slope_steep,T1_first_touch_1030,E1_next_open,ST1_swing,X1_R2,DEAD
C2_vwap_slope_steep|T1_first_touch_1030|E1_next_open|ST1_swing|X2_trail3.5,480,0.894,13.1,0.601,-0.6006,-288.29,292.113,197,283,0.595,0.588,-,"{2016: 0.285, 2017: 0.595, 2018: 0.855, 2019: 1.006, 2020: 0.688, 2021: 0.163, 2022: 0.976, 2023: 0.341, 2024: 0.527, 2025: 0.426, 2026: 0.851}","{2016: 32, 2017: 45, 2018: 63, 2019: 36, 2020: 52, 2021: 49, 2022: 55, 2023: 34, 2024: 49, 2025: 47, 2026: 18}",C2_vwap_slope_steep,T1_first_touch_1030,E1_next_open,ST1_swing,X2_trail3.5,DEAD
C2_vwap_slope_steep|T1_first_touch_1030|E1_next_open|ST1_swing|X3_new_extreme,480,0.894,15.8,0.446,-0.8167,-391.995,401.099,197,283,0.441,0.436,-,"{2016: 0.327, 2017: 0.354, 2018: 0.207, 2019: 1.06, 2020: 0.515, 2021: 0.154, 2022: 0.525, 2023: 0.258, 2024: 0.75, 2025: 0.355, 2026: 1.06}","{2016: 32, 2017: 45, 2018: 63, 2019: 36, 2020: 52, 2021: 49, 2022: 55, 2023: 34, 2024: 49, 2025: 47, 2026: 18}",C2_vwap_slope_steep,T1_first_touch_1030,E1_next_open,ST1_swing,X3_new_extreme,DEAD
C2_vwap_slope_steep|T1_first_touch_1030|E1_next_open|ST2_atr1.5|X1_R2,481,0.895,32.4,0.7,-0.2265,-108.941,110.781,198,283,0.684,0.669,-,"{2016: 0.634, 2017: 0.427, 2018: 0.705, 2019: 0.676, 2020: 0.789, 2021: 0.837, 2022: 0.925, 2023: 0.856, 2024: 0.517, 2025: 0.628, 2026: 1.021}","{2016: 32, 2017: 46, 2018: 63, 2019: 36, 2020: 52, 2021: 49, 2022: 55, 2023: 34, 2024: 49, 2025: 47, 2026: 18}",C2_vwap_slope_steep,T1_first_touch_1030,E1_next_open,ST2_atr1.5,X1_R2,DEAD
C2_vwap_slope_steep|T1_first_touch_1030|E1_next_open|ST2_atr1.5|X2_trail3.5,481,0.895,29.1,0.833,-0.1247,-60.0,67.372,198,283,0.815,0.798,-,"{2016: 0.701, 2017: 0.78, 2018: 1.01, 2019: 0.995, 2020: 0.925, 2021: 0.825, 2022: 1.435, 2023: 1.052, 2024: 0.149, 2025: 0.546, 2026: 0.724}","{2016: 32, 2017: 46, 2018: 63, 2019: 36, 2020: 52, 2021: 49, 2022: 55, 2023: 34, 2024: 49, 2025: 47, 2026: 18}",C2_vwap_slope_steep,T1_first_touch_1030,E1_next_open,ST2_atr1.5,X2_trail3.5,DEAD
C2_vwap_slope_steep|T1_first_touch_1030|E1_next_open|ST2_atr1.5|X3_new_extreme,481,0.895,36.4,0.674,-0.2327,-111.918,110.806,198,283,0.657,0.641,-,"{2016: 0.701, 2017: 0.498, 2018: 0.474, 2019: 0.71, 2020: 0.757, 2021: 0.838, 2022: 0.885, 2023: 0.776, 2024: 0.608, 2025: 0.676, 2026: 0.657}","{2016: 32, 2017: 46, 2018: 63, 2019: 36, 2020: 52, 2021: 49, 2022: 55, 2023: 34, 2024: 49, 2025: 47, 2026: 18}",C2_vwap_slope_steep,T1_first_touch_1030,E1_next_open,ST2_atr1.5,X3_new_extreme,DEAD
C2_vwap_slope_steep|T1_first_touch_1030|E2_break_pullback|ST1_swing|X1_R2,268,0.499,35.1,0.771,-0.1776,-47.589,55.344,112,156,0.755,0.739,-,"{2016: 0.437, 2017: 0.762, 2018: 0.477, 2019: 0.857, 2020: 1.026, 2021: 1.17, 2022: 0.753, 2023: 1.06, 2024: 0.599, 2025: 0.589, 2026: 2.934}","{2016: 22, 2017: 21, 2018: 34, 2019: 23, 2020: 30, 2021: 21, 2022: 24, 2023: 20, 2024: 33, 2025: 29, 2026: 11}",C2_vwap_slope_steep,T1_first_touch_1030,E2_break_pullback,ST1_swing,X1_R2,DEAD
C2_vwap_slope_steep|T1_first_touch_1030|E2_break_pullback|ST1_swing|X2_trail3.5,268,0.499,25.7,0.918,-0.0705,-18.883,49.804,112,156,0.902,0.886,-,"{2016: 0.577, 2017: 1.954, 2018: 1.197, 2019: 1.247, 2020: 0.879, 2021: 0.487, 2022: 1.878, 2023: 0.769, 2024: 0.115, 2025: 0.539, 2026: 1.223}","{2016: 22, 2017: 21, 2018: 34, 2019: 23, 2020: 30, 2021: 21, 2022: 24, 2023: 20, 2024: 33, 2025: 29, 2026: 11}",C2_vwap_slope_steep,T1_first_touch_1030,E2_break_pullback,ST1_swing,X2_trail3.5,DEAD
C2_vwap_slope_steep|T1_first_touch_1030|E2_break_pullback|ST1_swing|X3_new_extreme,268,0.499,35.8,0.562,-0.3373,-90.399,93.128,112,156,0.548,0.535,-,"{2016: 0.338, 2017: 0.718, 2018: 0.275, 2019: 0.868, 2020: 0.621, 2021: 0.576, 2022: 0.839, 2023: 0.53, 2024: 0.413, 2025: 0.53, 2026: 1.295}","{2016: 22, 2017: 21, 2018: 34, 2019: 23, 2020: 30, 2021: 21, 2022: 24, 2023: 20, 2024: 33, 2025: 29, 2026: 11}",C2_vwap_slope_steep,T1_first_touch_1030,E2_break_pullback,ST1_swing,X3_new_extreme,DEAD
C2_vwap_slope_steep|T1_first_touch_1030|E2_break_pullback|ST2_atr1.5|X1_R2,268,0.499,32.1,0.704,-0.2266,-60.717,60.086,112,156,0.689,0.674,-,"{2016: 0.369, 2017: 0.822, 2018: 0.822, 2019: 0.655, 2020: 1.11, 2021: 0.663, 2022: 1.381, 2023: 1.043, 2024: 0.295, 2025: 0.46, 2026: 0.697}","{2016: 22, 2017: 21, 2018: 34, 2019: 23, 2020: 30, 2021: 21, 2022: 24, 2023: 20, 2024: 33, 2025: 29, 2026: 11}",C2_vwap_slope_steep,T1_first_touch_1030,E2_break_pullback,ST2_atr1.5,X1_R2,DEAD
C2_vwap_slope_steep|T1_first_touch_1030|E2_break_pullback|ST2_atr1.5|X2_trail3.5,268,0.499,29.5,0.841,-0.1199,-32.14,47.849,112,156,0.824,0.807,-,"{2016: 0.607, 2017: 1.559, 2018: 1.179, 2019: 1.005, 2020: 0.985, 2021: 0.591, 2022: 1.808, 2023: 1.047, 2024: 0.108, 2025: 0.385, 2026: 0.469}","{2016: 22, 2017: 21, 2018: 34, 2019: 23, 2020: 30, 2021: 21, 2022: 24, 2023: 20, 2024: 33, 2025: 29, 2026: 11}",C2_vwap_slope_steep,T1_first_touch_1030,E2_break_pullback,ST2_atr1.5,X2_trail3.5,DEAD
C2_vwap_slope_steep|T1_first_touch_1030|E2_break_pullback|ST2_atr1.5|X3_new_extreme,268,0.499,41.4,0.576,-0.2842,-76.168,75.637,112,156,0.559,0.543,-,"{2016: 0.293, 2017: 0.645, 2018: 0.362, 2019: 0.658, 2020: 0.819, 2021: 0.704, 2022: 0.915, 2023: 0.72, 2024: 0.488, 2025: 0.513, 2026: 0.583}","{2016: 22, 2017: 21, 2018: 34, 2019: 23, 2020: 30, 2021: 21, 2022: 24, 2023: 20, 2024: 33, 2025: 29, 2026: 11}",C2_vwap_slope_steep,T1_first_touch_1030,E2_break_pullback,ST2_atr1.5,X3_new_extreme,DEAD
C2_vwap_slope_steep|T2_shallow_25_38|E1_next_open|ST1_swing|X1_R2,493,0.919,33.1,0.408,-0.6457,-318.347,315.386,211,282,0.4,0.392,-,"{2016: 0.137, 2017: 0.37, 2018: 0.297, 2019: 0.428, 2020: 0.574, 2021: 0.307, 2022: 0.513, 2023: 0.508, 2024: 0.485, 2025: 0.671, 2026: 0.172}","{2016: 32, 2017: 45, 2018: 62, 2019: 35, 2020: 55, 2021: 48, 2022: 57, 2023: 37, 2024: 57, 2025: 47, 2026: 18}",C2_vwap_slope_steep,T2_shallow_25_38,E1_next_open,ST1_swing,X1_R2,DEAD
C2_vwap_slope_steep|T2_shallow_25_38|E1_next_open|ST1_swing|X2_trail3.5,493,0.919,12.6,0.967,-0.0491,-24.201,153.128,211,282,0.958,0.949,-,"{2016: 0.376, 2017: 0.375, 2018: 1.781, 2019: 2.603, 2020: 0.408, 2021: 0.163, 2022: 1.429, 2023: 1.768, 2024: 1.026, 2025: 0.331, 2026: 0.0}","{2016: 32, 2017: 45, 2018: 62, 2019: 35, 2020: 55, 2021: 48, 2022: 57, 2023: 37, 2024: 57, 2025: 47, 2026: 18}",C2_vwap_slope_steep,T2_shallow_25_38,E1_next_open,ST1_swing,X2_trail3.5,DEAD
C2_vwap_slope_steep|T2_shallow_25_38|E1_next_open|ST1_swing|X3_new_extreme,493,0.919,27.0,0.746,-0.3281,-161.744,160.13,211,282,0.737,0.728,-,"{2016: 0.261, 2017: 0.509, 2018: 0.862, 2019: 1.409, 2020: 0.801, 2021: 0.878, 2022: 0.499, 2023: 1.253, 2024: 0.987, 2025: 0.487, 2026: 0.153}","{2016: 32, 2017: 45, 2018: 62, 2019: 35, 2020: 55, 2021: 48, 2022: 57, 2023: 37, 2024: 57, 2025: 47, 2026: 18}",C2_vwap_slope_steep,T2_shallow_25_38,E1_next_open,ST1_swing,X3_new_extreme,DEAD
C2_vwap_slope_steep|T2_shallow_25_38|E1_next_open|ST2_atr1.5|X1_R2,497,0.926,38.0,0.949,-0.0348,-17.271,24.825,213,284,0.928,0.908,-,"{2016: 0.64, 2017: 0.658, 2018: 1.301, 2019: 1.077, 2020: 1.067, 2021: 1.006, 2022: 0.975, 2023: 0.953, 2024: 0.955, 2025: 0.915, 2026: 0.579}","{2016: 32, 2017: 45, 2018: 63, 2019: 36, 2020: 55, 2021: 48, 2022: 58, 2023: 37, 2024: 57, 2025: 48, 2026: 18}",C2_vwap_slope_steep,T2_shallow_25_38,E1_next_open,ST2_atr1.5,X1_R2,DEAD
C2_vwap_slope_steep|T2_shallow_25_38|E1_next_open|ST2_atr1.5|X2_trail3.5,497,0.926,33.2,1.063,0.0435,21.624,28.287,213,284,1.041,1.019,WATCHLIST_ONE_REGIME,"{2016: 0.779, 2017: 0.723, 2018: 1.738, 2019: 0.886, 2020: 1.35, 2021: 0.688, 2022: 1.448, 2023: 1.157, 2024: 1.074, 2025: 0.712, 2026: 0.393}","{2016: 32, 2017: 45, 2018: 63, 2019: 36, 2020: 55, 2021: 48, 2022: 58, 2023: 37, 2024: 57, 2025: 48, 2026: 18}",C2_vwap_slope_steep,T2_shallow_25_38,E1_next_open,ST2_atr1.5,X2_trail3.5,DEAD
C2_vwap_slope_steep|T2_shallow_25_38|E1_next_open|ST2_atr1.5|X3_new_extreme,497,0.926,55.9,0.859,-0.0705,-35.017,38.668,213,284,0.831,0.804,-,"{2016: 0.633, 2017: 0.474, 2018: 1.156, 2019: 0.793, 2020: 0.99, 2021: 0.897, 2022: 0.718, 2023: 1.058, 2024: 1.045, 2025: 0.829, 2026: 1.029}","{2016: 32, 2017: 45, 2018: 63, 2019: 36, 2020: 55, 2021: 48, 2022: 58, 2023: 37, 2024: 57, 2025: 48, 2026: 18}",C2_vwap_slope_steep,T2_shallow_25_38,E1_next_open,ST2_atr1.5,X3_new_extreme,DEAD
C2_vwap_slope_steep|T2_shallow_25_38|E2_break_pullback|ST1_swing|X1_R2,341,0.635,33.1,0.738,-0.2072,-70.671,69.465,146,195,0.723,0.708,-,"{2016: 0.394, 2017: 0.756, 2018: 0.802, 2019: 0.813, 2020: 0.788, 2021: 0.466, 2022: 0.835, 2023: 1.176, 2024: 0.821, 2025: 0.767, 2026: 0.184}","{2016: 20, 2017: 36, 2018: 45, 2019: 22, 2020: 41, 2021: 31, 2022: 37, 2023: 28, 2024: 39, 2025: 32, 2026: 10}",C2_vwap_slope_steep,T2_shallow_25_38,E2_break_pullback,ST1_swing,X1_R2,DEAD
C2_vwap_slope_steep|T2_shallow_25_38|E2_break_pullback|ST1_swing|X2_trail3.5,341,0.635,24.0,0.884,-0.1008,-34.389,48.741,146,195,0.868,0.853,-,"{2016: 0.833, 2017: 0.932, 2018: 1.37, 2019: 0.951, 2020: 1.081, 2021: 0.123, 2022: 1.463, 2023: 1.445, 2024: 0.64, 2025: 0.356, 2026: 0.0}","{2016: 20, 2017: 36, 2018: 45, 2019: 22, 2020: 41, 2021: 31, 2022: 37, 2023: 28, 2024: 39, 2025: 32, 2026: 10}",C2_vwap_slope_steep,T2_shallow_25_38,E2_break_pullback,ST1_swing,X2_trail3.5,DEAD
C2_vwap_slope_steep|T2_shallow_25_38|E2_break_pullback|ST1_swing|X3_new_extreme,341,0.635,48.7,0.641,-0.1777,-60.595,65.538,146,195,0.617,0.593,-,"{2016: 0.327, 2017: 0.361, 2018: 0.512, 2019: 0.761, 2020: 0.692, 2021: 0.645, 2022: 0.709, 2023: 0.859, 2024: 0.732, 2025: 0.823, 2026: 1.704}","{2016: 20, 2017: 36, 2018: 45, 2019: 22, 2020: 41, 2021: 31, 2022: 37, 2023: 28, 2024: 39, 2025: 32, 2026: 10}",C2_vwap_slope_steep,T2_shallow_25_38,E2_break_pullback,ST1_swing,X3_new_extreme,DEAD
C2_vwap_slope_steep|T2_shallow_25_38|E2_break_pullback|ST2_atr1.5|X1_R2,341,0.635,36.1,0.895,-0.0733,-24.99,35.477,146,195,0.875,0.856,-,"{2016: 0.732, 2017: 0.908, 2018: 1.399, 2019: 1.122, 2020: 0.755, 2021: 0.382, 2022: 1.075, 2023: 1.296, 2024: 0.941, 2025: 0.815, 2026: 0.0}","{2016: 20, 2017: 36, 2018: 45, 2019: 22, 2020: 41, 2021: 31, 2022: 37, 2023: 28, 2024: 39, 2025: 32, 2026: 10}",C2_vwap_slope_steep,T2_shallow_25_38,E2_break_pullback,ST2_atr1.5,X1_R2,DEAD
C2_vwap_slope_steep|T2_shallow_25_38|E2_break_pullback|ST2_atr1.5|X2_trail3.5,341,0.635,32.3,0.983,-0.0116,-3.941,26.385,146,195,0.963,0.942,-,"{2016: 0.934, 2017: 0.802, 2018: 1.901, 2019: 0.752, 2020: 1.051, 2021: 0.342, 2022: 1.555, 2023: 1.484, 2024: 0.772, 2025: 0.533, 2026: 0.0}","{2016: 20, 2017: 36, 2018: 45, 2019: 22, 2020: 41, 2021: 31, 2022: 37, 2023: 28, 2024: 39, 2025: 32, 2026: 10}",C2_vwap_slope_steep,T2_shallow_25_38,E2_break_pullback,ST2_atr1.5,X2_trail3.5,DEAD
C2_vwap_slope_steep|T2_shallow_25_38|E2_break_pullback|ST2_atr1.5|X3_new_extreme,341,0.635,56.0,0.647,-0.1326,-45.206,46.214,146,195,0.614,0.583,-,"{2016: 0.484, 2017: 0.357, 2018: 0.813, 2019: 0.793, 2020: 0.435, 2021: 0.636, 2022: 0.63, 2023: 1.091, 2024: 0.646, 2025: 0.855, 2026: 1.234}","{2016: 20, 2017: 36, 2018: 45, 2019: 22, 2020: 41, 2021: 31, 2022: 37, 2023: 28, 2024: 39, 2025: 32, 2026: 10}",C2_vwap_slope_steep,T2_shallow_25_38,E2_break_pullback,ST2_atr1.5,X3_new_extreme,DEAD
C2_vwap_slope_steep|T3_medium_50_618|E1_next_open|ST1_swing|X1_R2,386,0.718,32.6,0.368,-0.7299,-281.758,281.299,156,230,0.36,0.353,-,"{2016: 0.255, 2017: 0.251, 2018: 0.182, 2019: 0.274, 2020: 0.365, 2021: 0.262, 2022: 0.403, 2023: 0.822, 2024: 0.684, 2025: 0.667, 2026: 0.158}","{2016: 27, 2017: 42, 2018: 51, 2019: 26, 2020: 44, 2021: 32, 2022: 41, 2023: 27, 2024: 46, 2025: 37, 2026: 13}",C2_vwap_slope_steep,T3_medium_50_618,E1_next_open,ST1_swing,X1_R2,DEAD
C2_vwap_slope_steep|T3_medium_50_618|E1_next_open|ST1_swing|X2_trail3.5,386,0.718,12.4,0.5,-0.7715,-297.8,296.032,156,230,0.495,0.49,-,"{2016: 0.261, 2017: 0.578, 2018: 0.387, 2019: 0.308, 2020: 0.512, 2021: 0.0, 2022: 1.189, 2023: 0.54, 2024: 0.953, 2025: 0.365, 2026: 0.0}","{2016: 27, 2017: 42, 2018: 51, 2019: 26, 2020: 44, 2021: 32, 2022: 41, 2023: 27, 2024: 46, 2025: 37, 2026: 13}",C2_vwap_slope_steep,T3_medium_50_618,E1_next_open,ST1_swing,X2_trail3.5,DEAD
C2_vwap_slope_steep|T3_medium_50_618|E1_next_open|ST1_swing|X3_new_extreme,386,0.718,17.1,0.479,-0.7725,-298.193,306.648,156,230,0.474,0.468,-,"{2016: 0.459, 2017: 0.364, 2018: 0.19, 2019: 0.293, 2020: 0.806, 2021: 0.0, 2022: 0.621, 2023: 0.523, 2024: 1.102, 2025: 0.626, 2026: 0.262}","{2016: 27, 2017: 42, 2018: 51, 2019: 26, 2020: 44, 2021: 32, 2022: 41, 2023: 27, 2024: 46, 2025: 37, 2026: 13}",C2_vwap_slope_steep,T3_medium_50_618,E1_next_open,ST1_swing,X3_new_extreme,DEAD
C2_vwap_slope_steep|T3_medium_50_618|E1_next_open|ST2_atr1.5|X1_R2,389,0.724,32.6,0.699,-0.2278,-88.601,87.491,156,233,0.683,0.668,-,"{2016: 0.556, 2017: 0.548, 2018: 0.381, 2019: 0.554, 2020: 0.95, 2021: 0.497, 2022: 1.247, 2023: 1.193, 2024: 0.7, 2025: 0.875, 2026: 0.446}","{2016: 27, 2017: 42, 2018: 52, 2019: 26, 2020: 44, 2021: 32, 2022: 41, 2023: 28, 2024: 47, 2025: 37, 2026: 13}",C2_vwap_slope_steep,T3_medium_50_618,E1_next_open,ST2_atr1.5,X1_R2,DEAD
C2_vwap_slope_steep|T3_medium_50_618|E1_next_open|ST2_atr1.5|X2_trail3.5,389,0.724,29.0,0.828,-0.1302,-50.645,49.638,156,233,0.811,0.795,-,"{2016: 0.458, 2017: 0.818, 2018: 0.703, 2019: 0.664, 2020: 1.269, 2021: 0.484, 2022: 1.754, 2023: 1.015, 2024: 0.532, 2025: 0.889, 2026: 0.332}","{2016: 27, 2017: 42, 2018: 52, 2019: 26, 2020: 44, 2021: 32, 2022: 41, 2023: 28, 2024: 47, 2025: 37, 2026: 13}",C2_vwap_slope_steep,T3_medium_50_618,E1_next_open,ST2_atr1.5,X2_trail3.5,DEAD
C2_vwap_slope_steep|T3_medium_50_618|E1_next_open|ST2_atr1.5|X3_new_extreme,389,0.724,37.8,0.683,-0.2236,-86.961,87.433,156,233,0.666,0.65,-,"{2016: 0.633, 2017: 0.594, 2018: 0.401, 2019: 0.43, 2020: 0.799, 2021: 0.486, 2022: 1.215, 2023: 1.071, 2024: 0.606, 2025: 0.98, 2026: 0.749}","{2016: 27, 2017: 42, 2018: 52, 2019: 26, 2020: 44, 2021: 32, 2022: 41, 2023: 28, 2024: 47, 2025: 37, 2026: 13}",C2_vwap_slope_steep,T3_medium_50_618,E1_next_open,ST2_atr1.5,X3_new_extreme,DEAD
C2_vwap_slope_steep|T3_medium_50_618|E2_break_pullback|ST1_swing|X1_R2,225,0.431,34.2,0.744,-0.1952,-43.919,58.021,82,143,0.728,0.713,-,"{2016: 0.89, 2017: 0.909, 2018: 0.311, 2019: 0.469, 2020: 0.991, 2021: 0.1, 2022: 0.998, 2023: 0.805, 2024: 1.371, 2025: 0.681, 2026: 1.631}","{2016: 11, 2017: 23, 2018: 28, 2019: 13, 2020: 24, 2021: 17, 2022: 26, 2023: 19, 2024: 30, 2025: 26, 2026: 8}",C2_vwap_slope_steep,T3_medium_50_618,E2_break_pullback,ST1_swing,X1_R2,DEAD
C2_vwap_slope_steep|T3_medium_50_618|E2_break_pullback|ST1_swing|X2_trail3.5,225,0.431,22.7,0.797,-0.1745,-39.272,44.754,82,143,0.783,0.769,-,"{2016: 0.53, 2017: 1.298, 2018: 0.658, 2019: 1.192, 2020: 0.95, 2021: 0.0, 2022: 1.828, 2023: 0.792, 2024: 0.593, 2025: 0.538, 2026: 0.321}","{2016: 11, 2017: 23, 2018: 28, 2019: 13, 2020: 24, 2021: 17, 2022: 26, 2023: 19, 2024: 30, 2025: 26, 2026: 8}",C2_vwap_slope_steep,T3_medium_50_618,E2_break_pullback,ST1_swing,X2_trail3.5,DEAD
C2_vwap_slope_steep|T3_medium_50_618|E2_break_pullback|ST1_swing|X3_new_extreme,225,0.431,34.7,0.61,-0.2895,-65.127,69.207,82,143,0.595,0.581,-,"{2016: 0.934, 2017: 0.901, 2018: 0.205, 2019: 0.598, 2020: 0.813, 2021: 0.11, 2022: 1.024, 2023: 0.58, 2024: 0.788, 2025: 0.633, 2026: 0.795}","{2016: 11, 2017: 23, 2018: 28, 2019: 13, 2020: 24, 2021: 17, 2022: 26, 2023: 19, 2024: 30, 2025: 26, 2026: 8}",C2_vwap_slope_steep,T3_medium_50_618,E2_break_pullback,ST1_swing,X3_new_extreme,DEAD
C2_vwap_slope_steep|T3_medium_50_618|E2_break_pullback|ST2_atr1.5|X1_R2,225,0.431,35.1,0.818,-0.1276,-28.703,31.843,82,143,0.799,0.781,-,"{2016: 1.023, 2017: 0.571, 2018: 0.434, 2019: 0.505, 2020: 1.923, 2021: 0.395, 2022: 1.533, 2023: 1.142, 2024: 0.879, 2025: 0.582, 2026: 0.352}","{2016: 11, 2017: 23, 2018: 28, 2019: 13, 2020: 24, 2021: 17, 2022: 26, 2023: 19, 2024: 30, 2025: 26, 2026: 8}",C2_vwap_slope_steep,T3_medium_50_618,E2_break_pullback,ST2_atr1.5,X1_R2,DEAD
C2_vwap_slope_steep|T3_medium_50_618|E2_break_pullback|ST2_atr1.5|X2_trail3.5,225,0.431,30.2,0.917,-0.0585,-13.165,24.146,82,143,0.897,0.878,-,"{2016: 0.79, 2017: 1.041, 2018: 0.685, 2019: 0.952, 2020: 2.476, 2021: 0.358, 2022: 1.675, 2023: 0.812, 2024: 0.528, 2025: 0.628, 2026: 0.363}","{2016: 11, 2017: 23, 2018: 28, 2019: 13, 2020: 24, 2021: 17, 2022: 26, 2023: 19, 2024: 30, 2025: 26, 2026: 8}",C2_vwap_slope_steep,T3_medium_50_618,E2_break_pullback,ST2_atr1.5,X2_trail3.5,DEAD
C2_vwap_slope_steep|T3_medium_50_618|E2_break_pullback|ST2_atr1.5|X3_new_extreme,225,0.431,43.6,0.675,-0.1973,-44.402,46.531,82,143,0.655,0.635,-,"{2016: 1.093, 2017: 0.635, 2018: 0.273, 2019: 0.579, 2020: 1.369, 2021: 0.578, 2022: 1.168, 2023: 0.602, 2024: 0.601, 2025: 0.631, 2026: 0.733}","{2016: 11, 2017: 23, 2018: 28, 2019: 13, 2020: 24, 2021: 17, 2022: 26, 2023: 19, 2024: 30, 2025: 26, 2026: 8}",C2_vwap_slope_steep,T3_medium_50_618,E2_break_pullback,ST2_atr1.5,X3_new_extreme,DEAD
C3_gap_and_go|T1_first_touch_1030|E1_next_open|ST1_swing|X1_R2,535,0.993,30.8,0.379,-0.6885,-368.365,368.835,312,223,0.371,0.364,-,"{2016: 0.26, 2017: 0.155, 2018: 0.397, 2019: 0.361, 2020: 0.399, 2021: 0.539, 2022: 0.585, 2023: 0.354, 2024: 0.479, 2025: 0.468, 2026: 0.288}","{2016: 55, 2017: 52, 2018: 51, 2019: 54, 2020: 57, 2021: 38, 2022: 57, 2023: 46, 2024: 44, 2025: 53, 2026: 28}",C3_gap_and_go,T1_first_touch_1030,E1_next_open,ST1_swing,X1_R2,DEAD
C3_gap_and_go|T1_first_touch_1030|E1_next_open|ST1_swing|X2_trail3.5,535,0.993,14.4,0.62,-0.534,-285.707,297.845,312,223,0.613,0.606,-,"{2016: 0.251, 2017: 0.624, 2018: 0.907, 2019: 0.209, 2020: 1.287, 2021: 0.534, 2022: 0.867, 2023: 0.127, 2024: 0.777, 2025: 0.35, 2026: 1.125}","{2016: 55, 2017: 52, 2018: 51, 2019: 54, 2020: 57, 2021: 38, 2022: 57, 2023: 46, 2024: 44, 2025: 53, 2026: 28}",C3_gap_and_go,T1_first_touch_1030,E1_next_open,ST1_swing,X2_trail3.5,DEAD
C3_gap_and_go|T1_first_touch_1030|E1_next_open|ST1_swing|X3_new_extreme,535,0.993,22.1,0.42,-0.7599,-406.559,415.426,312,223,0.414,0.408,-,"{2016: 0.397, 2017: 0.345, 2018: 0.343, 2019: 0.292, 2020: 0.593, 2021: 0.401, 2022: 0.724, 2023: 0.184, 2024: 0.568, 2025: 0.263, 2026: 0.577}","{2016: 55, 2017: 52, 2018: 51, 2019: 54, 2020: 57, 2021: 38, 2022: 57, 2023: 46, 2024: 44, 2025: 53, 2026: 28}",C3_gap_and_go,T1_first_touch_1030,E1_next_open,ST1_swing,X3_new_extreme,DEAD
C3_gap_and_go|T1_first_touch_1030|E1_next_open|ST2_atr1.5|X1_R2,541,1.004,35.9,0.773,-0.1686,-91.218,93.514,314,227,0.756,0.74,-,"{2016: 0.466, 2017: 0.547, 2018: 0.912, 2019: 0.719, 2020: 0.692, 2021: 0.866, 2022: 1.095, 2023: 0.767, 2024: 1.531, 2025: 0.635, 2026: 0.729}","{2016: 56, 2017: 53, 2018: 53, 2019: 54, 2020: 57, 2021: 38, 2022: 58, 2023: 46, 2024: 44, 2025: 53, 2026: 29}",C3_gap_and_go,T1_first_touch_1030,E1_next_open,ST2_atr1.5,X1_R2,DEAD
C3_gap_and_go|T1_first_touch_1030|E1_next_open|ST2_atr1.5|X2_trail3.5,541,1.004,30.9,0.872,-0.0959,-51.903,68.133,314,227,0.854,0.836,-,"{2016: 0.435, 2017: 0.73, 2018: 1.069, 2019: 0.597, 2020: 0.959, 2021: 0.661, 2022: 1.389, 2023: 0.803, 2024: 1.953, 2025: 0.728, 2026: 0.664}","{2016: 56, 2017: 53, 2018: 53, 2019: 54, 2020: 57, 2021: 38, 2022: 58, 2023: 46, 2024: 44, 2025: 53, 2026: 29}",C3_gap_and_go,T1_first_touch_1030,E1_next_open,ST2_atr1.5,X2_trail3.5,DEAD
C3_gap_and_go|T1_first_touch_1030|E1_next_open|ST2_atr1.5|X3_new_extreme,541,1.004,42.7,0.718,-0.1858,-100.5,104.456,314,227,0.699,0.681,-,"{2016: 0.472, 2017: 0.483, 2018: 0.704, 2019: 0.602, 2020: 0.855, 2021: 0.848, 2022: 0.938, 2023: 0.691, 2024: 1.414, 2025: 0.56, 2026: 0.753}","{2016: 56, 2017: 53, 2018: 53, 2019: 54, 2020: 57, 2021: 38, 2022: 58, 2023: 46, 2024: 44, 2025: 53, 2026: 29}",C3_gap_and_go,T1_first_touch_1030,E1_next_open,ST2_atr1.5,X3_new_extreme,DEAD
C3_gap_and_go|T1_first_touch_1030|E2_break_pullback|ST1_swing|X1_R2,360,0.67,31.1,0.616,-0.3234,-116.435,125.891,201,159,0.603,0.59,-,"{2016: 0.396, 2017: 0.521, 2018: 0.479, 2019: 0.536, 2020: 0.515, 2021: 0.871, 2022: 0.903, 2023: 0.342, 2024: 0.648, 2025: 0.864, 2026: 2.75}","{2016: 40, 2017: 29, 2018: 37, 2019: 35, 2020: 44, 2021: 26, 2022: 37, 2023: 36, 2024: 28, 2025: 35, 2026: 13}",C3_gap_and_go,T1_first_touch_1030,E2_break_pullback,ST1_swing,X1_R2,DEAD
C3_gap_and_go|T1_first_touch_1030|E2_break_pullback|ST1_swing|X2_trail3.5,360,0.67,23.9,0.747,-0.2268,-81.644,82.272,201,159,0.733,0.72,-,"{2016: 0.294, 2017: 1.147, 2018: 1.17, 2019: 0.65, 2020: 0.573, 2021: 0.575, 2022: 1.262, 2023: 0.8, 2024: 0.31, 2025: 0.774, 2026: 0.871}","{2016: 40, 2017: 29, 2018: 37, 2019: 35, 2020: 44, 2021: 26, 2022: 37, 2023: 36, 2024: 28, 2025: 35, 2026: 13}",C3_gap_and_go,T1_first_touch_1030,E2_break_pullback,ST1_swing,X2_trail3.5,DEAD
C3_gap_and_go|T1_first_touch_1030|E2_break_pullback|ST1_swing|X3_new_extreme,360,0.67,39.2,0.536,-0.3313,-119.253,126.332,201,159,0.522,0.507,-,"{2016: 0.369, 2017: 0.531, 2018: 0.451, 2019: 0.504, 2020: 0.357, 2021: 0.397, 2022: 1.08, 2023: 0.43, 2024: 0.462, 2025: 0.569, 2026: 2.524}","{2016: 40, 2017: 29, 2018: 37, 2019: 35, 2020: 44, 2021: 26, 2022: 37, 2023: 36, 2024: 28, 2025: 35, 2026: 13}",C3_gap_and_go,T1_first_touch_1030,E2_break_pullback,ST1_swing,X3_new_extreme,DEAD
C3_gap_and_go|T1_first_touch_1030|E2_break_pullback|ST2_atr1.5|X1_R2,360,0.67,33.9,0.707,-0.2285,-82.257,85.098,201,159,0.692,0.677,-,"{2016: 0.354, 2017: 0.561, 2018: 0.692, 2019: 0.778, 2020: 0.505, 2021: 1.065, 2022: 1.39, 2023: 0.509, 2024: 0.822, 2025: 0.8, 2026: 1.376}","{2016: 40, 2017: 29, 2018: 37, 2019: 35, 2020: 44, 2021: 26, 2022: 37, 2023: 36, 2024: 28, 2025: 35, 2026: 13}",C3_gap_and_go,T1_first_touch_1030,E2_break_pullback,ST2_atr1.5,X1_R2,DEAD
C3_gap_and_go|T1_first_touch_1030|E2_break_pullback|ST2_atr1.5|X2_trail3.5,360,0.67,30.3,0.768,-0.1804,-64.956,67.247,201,159,0.752,0.737,-,"{2016: 0.208, 2017: 0.85, 2018: 1.064, 2019: 0.712, 2020: 0.531, 2021: 0.766, 2022: 1.676, 2023: 0.848, 2024: 0.541, 2025: 0.857, 2026: 1.034}","{2016: 40, 2017: 29, 2018: 37, 2019: 35, 2020: 44, 2021: 26, 2022: 37, 2023: 36, 2024: 28, 2025: 35, 2026: 13}",C3_gap_and_go,T1_first_touch_1030,E2_break_pullback,ST2_atr1.5,X2_trail3.5,DEAD
C3_gap_and_go|T1_first_touch_1030|E2_break_pullback|ST2_atr1.5|X3_new_extreme,360,0.67,47.2,0.605,-0.237,-85.303,90.19,201,159,0.585,0.566,-,"{2016: 0.278, 2017: 0.484, 2018: 0.448, 2019: 0.578, 2020: 0.511, 2021: 0.903, 2022: 1.24, 2023: 0.554, 2024: 0.628, 2025: 0.644, 2026: 1.856}","{2016: 40, 2017: 29, 2018: 37, 2019: 35, 2020: 44, 2021: 26, 2022: 37, 2023: 36, 2024: 28, 2025: 35, 2026: 13}",C3_gap_and_go,T1_first_touch_1030,E2_break_pullback,ST2_atr1.5,X3_new_extreme,DEAD
C3_gap_and_go|T2_shallow_25_38|E1_next_open|ST1_swing|X1_R2,472,0.876,35.4,0.464,-0.5533,-261.17,260.181,285,187,0.454,0.445,-,"{2016: 0.194, 2017: 0.216, 2018: 0.615, 2019: 0.551, 2020: 0.623, 2021: 0.392, 2022: 0.7, 2023: 0.395, 2024: 0.482, 2025: 0.781, 2026: 0.347}","{2016: 51, 2017: 40, 2018: 46, 2019: 46, 2020: 51, 2021: 40, 2022: 47, 2023: 40, 2024: 45, 2025: 44, 2026: 22}",C3_gap_and_go,T2_shallow_25_38,E1_next_open,ST1_swing,X1_R2,DEAD
C3_gap_and_go|T2_shallow_25_38|E1_next_open|ST1_swing|X2_trail3.5,472,0.876,16.1,0.603,-0.554,-261.489,265.902,285,187,0.596,0.589,-,"{2016: 0.764, 2017: 0.369, 2018: 0.716, 2019: 0.654, 2020: 0.512, 2021: 0.436, 2022: 0.259, 2023: 1.356, 2024: 0.955, 2025: 0.359, 2026: 0.101}","{2016: 51, 2017: 40, 2018: 46, 2019: 46, 2020: 51, 2021: 40, 2022: 47, 2023: 40, 2024: 45, 2025: 44, 2026: 22}",C3_gap_and_go,T2_shallow_25_38,E1_next_open,ST1_swing,X2_trail3.5,DEAD
C3_gap_and_go|T2_shallow_25_38|E1_next_open|ST1_swing|X3_new_extreme,472,0.876,32.4,0.531,-0.5428,-256.197,256.672,285,187,0.522,0.514,-,"{2016: 0.21, 2017: 0.309, 2018: 0.779, 2019: 0.616, 2020: 0.962, 2021: 0.333, 2022: 0.227, 2023: 0.883, 2024: 0.699, 2025: 0.73, 2026: 0.248}","{2016: 51, 2017: 40, 2018: 46, 2019: 46, 2020: 51, 2021: 40, 2022: 47, 2023: 40, 2024: 45, 2025: 44, 2026: 22}",C3_gap_and_go,T2_shallow_25_38,E1_next_open,ST1_swing,X3_new_extreme,DEAD
C3_gap_and_go|T2_shallow_25_38|E1_next_open|ST2_atr1.5|X1_R2,479,0.889,38.6,0.875,-0.0891,-42.663,47.671,290,189,0.856,0.837,-,"{2016: 0.537, 2017: 0.597, 2018: 0.873, 2019: 1.089, 2020: 0.778, 2021: 1.227, 2022: 1.372, 2023: 1.073, 2024: 1.479, 2025: 0.517, 2026: 0.312}","{2016: 51, 2017: 43, 2018: 47, 2019: 49, 2020: 51, 2021: 40, 2022: 47, 2023: 40, 2024: 45, 2025: 44, 2026: 22}",C3_gap_and_go,T2_shallow_25_38,E1_next_open,ST2_atr1.5,X1_R2,DEAD
C3_gap_and_go|T2_shallow_25_38|E1_next_open|ST2_atr1.5|X2_trail3.5,479,0.889,32.8,0.857,-0.1031,-49.385,58.492,290,189,0.839,0.821,-,"{2016: 0.613, 2017: 0.745, 2018: 1.079, 2019: 0.544, 2020: 0.546, 2021: 1.142, 2022: 1.527, 2023: 1.452, 2024: 1.281, 2025: 0.511, 2026: 0.147}","{2016: 51, 2017: 43, 2018: 47, 2019: 49, 2020: 51, 2021: 40, 2022: 47, 2023: 40, 2024: 45, 2025: 44, 2026: 22}",C3_gap_and_go,T2_shallow_25_38,E1_next_open,ST2_atr1.5,X2_trail3.5,DEAD
C3_gap_and_go|T2_shallow_25_38|E1_next_open|ST2_atr1.5|X3_new_extreme,479,0.889,57.0,0.696,-0.1525,-73.036,82.695,290,189,0.67,0.645,-,"{2016: 0.455, 2017: 0.367, 2018: 0.667, 2019: 0.651, 2020: 0.492, 2021: 0.762, 2022: 0.746, 2023: 0.865, 2024: 1.59, 2025: 1.061, 2026: 0.67}","{2016: 51, 2017: 43, 2018: 47, 2019: 49, 2020: 51, 2021: 40, 2022: 47, 2023: 40, 2024: 45, 2025: 44, 2026: 22}",C3_gap_and_go,T2_shallow_25_38,E1_next_open,ST2_atr1.5,X3_new_extreme,DEAD
C3_gap_and_go|T2_shallow_25_38|E2_break_pullback|ST1_swing|X1_R2,353,0.655,35.4,0.714,-0.2304,-81.317,80.769,209,144,0.699,0.684,-,"{2016: 0.443, 2017: 0.525, 2018: 0.95, 2019: 1.552, 2020: 0.393, 2021: 1.055, 2022: 0.32, 2023: 1.177, 2024: 1.077, 2025: 0.741, 2026: 0.328}","{2016: 38, 2017: 28, 2018: 34, 2019: 37, 2020: 39, 2021: 30, 2022: 36, 2023: 27, 2024: 31, 2025: 34, 2026: 19}",C3_gap_and_go,T2_shallow_25_38,E2_break_pullback,ST1_swing,X1_R2,DEAD
C3_gap_and_go|T2_shallow_25_38|E2_break_pullback|ST1_swing|X2_trail3.5,353,0.655,24.9,0.789,-0.1867,-65.906,69.321,209,144,0.775,0.762,-,"{2016: 0.603, 2017: 0.864, 2018: 1.335, 2019: 0.693, 2020: 0.304, 2021: 1.081, 2022: 0.356, 2023: 2.429, 2024: 1.168, 2025: 0.381, 2026: 0.433}","{2016: 38, 2017: 28, 2018: 34, 2019: 37, 2020: 39, 2021: 30, 2022: 36, 2023: 27, 2024: 31, 2025: 34, 2026: 19}",C3_gap_and_go,T2_shallow_25_38,E2_break_pullback,ST1_swing,X2_trail3.5,DEAD
C3_gap_and_go|T2_shallow_25_38|E2_break_pullback|ST1_swing|X3_new_extreme,353,0.655,45.6,0.507,-0.2514,-88.75,89.124,209,144,0.486,0.465,-,"{2016: 0.244, 2017: 0.201, 2018: 0.563, 2019: 0.567, 2020: 0.305, 2021: 0.653, 2022: 0.356, 2023: 1.251, 2024: 0.795, 2025: 1.575, 2026: 0.286}","{2016: 38, 2017: 28, 2018: 34, 2019: 37, 2020: 39, 2021: 30, 2022: 36, 2023: 27, 2024: 31, 2025: 34, 2026: 19}",C3_gap_and_go,T2_shallow_25_38,E2_break_pullback,ST1_swing,X3_new_extreme,DEAD
C3_gap_and_go|T2_shallow_25_38|E2_break_pullback|ST2_atr1.5|X1_R2,353,0.655,36.0,0.775,-0.1672,-59.024,57.764,209,144,0.758,0.741,-,"{2016: 0.484, 2017: 0.584, 2018: 0.761, 2019: 1.27, 2020: 0.39, 2021: 1.099, 2022: 1.043, 2023: 1.406, 2024: 1.073, 2025: 0.552, 2026: 0.387}","{2016: 38, 2017: 28, 2018: 34, 2019: 37, 2020: 39, 2021: 30, 2022: 36, 2023: 27, 2024: 31, 2025: 34, 2026: 19}",C3_gap_and_go,T2_shallow_25_38,E2_break_pullback,ST2_atr1.5,X1_R2,DEAD
C3_gap_and_go|T2_shallow_25_38|E2_break_pullback|ST2_atr1.5|X2_trail3.5,353,0.655,30.9,0.792,-0.1547,-54.604,55.1,209,144,0.775,0.759,-,"{2016: 0.541, 2017: 0.543, 2018: 1.182, 2019: 0.644, 2020: 0.386, 2021: 1.176, 2022: 0.919, 2023: 1.787, 2024: 1.162, 2025: 0.506, 2026: 0.407}","{2016: 38, 2017: 28, 2018: 34, 2019: 37, 2020: 39, 2021: 30, 2022: 36, 2023: 27, 2024: 31, 2025: 34, 2026: 19}",C3_gap_and_go,T2_shallow_25_38,E2_break_pullback,ST2_atr1.5,X2_trail3.5,DEAD
C3_gap_and_go|T2_shallow_25_38|E2_break_pullback|ST2_atr1.5|X3_new_extreme,353,0.655,51.3,0.475,-0.2165,-76.41,80.709,209,144,0.449,0.423,-,"{2016: 0.252, 2017: 0.118, 2018: 0.446, 2019: 0.549, 2020: 0.235, 2021: 0.578, 2022: 0.42, 2023: 1.528, 2024: 1.026, 2025: 1.45, 2026: 0.548}","{2016: 38, 2017: 28, 2018: 34, 2019: 37, 2020: 39, 2021: 30, 2022: 36, 2023: 27, 2024: 31, 2025: 34, 2026: 19}",C3_gap_and_go,T2_shallow_25_38,E2_break_pullback,ST2_atr1.5,X3_new_extreme,DEAD
C3_gap_and_go|T3_medium_50_618|E1_next_open|ST1_swing|X1_R2,405,0.752,36.0,0.436,-0.6027,-244.075,245.468,232,173,0.427,0.418,-,"{2016: 0.256, 2017: 0.113, 2018: 0.306, 2019: 0.204, 2020: 0.525, 2021: 0.565, 2022: 0.51, 2023: 0.611, 2024: 0.885, 2025: 0.919, 2026: 0.672}","{2016: 43, 2017: 35, 2018: 45, 2019: 41, 2020: 46, 2021: 25, 2022: 45, 2023: 33, 2024: 35, 2025: 37, 2026: 20}",C3_gap_and_go,T3_medium_50_618,E1_next_open,ST1_swing,X1_R2,DEAD
C3_gap_and_go|T3_medium_50_618|E1_next_open|ST1_swing|X2_trail3.5,405,0.752,15.6,0.647,-0.5181,-209.836,208.854,232,173,0.64,0.633,-,"{2016: 0.188, 2017: 0.803, 2018: 1.159, 2019: 0.468, 2020: 1.105, 2021: 0.644, 2022: 0.867, 2023: 0.36, 2024: 0.472, 2025: 0.434, 2026: 0.334}","{2016: 43, 2017: 35, 2018: 45, 2019: 41, 2020: 46, 2021: 25, 2022: 45, 2023: 33, 2024: 35, 2025: 37, 2026: 20}",C3_gap_and_go,T3_medium_50_618,E1_next_open,ST1_swing,X2_trail3.5,DEAD
C3_gap_and_go|T3_medium_50_618|E1_next_open|ST1_swing|X3_new_extreme,405,0.752,22.5,0.438,-0.7795,-315.678,326.892,232,173,0.431,0.426,-,"{2016: 0.391, 2017: 0.336, 2018: 0.321, 2019: 0.274, 2020: 0.735, 2021: 0.158, 2022: 0.642, 2023: 0.657, 2024: 0.319, 2025: 0.6, 2026: 0.457}","{2016: 43, 2017: 35, 2018: 45, 2019: 41, 2020: 46, 2021: 25, 2022: 45, 2023: 33, 2024: 35, 2025: 37, 2026: 20}",C3_gap_and_go,T3_medium_50_618,E1_next_open,ST1_swing,X3_new_extreme,DEAD
C3_gap_and_go|T3_medium_50_618|E1_next_open|ST2_atr1.5|X1_R2,410,0.761,36.3,0.8,-0.148,-60.68,70.847,233,177,0.783,0.766,-,"{2016: 0.577, 2017: 0.571, 2018: 0.658, 2019: 0.749, 2020: 0.842, 2021: 0.959, 2022: 1.034, 2023: 0.995, 2024: 0.749, 2025: 1.108, 2026: 0.943}","{2016: 43, 2017: 36, 2018: 46, 2019: 42, 2020: 46, 2021: 25, 2022: 45, 2023: 34, 2024: 35, 2025: 37, 2026: 21}",C3_gap_and_go,T3_medium_50_618,E1_next_open,ST2_atr1.5,X1_R2,DEAD
C3_gap_and_go|T3_medium_50_618|E1_next_open|ST2_atr1.5|X2_trail3.5,410,0.761,31.2,0.848,-0.1124,-46.091,51.309,233,177,0.83,0.813,-,"{2016: 0.317, 2017: 1.089, 2018: 0.86, 2019: 0.626, 2020: 0.888, 2021: 0.946, 2022: 1.422, 2023: 1.251, 2024: 0.613, 2025: 0.81, 2026: 0.697}","{2016: 43, 2017: 36, 2018: 46, 2019: 42, 2020: 46, 2021: 25, 2022: 45, 2023: 34, 2024: 35, 2025: 37, 2026: 21}",C3_gap_and_go,T3_medium_50_618,E1_next_open,ST2_atr1.5,X2_trail3.5,DEAD
C3_gap_and_go|T3_medium_50_618|E1_next_open|ST2_atr1.5|X3_new_extreme,410,0.761,43.7,0.683,-0.2094,-85.865,89.866,233,177,0.665,0.647,-,"{2016: 0.483, 2017: 0.512, 2018: 0.374, 2019: 0.866, 2020: 0.67, 2021: 0.529, 2022: 1.116, 2023: 1.185, 2024: 0.631, 2025: 0.788, 2026: 0.747}","{2016: 43, 2017: 36, 2018: 46, 2019: 42, 2020: 46, 2021: 25, 2022: 45, 2023: 34, 2024: 35, 2025: 37, 2026: 21}",C3_gap_and_go,T3_medium_50_618,E1_next_open,ST2_atr1.5,X3_new_extreme,DEAD
C3_gap_and_go|T3_medium_50_618|E2_break_pullback|ST1_swing|X1_R2,272,0.506,33.8,0.678,-0.2653,-72.168,76.105,148,124,0.663,0.65,-,"{2016: 0.385, 2017: 0.64, 2018: 0.728, 2019: 0.359, 2020: 0.721, 2021: 0.912, 2022: 0.693, 2023: 0.85, 2024: 1.161, 2025: 1.115, 2026: 0.398}","{2016: 27, 2017: 21, 2018: 25, 2019: 31, 2020: 33, 2021: 18, 2022: 31, 2023: 22, 2024: 21, 2025: 27, 2026: 16}",C3_gap_and_go,T3_medium_50_618,E2_break_pullback,ST1_swing,X1_R2,DEAD
C3_gap_and_go|T3_medium_50_618|E2_break_pullback|ST1_swing|X2_trail3.5,272,0.506,23.9,0.853,-0.1314,-35.733,39.367,148,124,0.839,0.824,-,"{2016: 0.222, 2017: 1.352, 2018: 1.744, 2019: 0.573, 2020: 0.91, 2021: 1.437, 2022: 0.592, 2023: 1.266, 2024: 0.748, 2025: 0.966, 2026: 0.168}","{2016: 27, 2017: 21, 2018: 25, 2019: 31, 2020: 33, 2021: 18, 2022: 31, 2023: 22, 2024: 21, 2025: 27, 2026: 16}",C3_gap_and_go,T3_medium_50_618,E2_break_pullback,ST1_swing,X2_trail3.5,DEAD
C3_gap_and_go|T3_medium_50_618|E2_break_pullback|ST1_swing|X3_new_extreme,272,0.506,41.5,0.536,-0.328,-89.214,91.076,148,124,0.521,0.506,-,"{2016: 0.304, 2017: 0.438, 2018: 0.468, 2019: 0.332, 2020: 0.557, 2021: 0.308, 2022: 0.62, 2023: 1.574, 2024: 0.538, 2025: 0.869, 2026: 0.408}","{2016: 27, 2017: 21, 2018: 25, 2019: 31, 2020: 33, 2021: 18, 2022: 31, 2023: 22, 2024: 21, 2025: 27, 2026: 16}",C3_gap_and_go,T3_medium_50_618,E2_break_pullback,ST1_swing,X3_new_extreme,DEAD
C3_gap_and_go|T3_medium_50_618|E2_break_pullback|ST2_atr1.5|X1_R2,272,0.506,36.8,0.79,-0.1537,-41.808,46.851,148,124,0.772,0.755,-,"{2016: 0.438, 2017: 0.726, 2018: 0.917, 2019: 0.536, 2020: 0.793, 2021: 1.195, 2022: 0.885, 2023: 1.09, 2024: 0.854, 2025: 1.276, 2026: 0.488}","{2016: 27, 2017: 21, 2018: 25, 2019: 31, 2020: 33, 2021: 18, 2022: 31, 2023: 22, 2024: 21, 2025: 27, 2026: 16}",C3_gap_and_go,T3_medium_50_618,E2_break_pullback,ST2_atr1.5,X1_R2,DEAD
C3_gap_and_go|T3_medium_50_618|E2_break_pullback|ST2_atr1.5|X2_trail3.5,272,0.506,31.6,0.877,-0.0907,-24.674,28.783,148,124,0.859,0.841,-,"{2016: 0.286, 2017: 1.192, 2018: 1.566, 2019: 0.58, 2020: 0.755, 2021: 1.407, 2022: 1.076, 2023: 1.418, 2024: 0.56, 2025: 0.894, 2026: 0.533}","{2016: 27, 2017: 21, 2018: 25, 2019: 31, 2020: 33, 2021: 18, 2022: 31, 2023: 22, 2024: 21, 2025: 27, 2026: 16}",C3_gap_and_go,T3_medium_50_618,E2_break_pullback,ST2_atr1.5,X2_trail3.5,DEAD
C3_gap_and_go|T3_medium_50_618|E2_break_pullback|ST2_atr1.5|X3_new_extreme,272,0.506,50.0,0.614,-0.2204,-59.943,62.812,148,124,0.593,0.572,-,"{2016: 0.324, 2017: 0.309, 2018: 0.573, 2019: 0.46, 2020: 0.607, 2021: 0.704, 2022: 0.72, 2023: 1.898, 2024: 0.576, 2025: 0.803, 2026: 0.549}","{2016: 27, 2017: 21, 2018: 25, 2019: 31, 2020: 33, 2021: 18, 2022: 31, 2023: 22, 2024: 21, 2025: 27, 2026: 16}",C3_gap_and_go,T3_medium_50_618,E2_break_pullback,ST2_atr1.5,X3_new_extreme,DEAD
