level,side,event_type,entry_type,stop_type,exit_type,filter,n,tr_wk,wr,pf,expR,totR,maxDD_R,n_no_retest_skip,flag
pdh,upper,break_and_retest,next_bar_open,beyond_extreme_2tk,vwap,none,348,0.642,0.2184,0.2795,-0.7848,-273.127,-286.41,0,dead
pdh,upper,break_and_retest,next_bar_open,beyond_extreme_2tk,vwap,ny_am_only,149,0.275,0.2013,0.117,-0.9191,-136.945,-136.638,0,sub_floor
pdh,upper,break_and_retest,next_bar_open,beyond_extreme_2tk,vwap,vwap_slope_agreement,61,0.113,0.1639,0.0781,-0.9616,-58.655,-58.228,0,sub_floor
pdh,upper,break_and_retest,next_bar_open,beyond_extreme_2tk,prior_day_mid,none,0,0.0,,,,0.0,0.0,0,insufficient_n
pdh,upper,break_and_retest,next_bar_open,beyond_extreme_2tk,prior_day_mid,ny_am_only,0,0.0,,,,0.0,0.0,0,insufficient_n
pdh,upper,break_and_retest,next_bar_open,beyond_extreme_2tk,prior_day_mid,vwap_slope_agreement,0,0.0,,,,0.0,0.0,0,insufficient_n
pdh,upper,break_and_retest,next_bar_open,beyond_extreme_2tk,1.5R,none,1362,2.513,0.3899,0.3646,-0.6193,-843.515,-846.179,0,dead
pdh,upper,break_and_retest,next_bar_open,beyond_extreme_2tk,1.5R,ny_am_only,554,1.022,0.3863,0.3916,-0.58,-321.307,-321.478,0,dead
pdh,upper,break_and_retest,next_bar_open,beyond_extreme_2tk,1.5R,vwap_slope_agreement,874,1.613,0.3982,0.3761,-0.606,-529.633,-532.163,0,dead
pdh,upper,break_and_retest,next_bar_open,beyond_extreme_2tk,2R,none,1362,2.513,0.3524,0.4404,-0.5901,-803.766,-808.431,0,dead
pdh,upper,break_and_retest,next_bar_open,beyond_extreme_2tk,2R,ny_am_only,554,1.022,0.3448,0.47,-0.5458,-302.385,-303.556,0,dead
pdh,upper,break_and_retest,next_bar_open,beyond_extreme_2tk,2R,vwap_slope_agreement,874,1.613,0.3604,0.4566,-0.5695,-497.737,-502.267,0,dead
pdh,upper,break_and_retest,next_bar_open,1.0xATR,vwap,none,348,0.642,0.3075,0.3348,-0.4345,-151.211,-159.067,0,dead
pdh,upper,break_and_retest,next_bar_open,1.0xATR,vwap,ny_am_only,149,0.275,0.2819,0.1551,-0.488,-72.707,-72.782,0,sub_floor
pdh,upper,break_and_retest,next_bar_open,1.0xATR,vwap,vwap_slope_agreement,61,0.113,0.1967,0.0994,-0.5411,-33.005,-32.934,0,sub_floor
pdh,upper,break_and_retest,next_bar_open,1.0xATR,prior_day_mid,none,0,0.0,,,,0.0,0.0,0,insufficient_n
pdh,upper,break_and_retest,next_bar_open,1.0xATR,prior_day_mid,ny_am_only,0,0.0,,,,0.0,0.0,0,insufficient_n
pdh,upper,break_and_retest,next_bar_open,1.0xATR,prior_day_mid,vwap_slope_agreement,0,0.0,,,,0.0,0.0,0,insufficient_n
pdh,upper,break_and_retest,next_bar_open,1.0xATR,1.5R,none,1362,2.513,0.406,0.5407,-0.3763,-512.467,-520.362,0,dead
pdh,upper,break_and_retest,next_bar_open,1.0xATR,1.5R,ny_am_only,554,1.022,0.3845,0.5555,-0.3569,-197.749,-202.081,0,dead
pdh,upper,break_and_retest,next_bar_open,1.0xATR,1.5R,vwap_slope_agreement,874,1.613,0.4222,0.5663,-0.3469,-303.227,-310.416,0,dead
pdh,upper,break_and_retest,next_bar_open,1.0xATR,2R,none,1362,2.513,0.3532,0.61,-0.3476,-473.49,-484.478,0,dead
pdh,upper,break_and_retest,next_bar_open,1.0xATR,2R,ny_am_only,554,1.022,0.3213,0.598,-0.3568,-197.648,-203.575,0,dead
pdh,upper,break_and_retest,next_bar_open,1.0xATR,2R,vwap_slope_agreement,874,1.613,0.3719,0.6449,-0.3093,-270.348,-278.58,0,dead
pdh,upper,break_and_retest,retest_limit,beyond_extreme_2tk,vwap,none,391,0.721,0.2276,0.3382,-0.7706,-301.321,-325.471,221,dead
pdh,upper,break_and_retest,retest_limit,beyond_extreme_2tk,vwap,ny_am_only,177,0.327,0.2655,0.213,-0.8312,-147.118,-146.429,84,dead
pdh,upper,break_and_retest,retest_limit,beyond_extreme_2tk,vwap,vwap_slope_agreement,80,0.148,0.25,0.113,-0.8242,-65.935,-65.003,154,sub_floor
pdh,upper,break_and_retest,retest_limit,beyond_extreme_2tk,prior_day_mid,none,0,0.0,,,,0.0,0.0,221,insufficient_n
pdh,upper,break_and_retest,retest_limit,beyond_extreme_2tk,prior_day_mid,ny_am_only,0,0.0,,,,0.0,0.0,84,insufficient_n
pdh,upper,break_and_retest,retest_limit,beyond_extreme_2tk,prior_day_mid,vwap_slope_agreement,0,0.0,,,,0.0,0.0,154,insufficient_n
pdh,upper,break_and_retest,retest_limit,beyond_extreme_2tk,1.5R,none,1166,2.151,0.44,0.3303,-0.5866,-683.937,-687.644,221,dead
pdh,upper,break_and_retest,retest_limit,beyond_extreme_2tk,1.5R,ny_am_only,470,0.867,0.4681,0.3866,-0.506,-237.843,-238.402,84,dead
pdh,upper,break_and_retest,retest_limit,beyond_extreme_2tk,1.5R,vwap_slope_agreement,736,1.358,0.4293,0.3338,-0.5708,-420.131,-424.531,154,dead
pdh,upper,break_and_retest,retest_limit,beyond_extreme_2tk,2R,none,1166,2.151,0.4545,0.4173,-0.6012,-701.05,-704.993,221,dead
pdh,upper,break_and_retest,retest_limit,beyond_extreme_2tk,2R,ny_am_only,470,0.867,0.4617,0.4582,-0.538,-252.843,-255.402,84,dead
pdh,upper,break_and_retest,retest_limit,beyond_extreme_2tk,2R,vwap_slope_agreement,736,1.358,0.4701,0.4365,-0.5615,-413.244,-419.862,154,dead
pdh,upper,break_and_retest,retest_limit,1.0xATR,vwap,none,391,0.721,0.3581,0.4325,-0.3144,-122.911,-133.6,221,dead
pdh,upper,break_and_retest,retest_limit,1.0xATR,vwap,ny_am_only,177,0.327,0.3785,0.2493,-0.346,-61.236,-61.356,84,dead
pdh,upper,break_and_retest,retest_limit,1.0xATR,vwap,vwap_slope_agreement,80,0.148,0.3125,0.1837,-0.3081,-24.65,-25.855,154,sub_floor
pdh,upper,break_and_retest,retest_limit,1.0xATR,prior_day_mid,none,0,0.0,,,,0.0,0.0,221,insufficient_n
pdh,upper,break_and_retest,retest_limit,1.0xATR,prior_day_mid,ny_am_only,0,0.0,,,,0.0,0.0,84,insufficient_n
pdh,upper,break_and_retest,retest_limit,1.0xATR,prior_day_mid,vwap_slope_agreement,0,0.0,,,,0.0,0.0,154,insufficient_n
pdh,upper,break_and_retest,retest_limit,1.0xATR,1.5R,none,1166,2.151,0.3988,0.5153,-0.4017,-468.326,-475.763,221,dead
pdh,upper,break_and_retest,retest_limit,1.0xATR,1.5R,ny_am_only,470,0.867,0.3553,0.4863,-0.4326,-203.339,-209.207,84,dead
pdh,upper,break_and_retest,retest_limit,1.0xATR,1.5R,vwap_slope_agreement,736,1.358,0.4117,0.5348,-0.3769,-277.367,-285.158,154,dead
pdh,upper,break_and_retest,retest_limit,1.0xATR,2R,none,1166,2.151,0.3413,0.5712,-0.389,-453.523,-463.352,221,dead
pdh,upper,break_and_retest,retest_limit,1.0xATR,2R,ny_am_only,470,0.867,0.2979,0.5341,-0.4273,-200.839,-205.817,84,dead
pdh,upper,break_and_retest,retest_limit,1.0xATR,2R,vwap_slope_agreement,736,1.358,0.3505,0.5829,-0.3733,-274.721,-282.345,154,dead
pdh,upper,first_touch_rejection,next_bar_open,beyond_extreme_2tk,vwap,none,494,0.911,0.2753,0.46,-0.5353,-264.45,-263.263,0,dead
pdh,upper,first_touch_rejection,next_bar_open,beyond_extreme_2tk,vwap,ny_am_only,292,0.539,0.3082,0.5185,-0.4222,-123.293,-126.398,0,dead
pdh,upper,first_touch_rejection,next_bar_open,beyond_extreme_2tk,vwap,vwap_slope_agreement,6,0.011,0.8333,3.9607,0.8848,5.309,0.0,0,sub_floor
pdh,upper,first_touch_rejection,next_bar_open,beyond_extreme_2tk,prior_day_mid,none,1050,1.937,0.2781,0.6107,-0.3815,-400.596,-399.207,0,dead
pdh,upper,first_touch_rejection,next_bar_open,beyond_extreme_2tk,prior_day_mid,ny_am_only,746,1.376,0.2869,0.6498,-0.3361,-250.74,-252.538,0,dead
pdh,upper,first_touch_rejection,next_bar_open,beyond_extreme_2tk,prior_day_mid,vwap_slope_agreement,222,0.41,0.3514,0.6923,-0.2395,-53.168,-62.402,0,dead
pdh,upper,first_touch_rejection,next_bar_open,beyond_extreme_2tk,1.5R,none,1054,1.945,0.3861,0.5373,-0.376,-396.302,-397.412,0,dead
pdh,upper,first_touch_rejection,next_bar_open,beyond_extreme_2tk,1.5R,ny_am_only,750,1.384,0.3947,0.5762,-0.3361,-252.04,-253.151,0,dead
pdh,upper,first_touch_rejection,next_bar_open,beyond_extreme_2tk,1.5R,vwap_slope_agreement,223,0.411,0.417,0.7208,-0.1934,-43.119,-44.97,0,dead
pdh,upper,first_touch_rejection,next_bar_open,beyond_extreme_2tk,2R,none,1054,1.945,0.3302,0.5752,-0.3767,-397.083,-398.693,0,dead
pdh,upper,first_touch_rejection,next_bar_open,beyond_extreme_2tk,2R,ny_am_only,750,1.384,0.3373,0.6206,-0.3292,-246.868,-248.627,0,dead
pdh,upper,first_touch_rejection,next_bar_open,beyond_extreme_2tk,2R,vwap_slope_agreement,223,0.411,0.3722,0.8002,-0.1482,-33.038,-35.494,0,dead
pdh,upper,first_touch_rejection,next_bar_open,1.0xATR,vwap,none,494,0.911,0.3462,0.5298,-0.3571,-176.422,-175.292,0,dead
pdh,upper,first_touch_rejection,next_bar_open,1.0xATR,vwap,ny_am_only,292,0.539,0.4212,0.6228,-0.214,-62.486,-65.562,0,dead
pdh,upper,first_touch_rejection,next_bar_open,1.0xATR,vwap,vwap_slope_agreement,6,0.011,1.0,inf,0.5875,3.525,0.0,0,insufficient_n
pdh,upper,first_touch_rejection,next_bar_open,1.0xATR,prior_day_mid,none,1050,1.937,0.3,0.7195,-0.25,-262.498,-263.536,0,dead
pdh,upper,first_touch_rejection,next_bar_open,1.0xATR,prior_day_mid,ny_am_only,746,1.376,0.319,0.7666,-0.1973,-147.154,-154.293,0,dead
pdh,upper,first_touch_rejection,next_bar_open,1.0xATR,prior_day_mid,vwap_slope_agreement,222,0.41,0.2793,0.5873,-0.3867,-85.836,-84.599,0,dead
pdh,upper,first_touch_rejection,next_bar_open,1.0xATR,1.5R,none,1054,1.945,0.408,0.641,-0.2694,-283.923,-282.727,0,dead
pdh,upper,first_touch_rejection,next_bar_open,1.0xATR,1.5R,ny_am_only,750,1.384,0.416,0.6988,-0.219,-164.224,-167.483,0,dead
pdh,upper,first_touch_rejection,next_bar_open,1.0xATR,1.5R,vwap_slope_agreement,223,0.411,0.435,0.6912,-0.2233,-49.792,-52.17,0,dead
pdh,upper,first_touch_rejection,next_bar_open,1.0xATR,2R,none,1054,1.945,0.3482,0.69,-0.2566,-270.453,-269.756,0,dead
pdh,upper,first_touch_rejection,next_bar_open,1.0xATR,2R,ny_am_only,750,1.384,0.3467,0.7267,-0.221,-165.762,-169.12,0,dead
pdh,upper,first_touch_rejection,next_bar_open,1.0xATR,2R,vwap_slope_agreement,223,0.411,0.3767,0.752,-0.2025,-45.155,-53.672,0,dead
pdh,upper,first_touch_rejection,retest_limit,beyond_extreme_2tk,vwap,none,527,0.972,0.2638,0.501,-0.6015,-317.011,-338.103,187,dead
pdh,upper,first_touch_rejection,retest_limit,beyond_extreme_2tk,vwap,ny_am_only,352,0.649,0.3153,0.6517,-0.3611,-127.098,-159.828,124,dead
pdh,upper,first_touch_rejection,retest_limit,beyond_extreme_2tk,vwap,vwap_slope_agreement,5,0.009,0.8,5.6942,1.9323,9.662,0.0,39,sub_floor
pdh,upper,first_touch_rejection,retest_limit,beyond_extreme_2tk,prior_day_mid,none,879,1.622,0.1786,0.6052,-0.5311,-466.855,-468.896,187,dead
pdh,upper,first_touch_rejection,retest_limit,beyond_extreme_2tk,prior_day_mid,ny_am_only,626,1.155,0.1837,0.6971,-0.399,-249.791,-252.336,124,dead
pdh,upper,first_touch_rejection,retest_limit,beyond_extreme_2tk,prior_day_mid,vwap_slope_agreement,185,0.341,0.2486,0.702,-0.3134,-57.984,-71.674,39,dead
pdh,upper,first_touch_rejection,retest_limit,beyond_extreme_2tk,1.5R,none,879,1.622,0.4391,0.5188,-0.3799,-333.971,-342.272,187,dead
pdh,upper,first_touch_rejection,retest_limit,beyond_extreme_2tk,1.5R,ny_am_only,626,1.155,0.4617,0.5951,-0.2964,-185.567,-199.908,124,dead
pdh,upper,first_touch_rejection,retest_limit,beyond_extreme_2tk,1.5R,vwap_slope_agreement,185,0.341,0.4811,0.7458,-0.171,-31.643,-36.608,39,dead
pdh,upper,first_touch_rejection,retest_limit,beyond_extreme_2tk,2R,none,879,1.622,0.405,0.5804,-0.3841,-337.6,-349.4,187,dead
pdh,upper,first_touch_rejection,retest_limit,beyond_extreme_2tk,2R,ny_am_only,626,1.155,0.4233,0.6568,-0.2964,-185.533,-212.874,124,dead
pdh,upper,first_touch_rejection,retest_limit,beyond_extreme_2tk,2R,vwap_slope_agreement,185,0.341,0.427,0.8248,-0.1346,-24.897,-30.528,39,dead
pdh,upper,first_touch_rejection,retest_limit,1.0xATR,vwap,none,527,0.972,0.3814,0.5295,-0.3127,-164.799,-166.135,187,dead
pdh,upper,first_touch_rejection,retest_limit,1.0xATR,vwap,ny_am_only,352,0.649,0.4659,0.7331,-0.1256,-44.197,-50.839,124,dead
pdh,upper,first_touch_rejection,retest_limit,1.0xATR,vwap,vwap_slope_agreement,5,0.009,1.0,inf,0.8293,4.146,0.0,39,insufficient_n
pdh,upper,first_touch_rejection,retest_limit,1.0xATR,prior_day_mid,none,879,1.622,0.2651,0.6867,-0.2923,-256.944,-275.733,187,dead
pdh,upper,first_touch_rejection,retest_limit,1.0xATR,prior_day_mid,ny_am_only,626,1.155,0.2843,0.7732,-0.2013,-126.006,-149.736,124,dead
pdh,upper,first_touch_rejection,retest_limit,1.0xATR,prior_day_mid,vwap_slope_agreement,185,0.341,0.2811,0.7036,-0.2818,-52.132,-67.304,39,dead
pdh,upper,first_touch_rejection,retest_limit,1.0xATR,1.5R,none,879,1.622,0.4027,0.6377,-0.273,-239.953,-244.444,187,dead
pdh,upper,first_touch_rejection,retest_limit,1.0xATR,1.5R,ny_am_only,626,1.155,0.4169,0.7083,-0.2108,-131.985,-143.585,124,dead
pdh,upper,first_touch_rejection,retest_limit,1.0xATR,1.5R,vwap_slope_agreement,185,0.341,0.4649,0.7726,-0.1564,-28.94,-47.318,39,dead
pdh,upper,first_touch_rejection,retest_limit,1.0xATR,2R,none,879,1.622,0.3413,0.6796,-0.2681,-235.68,-242.047,187,dead
pdh,upper,first_touch_rejection,retest_limit,1.0xATR,2R,ny_am_only,626,1.155,0.3482,0.7375,-0.2123,-132.894,-143.494,124,dead
pdh,upper,first_touch_rejection,retest_limit,1.0xATR,2R,vwap_slope_agreement,185,0.341,0.4162,0.8777,-0.0937,-17.34,-37.072,39,dead
pdh,upper,sweep_and_close_back_inside,next_bar_open,beyond_extreme_2tk,vwap,none,1453,2.681,0.318,0.4671,-0.4216,-612.531,-612.161,0,dead
pdh,upper,sweep_and_close_back_inside,next_bar_open,beyond_extreme_2tk,vwap,ny_am_only,531,0.98,0.3051,0.3469,-0.4855,-257.794,-258.844,0,dead
pdh,upper,sweep_and_close_back_inside,next_bar_open,beyond_extreme_2tk,vwap,vwap_slope_agreement,94,0.173,0.3404,0.2752,-0.4414,-41.493,-43.719,0,sub_floor
pdh,upper,sweep_and_close_back_inside,next_bar_open,beyond_extreme_2tk,prior_day_mid,none,3187,5.88,0.2564,0.6287,-0.3602,-1147.941,-1146.551,0,dead
pdh,upper,sweep_and_close_back_inside,next_bar_open,beyond_extreme_2tk,prior_day_mid,ny_am_only,1510,2.786,0.2642,0.6691,-0.3157,-476.723,-501.091,0,dead
pdh,upper,sweep_and_close_back_inside,next_bar_open,beyond_extreme_2tk,prior_day_mid,vwap_slope_agreement,1040,1.919,0.2635,0.643,-0.3418,-355.458,-377.806,0,dead
pdh,upper,sweep_and_close_back_inside,next_bar_open,beyond_extreme_2tk,1.5R,none,3204,5.911,0.3948,0.5795,-0.3272,-1048.4,-1055.585,0,dead
pdh,upper,sweep_and_close_back_inside,next_bar_open,beyond_extreme_2tk,1.5R,ny_am_only,1519,2.803,0.391,0.5997,-0.3125,-474.703,-475.813,0,dead
pdh,upper,sweep_and_close_back_inside,next_bar_open,beyond_extreme_2tk,1.5R,vwap_slope_agreement,1048,1.934,0.4017,0.5973,-0.3093,-324.183,-334.1,0,dead
pdh,upper,sweep_and_close_back_inside,next_bar_open,beyond_extreme_2tk,2R,none,3204,5.911,0.3418,0.6313,-0.312,-999.783,-1019.513,0,dead
pdh,upper,sweep_and_close_back_inside,next_bar_open,beyond_extreme_2tk,2R,ny_am_only,1519,2.803,0.3318,0.6421,-0.3054,-463.867,-466.839,0,dead
pdh,upper,sweep_and_close_back_inside,next_bar_open,beyond_extreme_2tk,2R,vwap_slope_agreement,1048,1.934,0.3473,0.6568,-0.2873,-301.115,-318.223,0,dead
pdh,upper,sweep_and_close_back_inside,next_bar_open,1.0xATR,vwap,none,1453,2.681,0.3606,0.5191,-0.3342,-485.552,-484.325,0,dead
pdh,upper,sweep_and_close_back_inside,next_bar_open,1.0xATR,vwap,ny_am_only,531,0.98,0.3898,0.436,-0.314,-166.727,-166.25,0,dead
pdh,upper,sweep_and_close_back_inside,next_bar_open,1.0xATR,vwap,vwap_slope_agreement,94,0.173,0.4362,0.3471,-0.2396,-22.523,-23.259,0,sub_floor
pdh,upper,sweep_and_close_back_inside,next_bar_open,1.0xATR,prior_day_mid,none,3187,5.88,0.2664,0.6737,-0.3045,-970.553,-972.401,0,dead
pdh,upper,sweep_and_close_back_inside,next_bar_open,1.0xATR,prior_day_mid,ny_am_only,1510,2.786,0.2808,0.7036,-0.262,-395.632,-435.371,0,dead
pdh,upper,sweep_and_close_back_inside,next_bar_open,1.0xATR,prior_day_mid,vwap_slope_agreement,1040,1.919,0.2635,0.6062,-0.3711,-385.945,-389.732,0,dead
pdh,upper,sweep_and_close_back_inside,next_bar_open,1.0xATR,1.5R,none,3204,5.911,0.3945,0.6078,-0.303,-970.791,-975.153,0,dead
pdh,upper,sweep_and_close_back_inside,next_bar_open,1.0xATR,1.5R,ny_am_only,1519,2.803,0.3845,0.6356,-0.2779,-422.193,-425.447,0,dead
pdh,upper,sweep_and_close_back_inside,next_bar_open,1.0xATR,1.5R,vwap_slope_agreement,1048,1.934,0.4017,0.6199,-0.292,-306.043,-316.83,0,dead
pdh,upper,sweep_and_close_back_inside,next_bar_open,1.0xATR,2R,none,3204,5.911,0.3408,0.6661,-0.281,-900.216,-909.272,0,dead
pdh,upper,sweep_and_close_back_inside,next_bar_open,1.0xATR,2R,ny_am_only,1519,2.803,0.3246,0.6778,-0.269,-408.618,-412.872,0,dead
pdh,upper,sweep_and_close_back_inside,next_bar_open,1.0xATR,2R,vwap_slope_agreement,1048,1.934,0.3464,0.674,-0.2746,-287.748,-304.157,0,dead
pdh,upper,sweep_and_close_back_inside,retest_limit,beyond_extreme_2tk,vwap,none,1573,2.902,0.3007,0.5203,-0.4248,-668.242,-671.535,553,dead
pdh,upper,sweep_and_close_back_inside,retest_limit,beyond_extreme_2tk,vwap,ny_am_only,687,1.268,0.3421,0.5112,-0.3714,-255.161,-276.632,227,dead
pdh,upper,sweep_and_close_back_inside,retest_limit,beyond_extreme_2tk,vwap,vwap_slope_agreement,143,0.264,0.3916,0.6708,-0.187,-26.747,-38.49,182,sub_floor
pdh,upper,sweep_and_close_back_inside,retest_limit,beyond_extreme_2tk,prior_day_mid,none,2712,5.004,0.1692,0.5456,-0.5625,-1525.616,-1524.087,553,dead
pdh,upper,sweep_and_close_back_inside,retest_limit,beyond_extreme_2tk,prior_day_mid,ny_am_only,1292,2.384,0.1718,0.6258,-0.4569,-590.304,-592.878,227,dead
pdh,upper,sweep_and_close_back_inside,retest_limit,beyond_extreme_2tk,prior_day_mid,vwap_slope_agreement,880,1.624,0.1727,0.5664,-0.5377,-473.193,-500.971,182,dead
pdh,upper,sweep_and_close_back_inside,retest_limit,beyond_extreme_2tk,1.5R,none,2712,5.004,0.5066,0.6852,-0.2264,-613.91,-626.297,553,dead
pdh,upper,sweep_and_close_back_inside,retest_limit,beyond_extreme_2tk,1.5R,ny_am_only,1292,2.384,0.5155,0.7386,-0.1828,-236.142,-273.417,227,dead
pdh,upper,sweep_and_close_back_inside,retest_limit,beyond_extreme_2tk,1.5R,vwap_slope_agreement,880,1.624,0.5125,0.6965,-0.2165,-190.556,-219.503,182,dead
pdh,upper,sweep_and_close_back_inside,retest_limit,beyond_extreme_2tk,2R,none,2712,5.004,0.4038,0.6721,-0.2867,-777.397,-788.224,553,dead
pdh,upper,sweep_and_close_back_inside,retest_limit,beyond_extreme_2tk,2R,ny_am_only,1292,2.384,0.4125,0.7265,-0.2333,-301.367,-322.479,227,dead
pdh,upper,sweep_and_close_back_inside,retest_limit,beyond_extreme_2tk,2R,vwap_slope_agreement,880,1.624,0.4057,0.6785,-0.2815,-247.746,-281.856,182,dead
pdh,upper,sweep_and_close_back_inside,retest_limit,1.0xATR,vwap,none,1573,2.902,0.3973,0.5969,-0.2418,-380.358,-379.131,553,dead
pdh,upper,sweep_and_close_back_inside,retest_limit,1.0xATR,vwap,ny_am_only,687,1.268,0.4687,0.6172,-0.1633,-112.21,-120.852,227,dead
pdh,upper,sweep_and_close_back_inside,retest_limit,1.0xATR,vwap,vwap_slope_agreement,143,0.264,0.4895,0.6241,-0.1036,-14.817,-17.534,182,sub_floor
pdh,upper,sweep_and_close_back_inside,retest_limit,1.0xATR,prior_day_mid,none,2712,5.004,0.2467,0.6476,-0.3355,-909.923,-951.38,553,dead
pdh,upper,sweep_and_close_back_inside,retest_limit,1.0xATR,prior_day_mid,ny_am_only,1292,2.384,0.2546,0.6984,-0.2766,-357.429,-391.451,227,dead
pdh,upper,sweep_and_close_back_inside,retest_limit,1.0xATR,prior_day_mid,vwap_slope_agreement,880,1.624,0.25,0.6109,-0.3736,-328.759,-365.358,182,dead
pdh,upper,sweep_and_close_back_inside,retest_limit,1.0xATR,1.5R,none,2712,5.004,0.3897,0.5993,-0.3099,-840.536,-870.188,553,dead
pdh,upper,sweep_and_close_back_inside,retest_limit,1.0xATR,1.5R,ny_am_only,1292,2.384,0.3808,0.6238,-0.2882,-372.304,-375.37,227,dead
pdh,upper,sweep_and_close_back_inside,retest_limit,1.0xATR,1.5R,vwap_slope_agreement,880,1.624,0.3898,0.5911,-0.3183,-280.098,-304.387,182,dead
pdh,upper,sweep_and_close_back_inside,retest_limit,1.0xATR,2R,none,2712,5.004,0.3352,0.6487,-0.2958,-802.194,-843.254,553,dead
pdh,upper,sweep_and_close_back_inside,retest_limit,1.0xATR,2R,ny_am_only,1292,2.384,0.3235,0.6753,-0.2708,-349.859,-360.034,227,dead
pdh,upper,sweep_and_close_back_inside,retest_limit,1.0xATR,2R,vwap_slope_agreement,880,1.624,0.3398,0.6588,-0.288,-253.439,-283.547,182,dead
pdl,lower,break_and_retest,next_bar_open,beyond_extreme_2tk,vwap,none,244,0.45,0.2705,0.3299,-0.785,-191.53,-198.24,0,dead
pdl,lower,break_and_retest,next_bar_open,beyond_extreme_2tk,vwap,ny_am_only,86,0.159,0.2907,0.3399,-0.7111,-61.152,-61.805,0,sub_floor
pdl,lower,break_and_retest,next_bar_open,beyond_extreme_2tk,vwap,vwap_slope_agreement,48,0.089,0.2083,0.1295,-1.0347,-49.667,-47.915,0,sub_floor
pdl,lower,break_and_retest,next_bar_open,beyond_extreme_2tk,prior_day_mid,none,0,0.0,,,,0.0,0.0,0,insufficient_n
pdl,lower,break_and_retest,next_bar_open,beyond_extreme_2tk,prior_day_mid,ny_am_only,0,0.0,,,,0.0,0.0,0,insufficient_n
pdl,lower,break_and_retest,next_bar_open,beyond_extreme_2tk,prior_day_mid,vwap_slope_agreement,0,0.0,,,,0.0,0.0,0,insufficient_n
pdl,lower,break_and_retest,next_bar_open,beyond_extreme_2tk,1.5R,none,1054,1.945,0.3795,0.4015,-0.5652,-595.728,-600.501,0,dead
pdl,lower,break_and_retest,next_bar_open,beyond_extreme_2tk,1.5R,ny_am_only,369,0.681,0.374,0.4214,-0.545,-201.106,-206.199,0,dead
pdl,lower,break_and_retest,next_bar_open,beyond_extreme_2tk,1.5R,vwap_slope_agreement,725,1.338,0.3931,0.4372,-0.5134,-372.185,-377.036,0,dead
pdl,lower,break_and_retest,next_bar_open,beyond_extreme_2tk,2R,none,1054,1.945,0.3188,0.4439,-0.5781,-609.266,-614.93,0,dead
pdl,lower,break_and_retest,next_bar_open,beyond_extreme_2tk,2R,ny_am_only,369,0.681,0.3089,0.4362,-0.5883,-217.076,-222.522,0,dead
pdl,lower,break_and_retest,next_bar_open,beyond_extreme_2tk,2R,vwap_slope_agreement,725,1.338,0.3338,0.4882,-0.5135,-372.279,-377.13,0,dead
pdl,lower,break_and_retest,next_bar_open,1.0xATR,vwap,none,244,0.45,0.4057,0.4769,-0.3311,-80.787,-85.414,0,dead
pdl,lower,break_and_retest,next_bar_open,1.0xATR,vwap,ny_am_only,86,0.159,0.4302,0.5717,-0.1785,-15.35,-16.798,0,sub_floor
pdl,lower,break_and_retest,next_bar_open,1.0xATR,vwap,vwap_slope_agreement,48,0.089,0.375,0.2586,-0.3353,-16.095,-17.744,0,sub_floor
pdl,lower,break_and_retest,next_bar_open,1.0xATR,prior_day_mid,none,0,0.0,,,,0.0,0.0,0,insufficient_n
pdl,lower,break_and_retest,next_bar_open,1.0xATR,prior_day_mid,ny_am_only,0,0.0,,,,0.0,0.0,0,insufficient_n
pdl,lower,break_and_retest,next_bar_open,1.0xATR,prior_day_mid,vwap_slope_agreement,0,0.0,,,,0.0,0.0,0,insufficient_n
pdl,lower,break_and_retest,next_bar_open,1.0xATR,1.5R,none,1054,1.945,0.3947,0.5972,-0.3129,-329.827,-336.12,0,dead
pdl,lower,break_and_retest,next_bar_open,1.0xATR,1.5R,ny_am_only,369,0.681,0.374,0.624,-0.2892,-106.725,-121.26,0,dead
pdl,lower,break_and_retest,next_bar_open,1.0xATR,1.5R,vwap_slope_agreement,725,1.338,0.3917,0.6023,-0.3072,-222.709,-225.444,0,dead
pdl,lower,break_and_retest,next_bar_open,1.0xATR,2R,none,1054,1.945,0.3349,0.6312,-0.3158,-332.852,-345.108,0,dead
pdl,lower,break_and_retest,next_bar_open,1.0xATR,2R,ny_am_only,369,0.681,0.3252,0.7031,-0.2451,-90.435,-109.977,0,dead
pdl,lower,break_and_retest,next_bar_open,1.0xATR,2R,vwap_slope_agreement,725,1.338,0.3366,0.6476,-0.2977,-215.847,-224.581,0,dead
pdl,lower,break_and_retest,retest_limit,beyond_extreme_2tk,vwap,none,273,0.504,0.3004,0.5054,-0.5785,-157.943,-168.632,165,dead
pdl,lower,break_and_retest,retest_limit,beyond_extreme_2tk,vwap,ny_am_only,107,0.197,0.3738,0.6139,-0.3569,-38.189,-48.681,52,sub_floor
pdl,lower,break_and_retest,retest_limit,beyond_extreme_2tk,vwap,vwap_slope_agreement,62,0.114,0.2581,0.2894,-0.7198,-44.625,-42.298,116,sub_floor
pdl,lower,break_and_retest,retest_limit,beyond_extreme_2tk,prior_day_mid,none,0,0.0,,,,0.0,0.0,165,insufficient_n
pdl,lower,break_and_retest,retest_limit,beyond_extreme_2tk,prior_day_mid,ny_am_only,0,0.0,,,,0.0,0.0,52,insufficient_n
pdl,lower,break_and_retest,retest_limit,beyond_extreme_2tk,prior_day_mid,vwap_slope_agreement,0,0.0,,,,0.0,0.0,116,insufficient_n
pdl,lower,break_and_retest,retest_limit,beyond_extreme_2tk,1.5R,none,905,1.67,0.5028,0.5052,-0.3744,-338.798,-352.202,165,dead
pdl,lower,break_and_retest,retest_limit,beyond_extreme_2tk,1.5R,ny_am_only,317,0.585,0.5331,0.6086,-0.2693,-85.384,-91.533,52,dead
pdl,lower,break_and_retest,retest_limit,beyond_extreme_2tk,1.5R,vwap_slope_agreement,622,1.148,0.5048,0.5297,-0.3521,-219.016,-228.963,116,dead
pdl,lower,break_and_retest,retest_limit,beyond_extreme_2tk,2R,none,905,1.67,0.4961,0.5899,-0.3718,-336.453,-360.636,165,dead
pdl,lower,break_and_retest,retest_limit,beyond_extreme_2tk,2R,ny_am_only,317,0.585,0.5268,0.7035,-0.241,-76.384,-92.114,52,dead
pdl,lower,break_and_retest,retest_limit,beyond_extreme_2tk,2R,vwap_slope_agreement,622,1.148,0.4936,0.6004,-0.3636,-226.172,-249.3,116,dead
pdl,lower,break_and_retest,retest_limit,1.0xATR,vwap,none,273,0.504,0.4689,0.5135,-0.2491,-68.018,-74.391,165,dead
pdl,lower,break_and_retest,retest_limit,1.0xATR,vwap,ny_am_only,107,0.197,0.5327,0.7571,-0.0737,-7.888,-12.722,52,sub_floor
pdl,lower,break_and_retest,retest_limit,1.0xATR,vwap,vwap_slope_agreement,62,0.114,0.4677,0.603,-0.1027,-6.365,-8.964,116,sub_floor
pdl,lower,break_and_retest,retest_limit,1.0xATR,prior_day_mid,none,0,0.0,,,,0.0,0.0,165,insufficient_n
pdl,lower,break_and_retest,retest_limit,1.0xATR,prior_day_mid,ny_am_only,0,0.0,,,,0.0,0.0,52,insufficient_n
pdl,lower,break_and_retest,retest_limit,1.0xATR,prior_day_mid,vwap_slope_agreement,0,0.0,,,,0.0,0.0,116,insufficient_n
pdl,lower,break_and_retest,retest_limit,1.0xATR,1.5R,none,905,1.67,0.3912,0.5893,-0.3223,-291.665,-307.102,165,dead
pdl,lower,break_and_retest,retest_limit,1.0xATR,1.5R,ny_am_only,317,0.585,0.3691,0.618,-0.2929,-92.841,-110.57,52,dead
pdl,lower,break_and_retest,retest_limit,1.0xATR,1.5R,vwap_slope_agreement,622,1.148,0.3971,0.6197,-0.2933,-182.409,-204.748,116,dead
pdl,lower,break_and_retest,retest_limit,1.0xATR,2R,none,905,1.67,0.3271,0.5915,-0.3532,-319.623,-327.3,165,dead
pdl,lower,break_and_retest,retest_limit,1.0xATR,2R,ny_am_only,317,0.585,0.306,0.6398,-0.3037,-96.27,-114.004,52,dead
pdl,lower,break_and_retest,retest_limit,1.0xATR,2R,vwap_slope_agreement,622,1.148,0.3296,0.6166,-0.3281,-204.1,-211.338,116,dead
pdl,lower,first_touch_rejection,next_bar_open,beyond_extreme_2tk,vwap,none,509,0.939,0.2927,0.454,-0.4969,-252.945,-251.696,0,dead
pdl,lower,first_touch_rejection,next_bar_open,beyond_extreme_2tk,vwap,ny_am_only,281,0.518,0.3167,0.4015,-0.5355,-150.473,-148.945,0,dead
pdl,lower,first_touch_rejection,next_bar_open,beyond_extreme_2tk,vwap,vwap_slope_agreement,7,0.013,0.4286,0.4013,-0.5398,-3.778,-2.368,0,sub_floor
pdl,lower,first_touch_rejection,next_bar_open,beyond_extreme_2tk,prior_day_mid,none,916,1.69,0.2817,0.542,-0.4197,-384.469,-384.692,0,dead
pdl,lower,first_touch_rejection,next_bar_open,beyond_extreme_2tk,prior_day_mid,ny_am_only,604,1.114,0.2815,0.5543,-0.4126,-249.232,-249.455,0,dead
pdl,lower,first_touch_rejection,next_bar_open,beyond_extreme_2tk,prior_day_mid,vwap_slope_agreement,158,0.292,0.2911,0.4728,-0.4304,-67.996,-67.278,0,sub_floor
pdl,lower,first_touch_rejection,next_bar_open,beyond_extreme_2tk,1.5R,none,919,1.696,0.3874,0.5815,-0.3261,-299.697,-300.72,0,dead
pdl,lower,first_touch_rejection,next_bar_open,beyond_extreme_2tk,1.5R,ny_am_only,607,1.12,0.3855,0.5889,-0.3255,-197.59,-198.517,0,dead
pdl,lower,first_touch_rejection,next_bar_open,beyond_extreme_2tk,1.5R,vwap_slope_agreement,160,0.295,0.3438,0.4777,-0.4107,-65.706,-64.988,0,sub_floor
pdl,lower,first_touch_rejection,next_bar_open,beyond_extreme_2tk,2R,none,919,1.696,0.3275,0.6051,-0.3359,-308.681,-309.78,0,dead
pdl,lower,first_touch_rejection,next_bar_open,beyond_extreme_2tk,2R,ny_am_only,607,1.12,0.3196,0.6076,-0.3411,-207.068,-207.571,0,dead
pdl,lower,first_touch_rejection,next_bar_open,beyond_extreme_2tk,2R,vwap_slope_agreement,160,0.295,0.2875,0.4729,-0.4451,-71.215,-71.361,0,sub_floor
pdl,lower,first_touch_rejection,next_bar_open,1.0xATR,vwap,none,509,0.939,0.3576,0.5507,-0.331,-168.478,-169.852,0,dead
pdl,lower,first_touch_rejection,next_bar_open,1.0xATR,vwap,ny_am_only,281,0.518,0.427,0.5877,-0.2463,-69.214,-68.61,0,dead
pdl,lower,first_touch_rejection,next_bar_open,1.0xATR,vwap,vwap_slope_agreement,7,0.013,0.4286,0.3794,-0.4603,-3.222,-2.211,0,sub_floor
pdl,lower,first_touch_rejection,next_bar_open,1.0xATR,prior_day_mid,none,916,1.69,0.3199,0.6669,-0.2757,-252.508,-254.864,0,dead
pdl,lower,first_touch_rejection,next_bar_open,1.0xATR,prior_day_mid,ny_am_only,604,1.114,0.351,0.7789,-0.1694,-102.342,-107.358,0,dead
pdl,lower,first_touch_rejection,next_bar_open,1.0xATR,prior_day_mid,vwap_slope_agreement,158,0.292,0.2722,0.5002,-0.4431,-70.013,-70.997,0,sub_floor
pdl,lower,first_touch_rejection,next_bar_open,1.0xATR,1.5R,none,919,1.696,0.3983,0.6689,-0.2435,-223.763,-228.21,0,dead
pdl,lower,first_touch_rejection,next_bar_open,1.0xATR,1.5R,ny_am_only,607,1.12,0.4086,0.7398,-0.1833,-111.263,-113.105,0,dead
pdl,lower,first_touch_rejection,next_bar_open,1.0xATR,1.5R,vwap_slope_agreement,160,0.295,0.3625,0.5192,-0.3932,-62.92,-64.265,0,sub_floor
pdl,lower,first_touch_rejection,next_bar_open,1.0xATR,2R,none,919,1.696,0.3297,0.6737,-0.2673,-245.663,-247.11,0,dead
pdl,lower,first_touch_rejection,next_bar_open,1.0xATR,2R,ny_am_only,607,1.12,0.3328,0.7208,-0.2218,-134.636,-138.101,0,dead
pdl,lower,first_touch_rejection,next_bar_open,1.0xATR,2R,vwap_slope_agreement,160,0.295,0.2875,0.5106,-0.4464,-71.42,-71.173,0,sub_floor
pdl,lower,first_touch_rejection,retest_limit,beyond_extreme_2tk,vwap,none,509,0.939,0.2809,0.4619,-0.6134,-312.215,-310.548,174,dead
pdl,lower,first_touch_rejection,retest_limit,beyond_extreme_2tk,vwap,ny_am_only,318,0.587,0.3396,0.5244,-0.488,-155.184,-153.518,106,dead
pdl,lower,first_touch_rejection,retest_limit,beyond_extreme_2tk,vwap,vwap_slope_agreement,7,0.013,0.2857,0.6369,-0.4418,-3.093,-2.13,35,sub_floor
pdl,lower,first_touch_rejection,retest_limit,beyond_extreme_2tk,prior_day_mid,none,755,1.393,0.1801,0.4432,-0.7105,-536.434,-534.767,174,dead
pdl,lower,first_touch_rejection,retest_limit,beyond_extreme_2tk,prior_day_mid,ny_am_only,501,0.924,0.1756,0.4862,-0.6534,-327.337,-325.67,106,dead
pdl,lower,first_touch_rejection,retest_limit,beyond_extreme_2tk,prior_day_mid,vwap_slope_agreement,128,0.236,0.2188,0.5063,-0.5188,-66.405,-65.759,35,sub_floor
pdl,lower,first_touch_rejection,retest_limit,beyond_extreme_2tk,1.5R,none,755,1.393,0.4781,0.6559,-0.248,-187.22,-186.634,174,dead
pdl,lower,first_touch_rejection,retest_limit,beyond_extreme_2tk,1.5R,ny_am_only,501,0.924,0.481,0.6793,-0.2268,-113.632,-113.583,106,dead
pdl,lower,first_touch_rejection,retest_limit,beyond_extreme_2tk,1.5R,vwap_slope_agreement,128,0.236,0.4453,0.648,-0.2581,-33.035,-35.199,35,sub_floor
pdl,lower,first_touch_rejection,retest_limit,beyond_extreme_2tk,2R,none,755,1.393,0.4252,0.7013,-0.2508,-189.338,-191.25,174,dead
pdl,lower,first_touch_rejection,retest_limit,beyond_extreme_2tk,2R,ny_am_only,501,0.924,0.4172,0.688,-0.2645,-132.528,-132.941,106,dead
pdl,lower,first_touch_rejection,retest_limit,beyond_extreme_2tk,2R,vwap_slope_agreement,128,0.236,0.3516,0.6084,-0.3334,-42.678,-43.862,35,sub_floor
pdl,lower,first_touch_rejection,retest_limit,1.0xATR,vwap,none,509,0.939,0.4263,0.6986,-0.193,-98.222,-106.193,174,dead
pdl,lower,first_touch_rejection,retest_limit,1.0xATR,vwap,ny_am_only,318,0.587,0.5063,0.6834,-0.1559,-49.573,-54.489,106,dead
pdl,lower,first_touch_rejection,retest_limit,1.0xATR,vwap,vwap_slope_agreement,7,0.013,0.4286,0.5516,-0.3136,-2.195,-1.165,35,sub_floor
pdl,lower,first_touch_rejection,retest_limit,1.0xATR,prior_day_mid,none,755,1.393,0.306,0.7229,-0.234,-176.672,-176.466,174,dead
pdl,lower,first_touch_rejection,retest_limit,1.0xATR,prior_day_mid,ny_am_only,501,0.924,0.3253,0.7902,-0.1666,-83.459,-85.964,106,dead
pdl,lower,first_touch_rejection,retest_limit,1.0xATR,prior_day_mid,vwap_slope_agreement,128,0.236,0.2578,0.5141,-0.4489,-57.46,-56.306,35,sub_floor
pdl,lower,first_touch_rejection,retest_limit,1.0xATR,1.5R,none,755,1.393,0.4159,0.7246,-0.1972,-148.905,-152.625,174,dead
pdl,lower,first_touch_rejection,retest_limit,1.0xATR,1.5R,ny_am_only,501,0.924,0.4271,0.805,-0.1327,-66.464,-69.471,106,dead
pdl,lower,first_touch_rejection,retest_limit,1.0xATR,1.5R,vwap_slope_agreement,128,0.236,0.3516,0.5189,-0.4004,-51.251,-53.911,35,sub_floor
pdl,lower,first_touch_rejection,retest_limit,1.0xATR,2R,none,755,1.393,0.3391,0.7057,-0.2371,-178.997,-177.74,174,dead
pdl,lower,first_touch_rejection,retest_limit,1.0xATR,2R,ny_am_only,501,0.924,0.3433,0.7524,-0.1923,-96.329,-97.046,106,dead
pdl,lower,first_touch_rejection,retest_limit,1.0xATR,2R,vwap_slope_agreement,128,0.236,0.2656,0.4914,-0.4717,-60.372,-66.45,35,sub_floor
pdl,lower,sweep_and_close_back_inside,next_bar_open,beyond_extreme_2tk,vwap,none,1727,3.186,0.337,0.515,-0.3516,-607.129,-607.697,0,dead
pdl,lower,sweep_and_close_back_inside,next_bar_open,beyond_extreme_2tk,vwap,ny_am_only,552,1.018,0.3442,0.4399,-0.3779,-208.628,-207.872,0,dead
pdl,lower,sweep_and_close_back_inside,next_bar_open,beyond_extreme_2tk,vwap,vwap_slope_agreement,105,0.194,0.2381,0.189,-0.5205,-54.652,-53.257,0,sub_floor
pdl,lower,sweep_and_close_back_inside,next_bar_open,beyond_extreme_2tk,prior_day_mid,none,3202,5.908,0.2804,0.6316,-0.327,-1047.008,-1051.673,0,dead
pdl,lower,sweep_and_close_back_inside,next_bar_open,beyond_extreme_2tk,prior_day_mid,ny_am_only,1305,2.408,0.2889,0.6755,-0.284,-370.645,-370.868,0,dead
pdl,lower,sweep_and_close_back_inside,next_bar_open,beyond_extreme_2tk,prior_day_mid,vwap_slope_agreement,933,1.721,0.2529,0.5399,-0.4259,-397.372,-419.168,0,dead
pdl,lower,sweep_and_close_back_inside,next_bar_open,beyond_extreme_2tk,1.5R,none,3217,5.935,0.4001,0.6378,-0.2652,-853.213,-854.238,0,dead
pdl,lower,sweep_and_close_back_inside,next_bar_open,beyond_extreme_2tk,1.5R,ny_am_only,1313,2.423,0.4006,0.679,-0.2364,-310.423,-308.923,0,dead
pdl,lower,sweep_and_close_back_inside,next_bar_open,beyond_extreme_2tk,1.5R,vwap_slope_agreement,943,1.74,0.3796,0.5745,-0.3231,-304.663,-309.341,0,dead
pdl,lower,sweep_and_close_back_inside,next_bar_open,beyond_extreme_2tk,2R,none,3217,5.935,0.3388,0.6526,-0.2797,-899.751,-901.776,0,dead
pdl,lower,sweep_and_close_back_inside,next_bar_open,beyond_extreme_2tk,2R,ny_am_only,1313,2.423,0.3305,0.6842,-0.2581,-338.823,-337.823,0,dead
pdl,lower,sweep_and_close_back_inside,next_bar_open,beyond_extreme_2tk,2R,vwap_slope_agreement,943,1.74,0.3203,0.5958,-0.3353,-316.144,-325.837,0,dead
pdl,lower,sweep_and_close_back_inside,next_bar_open,1.0xATR,vwap,none,1727,3.186,0.3798,0.5564,-0.2791,-482.015,-483.645,0,dead
pdl,lower,sweep_and_close_back_inside,next_bar_open,1.0xATR,vwap,ny_am_only,552,1.018,0.4167,0.5012,-0.2548,-140.658,-139.401,0,dead
pdl,lower,sweep_and_close_back_inside,next_bar_open,1.0xATR,vwap,vwap_slope_agreement,105,0.194,0.3714,0.3418,-0.2631,-27.63,-26.358,0,sub_floor
pdl,lower,sweep_and_close_back_inside,next_bar_open,1.0xATR,prior_day_mid,none,3202,5.908,0.3011,0.6841,-0.2633,-842.936,-845.926,0,dead
pdl,lower,sweep_and_close_back_inside,next_bar_open,1.0xATR,prior_day_mid,ny_am_only,1305,2.408,0.3364,0.7915,-0.1607,-209.693,-233.276,0,dead
pdl,lower,sweep_and_close_back_inside,next_bar_open,1.0xATR,prior_day_mid,vwap_slope_agreement,933,1.721,0.2701,0.6159,-0.3368,-314.223,-325.69,0,dead
pdl,lower,sweep_and_close_back_inside,next_bar_open,1.0xATR,1.5R,none,3217,5.935,0.4057,0.7001,-0.2129,-684.951,-686.36,0,dead
pdl,lower,sweep_and_close_back_inside,next_bar_open,1.0xATR,1.5R,ny_am_only,1313,2.423,0.4128,0.781,-0.1507,-197.932,-196.774,0,dead
pdl,lower,sweep_and_close_back_inside,next_bar_open,1.0xATR,1.5R,vwap_slope_agreement,943,1.74,0.3924,0.6535,-0.2548,-240.303,-247.442,0,dead
pdl,lower,sweep_and_close_back_inside,next_bar_open,1.0xATR,2R,none,3217,5.935,0.3382,0.7087,-0.2299,-739.53,-741.915,0,dead
pdl,lower,sweep_and_close_back_inside,next_bar_open,1.0xATR,2R,ny_am_only,1313,2.423,0.3298,0.7451,-0.1999,-262.515,-264.166,0,dead
pdl,lower,sweep_and_close_back_inside,next_bar_open,1.0xATR,2R,vwap_slope_agreement,943,1.74,0.3203,0.6523,-0.2845,-268.272,-281.536,0,dead
pdl,lower,sweep_and_close_back_inside,retest_limit,beyond_extreme_2tk,vwap,none,1764,3.255,0.3328,0.6087,-0.3301,-582.373,-590.082,593,dead
pdl,lower,sweep_and_close_back_inside,retest_limit,beyond_extreme_2tk,vwap,ny_am_only,658,1.214,0.3936,0.6291,-0.2623,-172.597,-176.523,224,dead
pdl,lower,sweep_and_close_back_inside,retest_limit,beyond_extreme_2tk,vwap,vwap_slope_agreement,152,0.28,0.3289,0.4242,-0.3702,-56.274,-58.569,177,sub_floor
pdl,lower,sweep_and_close_back_inside,retest_limit,beyond_extreme_2tk,prior_day_mid,none,2684,4.952,0.1908,0.5965,-0.4635,-1244.01,-1259.36,593,dead
pdl,lower,sweep_and_close_back_inside,retest_limit,beyond_extreme_2tk,prior_day_mid,ny_am_only,1089,2.009,0.1892,0.6588,-0.3885,-423.131,-421.464,224,dead
pdl,lower,sweep_and_close_back_inside,retest_limit,beyond_extreme_2tk,prior_day_mid,vwap_slope_agreement,788,1.454,0.1675,0.5031,-0.5932,-467.417,-509.549,177,dead
pdl,lower,sweep_and_close_back_inside,retest_limit,beyond_extreme_2tk,1.5R,none,2684,4.952,0.5261,0.8253,-0.1135,-304.598,-310.907,593,dead
pdl,lower,sweep_and_close_back_inside,retest_limit,beyond_extreme_2tk,1.5R,ny_am_only,1089,2.009,0.5225,0.8571,-0.0934,-101.669,-131.452,224,dead
pdl,lower,sweep_and_close_back_inside,retest_limit,beyond_extreme_2tk,1.5R,vwap_slope_agreement,788,1.454,0.5241,0.7919,-0.1369,-107.844,-120.56,177,dead
pdl,lower,sweep_and_close_back_inside,retest_limit,beyond_extreme_2tk,2R,none,2684,4.952,0.44,0.8442,-0.1205,-323.415,-326.64,593,dead
pdl,lower,sweep_and_close_back_inside,retest_limit,beyond_extreme_2tk,2R,ny_am_only,1089,2.009,0.438,0.8832,-0.0901,-98.066,-141.234,224,dead
pdl,lower,sweep_and_close_back_inside,retest_limit,beyond_extreme_2tk,2R,vwap_slope_agreement,788,1.454,0.4315,0.7895,-0.166,-130.773,-137.409,177,dead
pdl,lower,sweep_and_close_back_inside,retest_limit,1.0xATR,vwap,none,1764,3.255,0.4314,0.6603,-0.1924,-339.402,-360.8,593,dead
pdl,lower,sweep_and_close_back_inside,retest_limit,1.0xATR,vwap,ny_am_only,658,1.214,0.5182,0.7069,-0.1202,-79.108,-81.525,224,dead
pdl,lower,sweep_and_close_back_inside,retest_limit,1.0xATR,vwap,vwap_slope_agreement,152,0.28,0.4605,0.5762,-0.1344,-20.433,-20.381,177,sub_floor
pdl,lower,sweep_and_close_back_inside,retest_limit,1.0xATR,prior_day_mid,none,2684,4.952,0.288,0.6989,-0.254,-681.621,-684.601,593,dead
pdl,lower,sweep_and_close_back_inside,retest_limit,1.0xATR,prior_day_mid,ny_am_only,1089,2.009,0.3269,0.8725,-0.0993,-108.116,-140.881,224,dead
pdl,lower,sweep_and_close_back_inside,retest_limit,1.0xATR,prior_day_mid,vwap_slope_agreement,788,1.454,0.2589,0.6156,-0.338,-266.306,-277.481,177,dead
pdl,lower,sweep_and_close_back_inside,retest_limit,1.0xATR,1.5R,none,2684,4.952,0.4206,0.7511,-0.171,-459.037,-462.342,593,dead
pdl,lower,sweep_and_close_back_inside,retest_limit,1.0xATR,1.5R,ny_am_only,1089,2.009,0.4444,0.8943,-0.0688,-74.893,-74.899,224,dead
pdl,lower,sweep_and_close_back_inside,retest_limit,1.0xATR,1.5R,vwap_slope_agreement,788,1.454,0.3934,0.663,-0.2433,-191.706,-203.707,177,dead
pdl,lower,sweep_and_close_back_inside,retest_limit,1.0xATR,2R,none,2684,4.952,0.3443,0.7338,-0.2061,-553.176,-562.196,593,dead
pdl,lower,sweep_and_close_back_inside,retest_limit,1.0xATR,2R,ny_am_only,1089,2.009,0.3554,0.8381,-0.1212,-131.971,-130.714,224,dead
pdl,lower,sweep_and_close_back_inside,retest_limit,1.0xATR,2R,vwap_slope_agreement,788,1.454,0.3198,0.6583,-0.2756,-217.148,-231.225,177,dead
prior_close,lower,break_and_retest,next_bar_open,beyond_extreme_2tk,vwap,none,730,1.347,0.2644,0.2839,-0.8573,-625.862,-625.261,0,dead
prior_close,lower,break_and_retest,next_bar_open,beyond_extreme_2tk,vwap,ny_am_only,253,0.467,0.2806,0.1792,-0.8539,-216.043,-214.128,0,dead
prior_close,lower,break_and_retest,next_bar_open,beyond_extreme_2tk,vwap,vwap_slope_agreement,111,0.205,0.2973,0.1696,-0.8674,-96.284,-98.426,0,sub_floor
prior_close,lower,break_and_retest,next_bar_open,beyond_extreme_2tk,prior_day_mid,none,1000,1.845,0.21,0.3616,-0.8808,-880.768,-899.935,0,dead
prior_close,lower,break_and_retest,next_bar_open,beyond_extreme_2tk,prior_day_mid,ny_am_only,385,0.71,0.2338,0.3817,-0.7866,-302.847,-301.491,0,dead
prior_close,lower,break_and_retest,next_bar_open,beyond_extreme_2tk,prior_day_mid,vwap_slope_agreement,508,0.937,0.2205,0.3929,-0.8123,-412.656,-440.978,0,dead
prior_close,lower,break_and_retest,next_bar_open,beyond_extreme_2tk,1.5R,none,1817,3.352,0.3522,0.3029,-0.7401,-1344.718,-1350.579,0,dead
prior_close,lower,break_and_retest,next_bar_open,beyond_extreme_2tk,1.5R,ny_am_only,711,1.312,0.3741,0.3564,-0.6493,-461.684,-466.414,0,dead
prior_close,lower,break_and_retest,next_bar_open,beyond_extreme_2tk,1.5R,vwap_slope_agreement,933,1.721,0.3591,0.3227,-0.7108,-663.212,-668.421,0,dead
prior_close,lower,break_and_retest,next_bar_open,beyond_extreme_2tk,2R,none,1817,3.352,0.3104,0.357,-0.7369,-1338.971,-1344.014,0,dead
prior_close,lower,break_and_retest,next_bar_open,beyond_extreme_2tk,2R,ny_am_only,711,1.312,0.3179,0.3978,-0.6659,-473.433,-476.217,0,dead
prior_close,lower,break_and_retest,next_bar_open,beyond_extreme_2tk,2R,vwap_slope_agreement,933,1.721,0.3226,0.3852,-0.6897,-643.514,-648.557,0,dead
prior_close,lower,break_and_retest,next_bar_open,1.0xATR,vwap,none,730,1.347,0.3658,0.3685,-0.4475,-326.672,-325.744,0,dead
prior_close,lower,break_and_retest,next_bar_open,1.0xATR,vwap,ny_am_only,253,0.467,0.3992,0.3735,-0.3099,-78.405,-77.24,0,dead
prior_close,lower,break_and_retest,next_bar_open,1.0xATR,vwap,vwap_slope_agreement,111,0.205,0.3784,0.2036,-0.3398,-37.717,-38.82,0,sub_floor
prior_close,lower,break_and_retest,next_bar_open,1.0xATR,prior_day_mid,none,1000,1.845,0.303,0.4486,-0.5162,-516.246,-536.344,0,dead
prior_close,lower,break_and_retest,next_bar_open,1.0xATR,prior_day_mid,ny_am_only,385,0.71,0.3247,0.5032,-0.4105,-158.058,-166.368,0,dead
prior_close,lower,break_and_retest,next_bar_open,1.0xATR,prior_day_mid,vwap_slope_agreement,508,0.937,0.3268,0.5116,-0.425,-215.906,-243.454,0,dead
prior_close,lower,break_and_retest,next_bar_open,1.0xATR,1.5R,none,1817,3.352,0.3704,0.48,-0.4455,-809.437,-818.206,0,dead
prior_close,lower,break_and_retest,next_bar_open,1.0xATR,1.5R,ny_am_only,711,1.312,0.353,0.5109,-0.4035,-286.916,-294.404,0,dead
prior_close,lower,break_and_retest,next_bar_open,1.0xATR,1.5R,vwap_slope_agreement,933,1.721,0.3783,0.5178,-0.3996,-372.809,-389.551,0,dead
prior_close,lower,break_and_retest,next_bar_open,1.0xATR,2R,none,1817,3.352,0.3115,0.5146,-0.4557,-828.037,-839.522,0,dead
prior_close,lower,break_and_retest,next_bar_open,1.0xATR,2R,ny_am_only,711,1.312,0.2925,0.5414,-0.4121,-292.998,-306.986,0,dead
prior_close,lower,break_and_retest,next_bar_open,1.0xATR,2R,vwap_slope_agreement,933,1.721,0.329,0.5775,-0.3778,-352.522,-375.045,0,dead
prior_close,lower,break_and_retest,retest_limit,beyond_extreme_2tk,vwap,none,809,1.493,0.2633,0.3958,-0.7296,-590.235,-594.591,219,dead
prior_close,lower,break_and_retest,retest_limit,beyond_extreme_2tk,vwap,ny_am_only,309,0.57,0.3172,0.454,-0.5446,-168.27,-170.207,77,dead
prior_close,lower,break_and_retest,retest_limit,beyond_extreme_2tk,vwap,vwap_slope_agreement,156,0.288,0.3205,0.4465,-0.514,-80.186,-93.427,124,sub_floor
prior_close,lower,break_and_retest,retest_limit,beyond_extreme_2tk,prior_day_mid,none,936,1.727,0.1774,0.4008,-0.961,-899.528,-907.714,219,dead
prior_close,lower,break_and_retest,retest_limit,beyond_extreme_2tk,prior_day_mid,ny_am_only,365,0.673,0.2164,0.3939,-0.902,-329.24,-327.621,77,dead
prior_close,lower,break_and_retest,retest_limit,beyond_extreme_2tk,prior_day_mid,vwap_slope_agreement,476,0.878,0.1723,0.4091,-0.9545,-454.328,-463.165,124,dead
prior_close,lower,break_and_retest,retest_limit,beyond_extreme_2tk,1.5R,none,1626,3.0,0.4342,0.3304,-0.6027,-980.065,-982.025,219,dead
prior_close,lower,break_and_retest,retest_limit,beyond_extreme_2tk,1.5R,ny_am_only,634,1.17,0.489,0.4561,-0.4252,-269.608,-271.104,77,dead
prior_close,lower,break_and_retest,retest_limit,beyond_extreme_2tk,1.5R,vwap_slope_agreement,827,1.526,0.4317,0.3207,-0.6207,-513.288,-517.804,124,dead
prior_close,lower,break_and_retest,retest_limit,beyond_extreme_2tk,2R,none,1626,3.0,0.4563,0.4449,-0.5654,-919.372,-924.595,219,dead
prior_close,lower,break_and_retest,retest_limit,beyond_extreme_2tk,2R,ny_am_only,634,1.17,0.5079,0.5938,-0.3653,-231.608,-234.604,77,dead
prior_close,lower,break_and_retest,retest_limit,beyond_extreme_2tk,2R,vwap_slope_agreement,827,1.526,0.4571,0.4312,-0.587,-485.424,-493.385,124,dead
prior_close,lower,break_and_retest,retest_limit,1.0xATR,vwap,none,809,1.493,0.3745,0.3983,-0.3878,-313.737,-312.988,219,dead
prior_close,lower,break_and_retest,retest_limit,1.0xATR,vwap,ny_am_only,309,0.57,0.4239,0.4645,-0.2306,-71.258,-71.379,77,dead
prior_close,lower,break_and_retest,retest_limit,1.0xATR,vwap,vwap_slope_agreement,156,0.288,0.3846,0.3017,-0.2315,-36.114,-38.142,124,sub_floor
prior_close,lower,break_and_retest,retest_limit,1.0xATR,prior_day_mid,none,936,1.727,0.3216,0.5222,-0.4359,-408.0,-424.304,219,dead
prior_close,lower,break_and_retest,retest_limit,1.0xATR,prior_day_mid,ny_am_only,365,0.673,0.3644,0.5851,-0.3198,-116.719,-121.543,77,dead
prior_close,lower,break_and_retest,retest_limit,1.0xATR,prior_day_mid,vwap_slope_agreement,476,0.878,0.3424,0.6102,-0.3282,-156.224,-178.291,124,dead
prior_close,lower,break_and_retest,retest_limit,1.0xATR,1.5R,none,1626,3.0,0.3782,0.5009,-0.421,-684.62,-696.717,219,dead
prior_close,lower,break_and_retest,retest_limit,1.0xATR,1.5R,ny_am_only,634,1.17,0.3659,0.5362,-0.3762,-238.494,-247.675,77,dead
prior_close,lower,break_and_retest,retest_limit,1.0xATR,1.5R,vwap_slope_agreement,827,1.526,0.3869,0.5422,-0.3696,-305.659,-315.417,124,dead
prior_close,lower,break_and_retest,retest_limit,1.0xATR,2R,none,1626,3.0,0.3229,0.5429,-0.4223,-686.651,-690.645,219,dead
prior_close,lower,break_and_retest,retest_limit,1.0xATR,2R,ny_am_only,634,1.17,0.3076,0.5796,-0.3691,-234.012,-238.885,77,dead
prior_close,lower,break_and_retest,retest_limit,1.0xATR,2R,vwap_slope_agreement,827,1.526,0.3446,0.6189,-0.3314,-274.052,-289.684,124,dead
prior_close,lower,first_touch_rejection,next_bar_open,beyond_extreme_2tk,vwap,none,524,0.967,0.3282,0.5426,-0.3821,-200.239,-208.106,0,dead
prior_close,lower,first_touch_rejection,next_bar_open,beyond_extreme_2tk,vwap,ny_am_only,356,0.657,0.3427,0.4512,-0.4275,-152.188,-161.171,0,dead
prior_close,lower,first_touch_rejection,next_bar_open,beyond_extreme_2tk,vwap,vwap_slope_agreement,16,0.03,0.4375,0.5013,-0.425,-6.799,-9.462,0,sub_floor
prior_close,lower,first_touch_rejection,next_bar_open,beyond_extreme_2tk,prior_day_mid,none,510,0.941,0.3412,0.5213,-0.3675,-187.412,-186.199,0,dead
prior_close,lower,first_touch_rejection,next_bar_open,beyond_extreme_2tk,prior_day_mid,ny_am_only,385,0.71,0.3377,0.4997,-0.3883,-149.486,-148.692,0,dead
prior_close,lower,first_touch_rejection,next_bar_open,beyond_extreme_2tk,prior_day_mid,vwap_slope_agreement,133,0.245,0.3383,0.4403,-0.3932,-52.294,-60.601,0,sub_floor
prior_close,lower,first_touch_rejection,next_bar_open,beyond_extreme_2tk,1.5R,none,1425,2.629,0.3895,0.5719,-0.3362,-479.116,-496.88,0,dead
prior_close,lower,first_touch_rejection,next_bar_open,beyond_extreme_2tk,1.5R,ny_am_only,1072,1.978,0.3834,0.5753,-0.3369,-361.128,-376.748,0,dead
prior_close,lower,first_touch_rejection,next_bar_open,beyond_extreme_2tk,1.5R,vwap_slope_agreement,407,0.751,0.3808,0.5426,-0.3568,-145.215,-162.299,0,dead
prior_close,lower,first_touch_rejection,next_bar_open,beyond_extreme_2tk,2R,none,1425,2.629,0.3284,0.5975,-0.3485,-496.571,-516.907,0,dead
prior_close,lower,first_touch_rejection,next_bar_open,beyond_extreme_2tk,2R,ny_am_only,1072,1.978,0.3153,0.5908,-0.3613,-387.266,-405.386,0,dead
prior_close,lower,first_touch_rejection,next_bar_open,beyond_extreme_2tk,2R,vwap_slope_agreement,407,0.751,0.344,0.6235,-0.3122,-127.066,-151.518,0,dead
prior_close,lower,first_touch_rejection,next_bar_open,1.0xATR,vwap,none,524,0.967,0.3969,0.5587,-0.2831,-148.341,-150.487,0,dead
prior_close,lower,first_touch_rejection,next_bar_open,1.0xATR,vwap,ny_am_only,356,0.657,0.4438,0.5412,-0.239,-85.072,-87.801,0,dead
prior_close,lower,first_touch_rejection,next_bar_open,1.0xATR,vwap,vwap_slope_agreement,16,0.03,0.5625,0.8202,-0.1004,-1.607,-3.39,0,sub_floor
prior_close,lower,first_touch_rejection,next_bar_open,1.0xATR,prior_day_mid,none,510,0.941,0.3725,0.5432,-0.3077,-156.913,-155.653,0,dead
prior_close,lower,first_touch_rejection,next_bar_open,1.0xATR,prior_day_mid,ny_am_only,385,0.71,0.3818,0.5436,-0.299,-115.105,-114.164,0,dead
prior_close,lower,first_touch_rejection,next_bar_open,1.0xATR,prior_day_mid,vwap_slope_agreement,133,0.245,0.3308,0.4326,-0.4036,-53.673,-61.261,0,sub_floor
prior_close,lower,first_touch_rejection,next_bar_open,1.0xATR,1.5R,none,1425,2.629,0.3754,0.5898,-0.3195,-455.327,-461.171,0,dead
prior_close,lower,first_touch_rejection,next_bar_open,1.0xATR,1.5R,ny_am_only,1072,1.978,0.375,0.614,-0.2977,-319.087,-325.459,0,dead
prior_close,lower,first_touch_rejection,next_bar_open,1.0xATR,1.5R,vwap_slope_agreement,407,0.751,0.3612,0.5057,-0.407,-165.642,-174.333,0,dead
prior_close,lower,first_touch_rejection,next_bar_open,1.0xATR,2R,none,1425,2.629,0.3151,0.6193,-0.3238,-461.368,-474.713,0,dead
prior_close,lower,first_touch_rejection,next_bar_open,1.0xATR,2R,ny_am_only,1072,1.978,0.3069,0.6247,-0.3194,-342.444,-353.778,0,dead
prior_close,lower,first_touch_rejection,next_bar_open,1.0xATR,2R,vwap_slope_agreement,407,0.751,0.3022,0.5388,-0.4171,-169.745,-186.675,0,dead
prior_close,lower,first_touch_rejection,retest_limit,beyond_extreme_2tk,vwap,none,595,1.098,0.3059,0.5565,-0.456,-271.349,-299.432,248,dead
prior_close,lower,first_touch_rejection,retest_limit,beyond_extreme_2tk,vwap,ny_am_only,457,0.843,0.3479,0.6141,-0.3529,-161.262,-190.474,166,dead
prior_close,lower,first_touch_rejection,retest_limit,beyond_extreme_2tk,vwap,vwap_slope_agreement,13,0.024,0.1538,0.1766,-1.1201,-14.561,-15.299,81,sub_floor
prior_close,lower,first_touch_rejection,retest_limit,beyond_extreme_2tk,prior_day_mid,none,508,0.937,0.2835,0.5497,-0.4591,-233.235,-231.424,248,dead
prior_close,lower,first_touch_rejection,retest_limit,beyond_extreme_2tk,prior_day_mid,ny_am_only,389,0.718,0.2751,0.5381,-0.4696,-182.659,-182.259,166,dead
prior_close,lower,first_touch_rejection,retest_limit,beyond_extreme_2tk,prior_day_mid,vwap_slope_agreement,127,0.234,0.2913,0.4156,-0.5398,-68.559,-73.171,81,sub_floor
prior_close,lower,first_touch_rejection,retest_limit,beyond_extreme_2tk,1.5R,none,1190,2.196,0.4756,0.6212,-0.2694,-320.603,-339.548,248,dead
prior_close,lower,first_touch_rejection,retest_limit,beyond_extreme_2tk,1.5R,ny_am_only,906,1.672,0.4746,0.6289,-0.2636,-238.825,-255.284,166,dead
prior_close,lower,first_touch_rejection,retest_limit,beyond_extreme_2tk,1.5R,vwap_slope_agreement,336,0.62,0.4583,0.5886,-0.3126,-105.02,-122.04,81,dead
prior_close,lower,first_touch_rejection,retest_limit,beyond_extreme_2tk,2R,none,1190,2.196,0.4261,0.661,-0.2855,-339.786,-361.05,248,dead
prior_close,lower,first_touch_rejection,retest_limit,beyond_extreme_2tk,2R,ny_am_only,906,1.672,0.4249,0.6747,-0.2731,-247.472,-269.251,166,dead
prior_close,lower,first_touch_rejection,retest_limit,beyond_extreme_2tk,2R,vwap_slope_agreement,336,0.62,0.3542,0.5265,-0.4405,-147.993,-168.787,81,dead
prior_close,lower,first_touch_rejection,retest_limit,1.0xATR,vwap,none,595,1.098,0.4202,0.5484,-0.2496,-148.504,-151.622,248,dead
prior_close,lower,first_touch_rejection,retest_limit,1.0xATR,vwap,ny_am_only,457,0.843,0.4726,0.5746,-0.1874,-85.649,-89.905,166,dead
prior_close,lower,first_touch_rejection,retest_limit,1.0xATR,vwap,vwap_slope_agreement,13,0.024,0.4615,0.8355,-0.099,-1.287,-4.409,81,sub_floor
prior_close,lower,first_touch_rejection,retest_limit,1.0xATR,prior_day_mid,none,508,0.937,0.3799,0.6283,-0.2446,-124.275,-125.998,248,dead
prior_close,lower,first_touch_rejection,retest_limit,1.0xATR,prior_day_mid,ny_am_only,389,0.718,0.3753,0.6035,-0.2578,-100.275,-104.971,166,dead
prior_close,lower,first_touch_rejection,retest_limit,1.0xATR,prior_day_mid,vwap_slope_agreement,127,0.234,0.315,0.4199,-0.4433,-56.304,-61.958,81,sub_floor
prior_close,lower,first_touch_rejection,retest_limit,1.0xATR,1.5R,none,1190,2.196,0.379,0.6005,-0.3099,-368.823,-374.415,248,dead
prior_close,lower,first_touch_rejection,retest_limit,1.0xATR,1.5R,ny_am_only,906,1.672,0.372,0.6064,-0.3053,-276.564,-283.172,166,dead
prior_close,lower,first_touch_rejection,retest_limit,1.0xATR,1.5R,vwap_slope_agreement,336,0.62,0.369,0.5295,-0.3843,-129.123,-135.548,81,dead
prior_close,lower,first_touch_rejection,retest_limit,1.0xATR,2R,none,1190,2.196,0.3118,0.6109,-0.3338,-397.228,-410.934,248,dead
prior_close,lower,first_touch_rejection,retest_limit,1.0xATR,2R,ny_am_only,906,1.672,0.3046,0.6152,-0.3297,-298.74,-313.334,166,dead
prior_close,lower,first_touch_rejection,retest_limit,1.0xATR,2R,vwap_slope_agreement,336,0.62,0.2946,0.5278,-0.4329,-145.445,-157.112,81,dead
prior_close,lower,sweep_and_close_back_inside,next_bar_open,beyond_extreme_2tk,vwap,none,1806,3.332,0.366,0.4846,-0.3524,-636.409,-646.945,0,dead
prior_close,lower,sweep_and_close_back_inside,next_bar_open,beyond_extreme_2tk,vwap,ny_am_only,765,1.411,0.3699,0.4306,-0.3672,-280.885,-286.665,0,dead
prior_close,lower,sweep_and_close_back_inside,next_bar_open,beyond_extreme_2tk,vwap,vwap_slope_agreement,184,0.339,0.2772,0.289,-0.477,-87.773,-86.605,0,dead
prior_close,lower,sweep_and_close_back_inside,next_bar_open,beyond_extreme_2tk,prior_day_mid,none,1962,3.62,0.2992,0.4858,-0.4244,-832.672,-833.427,0,dead
prior_close,lower,sweep_and_close_back_inside,next_bar_open,beyond_extreme_2tk,prior_day_mid,ny_am_only,938,1.731,0.2889,0.4441,-0.4679,-438.885,-442.322,0,dead
prior_close,lower,sweep_and_close_back_inside,next_bar_open,beyond_extreme_2tk,prior_day_mid,vwap_slope_agreement,815,1.504,0.2883,0.4754,-0.448,-365.094,-374.377,0,dead
prior_close,lower,sweep_and_close_back_inside,next_bar_open,beyond_extreme_2tk,1.5R,none,5048,9.314,0.3827,0.5694,-0.3342,-1687.094,-1701.22,0,dead
prior_close,lower,sweep_and_close_back_inside,next_bar_open,beyond_extreme_2tk,1.5R,ny_am_only,2410,4.446,0.3788,0.5956,-0.3138,-756.203,-761.718,0,dead
prior_close,lower,sweep_and_close_back_inside,next_bar_open,beyond_extreme_2tk,1.5R,vwap_slope_agreement,2150,3.967,0.3912,0.5714,-0.3318,-713.355,-720.406,0,dead
prior_close,lower,sweep_and_close_back_inside,next_bar_open,beyond_extreme_2tk,2R,none,5048,9.314,0.3237,0.5926,-0.3459,-1745.907,-1768.848,0,dead
prior_close,lower,sweep_and_close_back_inside,next_bar_open,beyond_extreme_2tk,2R,ny_am_only,2410,4.446,0.3141,0.6197,-0.3259,-785.302,-793.951,0,dead
prior_close,lower,sweep_and_close_back_inside,next_bar_open,beyond_extreme_2tk,2R,vwap_slope_agreement,2150,3.967,0.3344,0.6014,-0.337,-724.6,-732.15,0,dead
prior_close,lower,sweep_and_close_back_inside,next_bar_open,1.0xATR,vwap,none,1806,3.332,0.4048,0.4826,-0.3064,-553.34,-558.425,0,dead
prior_close,lower,sweep_and_close_back_inside,next_bar_open,1.0xATR,vwap,ny_am_only,765,1.411,0.4562,0.5097,-0.2284,-174.761,-176.079,0,dead
prior_close,lower,sweep_and_close_back_inside,next_bar_open,1.0xATR,vwap,vwap_slope_agreement,184,0.339,0.337,0.2838,-0.3617,-66.559,-65.651,0,dead
prior_close,lower,sweep_and_close_back_inside,next_bar_open,1.0xATR,prior_day_mid,none,1962,3.62,0.3338,0.5228,-0.3604,-707.155,-730.212,0,dead
prior_close,lower,sweep_and_close_back_inside,next_bar_open,1.0xATR,prior_day_mid,ny_am_only,938,1.731,0.3518,0.5636,-0.3098,-290.619,-311.535,0,dead
prior_close,lower,sweep_and_close_back_inside,next_bar_open,1.0xATR,prior_day_mid,vwap_slope_agreement,815,1.504,0.3141,0.4747,-0.4162,-339.226,-349.062,0,dead
prior_close,lower,sweep_and_close_back_inside,next_bar_open,1.0xATR,1.5R,none,5048,9.314,0.3837,0.6106,-0.2986,-1507.323,-1529.006,0,dead
prior_close,lower,sweep_and_close_back_inside,next_bar_open,1.0xATR,1.5R,ny_am_only,2410,4.446,0.39,0.679,-0.2361,-569.106,-581.78,0,dead
prior_close,lower,sweep_and_close_back_inside,next_bar_open,1.0xATR,1.5R,vwap_slope_agreement,2150,3.967,0.387,0.5991,-0.3113,-669.222,-674.901,0,dead
prior_close,lower,sweep_and_close_back_inside,next_bar_open,1.0xATR,2R,none,5048,9.314,0.3158,0.6172,-0.3251,-1640.916,-1678.599,0,dead
prior_close,lower,sweep_and_close_back_inside,next_bar_open,1.0xATR,2R,ny_am_only,2410,4.446,0.3129,0.6668,-0.2761,-665.386,-689.559,0,dead
prior_close,lower,sweep_and_close_back_inside,next_bar_open,1.0xATR,2R,vwap_slope_agreement,2150,3.967,0.3163,0.601,-0.3445,-740.615,-752.283,0,dead
prior_close,lower,sweep_and_close_back_inside,retest_limit,beyond_extreme_2tk,vwap,none,2025,3.736,0.3511,0.5736,-0.3291,-666.398,-712.259,886,dead
prior_close,lower,sweep_and_close_back_inside,retest_limit,beyond_extreme_2tk,vwap,ny_am_only,1003,1.851,0.3978,0.6687,-0.2215,-222.152,-259.447,371,dead
prior_close,lower,sweep_and_close_back_inside,retest_limit,beyond_extreme_2tk,vwap,vwap_slope_agreement,267,0.493,0.3296,0.4885,-0.3252,-86.828,-86.818,406,dead
prior_close,lower,sweep_and_close_back_inside,retest_limit,beyond_extreme_2tk,prior_day_mid,none,1861,3.434,0.252,0.4625,-0.5386,-1002.408,-1002.297,886,dead
prior_close,lower,sweep_and_close_back_inside,retest_limit,beyond_extreme_2tk,prior_day_mid,ny_am_only,913,1.685,0.2355,0.4553,-0.5485,-500.735,-500.606,371,dead
prior_close,lower,sweep_and_close_back_inside,retest_limit,beyond_extreme_2tk,prior_day_mid,vwap_slope_agreement,769,1.419,0.2419,0.4637,-0.554,-426.034,-435.78,406,dead
prior_close,lower,sweep_and_close_back_inside,retest_limit,beyond_extreme_2tk,1.5R,none,4251,7.843,0.5051,0.7121,-0.2014,-856.044,-903.673,886,dead
prior_close,lower,sweep_and_close_back_inside,retest_limit,beyond_extreme_2tk,1.5R,ny_am_only,2039,3.762,0.5228,0.8044,-0.1299,-264.873,-299.35,371,dead
prior_close,lower,sweep_and_close_back_inside,retest_limit,beyond_extreme_2tk,1.5R,vwap_slope_agreement,1796,3.314,0.505,0.6838,-0.226,-405.851,-431.855,406,dead
prior_close,lower,sweep_and_close_back_inside,retest_limit,beyond_extreme_2tk,2R,none,4251,7.843,0.4077,0.7015,-0.2522,-1072.096,-1106.144,886,dead
prior_close,lower,sweep_and_close_back_inside,retest_limit,beyond_extreme_2tk,2R,ny_am_only,2039,3.762,0.4282,0.8053,-0.1563,-318.602,-345.235,371,dead
prior_close,lower,sweep_and_close_back_inside,retest_limit,beyond_extreme_2tk,2R,vwap_slope_agreement,1796,3.314,0.4009,0.6576,-0.298,-535.15,-541.34,406,dead
prior_close,lower,sweep_and_close_back_inside,retest_limit,1.0xATR,vwap,none,2025,3.736,0.438,0.578,-0.2138,-432.971,-442.58,886,dead
prior_close,lower,sweep_and_close_back_inside,retest_limit,1.0xATR,vwap,ny_am_only,1003,1.851,0.5105,0.6666,-0.123,-123.406,-128.717,371,dead
prior_close,lower,sweep_and_close_back_inside,retest_limit,1.0xATR,vwap,vwap_slope_agreement,267,0.493,0.4082,0.4363,-0.2008,-53.615,-53.838,406,dead
prior_close,lower,sweep_and_close_back_inside,retest_limit,1.0xATR,prior_day_mid,none,1861,3.434,0.3439,0.5636,-0.3176,-591.142,-624.729,886,dead
prior_close,lower,sweep_and_close_back_inside,retest_limit,1.0xATR,prior_day_mid,ny_am_only,913,1.685,0.3505,0.6386,-0.248,-226.411,-284.225,371,dead
prior_close,lower,sweep_and_close_back_inside,retest_limit,1.0xATR,prior_day_mid,vwap_slope_agreement,769,1.419,0.3134,0.4434,-0.4361,-335.373,-347.388,406,dead
prior_close,lower,sweep_and_close_back_inside,retest_limit,1.0xATR,1.5R,none,4251,7.843,0.3928,0.6357,-0.2744,-1166.325,-1184.819,886,dead
prior_close,lower,sweep_and_close_back_inside,retest_limit,1.0xATR,1.5R,ny_am_only,2039,3.762,0.3938,0.6925,-0.2247,-458.242,-472.676,371,dead
prior_close,lower,sweep_and_close_back_inside,retest_limit,1.0xATR,1.5R,vwap_slope_agreement,1796,3.314,0.3953,0.6187,-0.2906,-521.958,-531.644,406,dead
prior_close,lower,sweep_and_close_back_inside,retest_limit,1.0xATR,2R,none,4251,7.843,0.3227,0.6406,-0.3003,-1276.568,-1304.53,886,dead
prior_close,lower,sweep_and_close_back_inside,retest_limit,1.0xATR,2R,ny_am_only,2039,3.762,0.3222,0.6954,-0.249,-507.782,-529.716,371,dead
prior_close,lower,sweep_and_close_back_inside,retest_limit,1.0xATR,2R,vwap_slope_agreement,1796,3.314,0.3241,0.6268,-0.3151,-565.923,-579.579,406,dead
prior_close,upper,break_and_retest,next_bar_open,beyond_extreme_2tk,vwap,none,594,1.096,0.2677,0.3721,-0.6276,-372.81,-386.564,0,dead
prior_close,upper,break_and_retest,next_bar_open,beyond_extreme_2tk,vwap,ny_am_only,214,0.395,0.257,0.2496,-0.6928,-148.266,-147.94,0,dead
prior_close,upper,break_and_retest,next_bar_open,beyond_extreme_2tk,vwap,vwap_slope_agreement,71,0.131,0.2676,0.2309,-0.6605,-46.892,-46.731,0,sub_floor
prior_close,upper,break_and_retest,next_bar_open,beyond_extreme_2tk,prior_day_mid,none,702,1.295,0.2279,0.3337,-0.9227,-647.737,-649.06,0,dead
prior_close,upper,break_and_retest,next_bar_open,beyond_extreme_2tk,prior_day_mid,ny_am_only,300,0.554,0.2167,0.4478,-0.6091,-182.74,-187.233,0,dead
prior_close,upper,break_and_retest,next_bar_open,beyond_extreme_2tk,prior_day_mid,vwap_slope_agreement,356,0.657,0.236,0.3239,-1.0774,-383.555,-385.133,0,dead
prior_close,upper,break_and_retest,next_bar_open,beyond_extreme_2tk,1.5R,none,1857,3.426,0.3673,0.3088,-0.7568,-1405.403,-1406.428,0,dead
prior_close,upper,break_and_retest,next_bar_open,beyond_extreme_2tk,1.5R,ny_am_only,766,1.413,0.3629,0.3744,-0.6064,-464.505,-463.954,0,dead
prior_close,upper,break_and_retest,next_bar_open,beyond_extreme_2tk,1.5R,vwap_slope_agreement,1001,1.847,0.3816,0.2948,-0.8271,-827.901,-828.18,0,dead
prior_close,upper,break_and_retest,next_bar_open,beyond_extreme_2tk,2R,none,1857,3.426,0.3145,0.3553,-0.7655,-1421.541,-1423.31,0,dead
prior_close,upper,break_and_retest,next_bar_open,beyond_extreme_2tk,2R,ny_am_only,766,1.413,0.3016,0.4107,-0.6302,-482.756,-482.475,0,dead
prior_close,upper,break_and_retest,next_bar_open,beyond_extreme_2tk,2R,vwap_slope_agreement,1001,1.847,0.3187,0.3333,-0.8496,-850.498,-850.599,0,dead
prior_close,upper,break_and_retest,next_bar_open,1.0xATR,vwap,none,594,1.096,0.3771,0.4096,-0.3612,-214.581,-216.795,0,dead
prior_close,upper,break_and_retest,next_bar_open,1.0xATR,vwap,ny_am_only,214,0.395,0.3925,0.3675,-0.3102,-66.375,-66.809,0,dead
prior_close,upper,break_and_retest,next_bar_open,1.0xATR,vwap,vwap_slope_agreement,71,0.131,0.3944,0.2938,-0.2711,-19.247,-19.394,0,sub_floor
prior_close,upper,break_and_retest,next_bar_open,1.0xATR,prior_day_mid,none,702,1.295,0.3248,0.5002,-0.3996,-280.495,-293.128,0,dead
prior_close,upper,break_and_retest,next_bar_open,1.0xATR,prior_day_mid,ny_am_only,300,0.554,0.34,0.5889,-0.2933,-87.994,-104.225,0,dead
prior_close,upper,break_and_retest,next_bar_open,1.0xATR,prior_day_mid,vwap_slope_agreement,356,0.657,0.3315,0.5221,-0.3782,-134.635,-140.384,0,dead
prior_close,upper,break_and_retest,next_bar_open,1.0xATR,1.5R,none,1857,3.426,0.4006,0.5478,-0.3694,-686.019,-701.318,0,dead
prior_close,upper,break_and_retest,next_bar_open,1.0xATR,1.5R,ny_am_only,766,1.413,0.4099,0.6662,-0.2515,-192.651,-216.136,0,dead
prior_close,upper,break_and_retest,next_bar_open,1.0xATR,1.5R,vwap_slope_agreement,1001,1.847,0.4106,0.5521,-0.3663,-366.681,-373.378,0,dead
prior_close,upper,break_and_retest,next_bar_open,1.0xATR,2R,none,1857,3.426,0.3247,0.5541,-0.4092,-759.825,-773.839,0,dead
prior_close,upper,break_and_retest,next_bar_open,1.0xATR,2R,ny_am_only,766,1.413,0.3329,0.6724,-0.2782,-213.086,-244.161,0,dead
prior_close,upper,break_and_retest,next_bar_open,1.0xATR,2R,vwap_slope_agreement,1001,1.847,0.3267,0.5441,-0.4242,-424.672,-432.103,0,dead
prior_close,upper,break_and_retest,retest_limit,beyond_extreme_2tk,vwap,none,654,1.207,0.2645,0.3798,-0.7278,-475.959,-488.809,267,dead
prior_close,upper,break_and_retest,retest_limit,beyond_extreme_2tk,vwap,ny_am_only,264,0.487,0.3144,0.3912,-0.6313,-166.653,-174.749,104,dead
prior_close,upper,break_and_retest,retest_limit,beyond_extreme_2tk,vwap,vwap_slope_agreement,99,0.183,0.2626,0.4258,-0.5262,-52.09,-52.795,153,sub_floor
prior_close,upper,break_and_retest,retest_limit,beyond_extreme_2tk,prior_day_mid,none,659,1.216,0.1942,0.3955,-0.8849,-583.125,-591.016,267,dead
prior_close,upper,break_and_retest,retest_limit,beyond_extreme_2tk,prior_day_mid,ny_am_only,283,0.522,0.159,0.4235,-0.841,-238.002,-238.831,104,dead
prior_close,upper,break_and_retest,retest_limit,beyond_extreme_2tk,prior_day_mid,vwap_slope_agreement,336,0.62,0.2143,0.4456,-0.8069,-271.111,-282.12,153,dead
prior_close,upper,break_and_retest,retest_limit,beyond_extreme_2tk,1.5R,none,1619,2.987,0.467,0.3683,-0.537,-869.456,-867.33,267,dead
prior_close,upper,break_and_retest,retest_limit,beyond_extreme_2tk,1.5R,ny_am_only,662,1.221,0.497,0.4452,-0.4449,-294.541,-292.415,104,dead
prior_close,upper,break_and_retest,retest_limit,beyond_extreme_2tk,1.5R,vwap_slope_agreement,869,1.603,0.4511,0.335,-0.5845,-507.957,-508.458,153,dead
prior_close,upper,break_and_retest,retest_limit,beyond_extreme_2tk,2R,none,1619,2.987,0.4565,0.4525,-0.5595,-905.775,-903.649,267,dead
prior_close,upper,break_and_retest,retest_limit,beyond_extreme_2tk,2R,ny_am_only,662,1.221,0.4849,0.5616,-0.417,-276.041,-275.607,104,dead
prior_close,upper,break_and_retest,retest_limit,beyond_extreme_2tk,2R,vwap_slope_agreement,869,1.603,0.4396,0.4025,-0.6354,-552.138,-552.347,153,dead
prior_close,upper,break_and_retest,retest_limit,1.0xATR,vwap,none,654,1.207,0.4052,0.4317,-0.3238,-211.746,-216.733,267,dead
prior_close,upper,break_and_retest,retest_limit,1.0xATR,vwap,ny_am_only,264,0.487,0.4886,0.4861,-0.2021,-53.365,-55.858,104,dead
prior_close,upper,break_and_retest,retest_limit,1.0xATR,vwap,vwap_slope_agreement,99,0.183,0.3939,0.3698,-0.2039,-20.186,-20.473,153,sub_floor
prior_close,upper,break_and_retest,retest_limit,1.0xATR,prior_day_mid,none,659,1.216,0.3338,0.5104,-0.3848,-253.596,-267.498,267,dead
prior_close,upper,break_and_retest,retest_limit,1.0xATR,prior_day_mid,ny_am_only,283,0.522,0.3392,0.633,-0.2594,-73.409,-94.587,104,dead
prior_close,upper,break_and_retest,retest_limit,1.0xATR,prior_day_mid,vwap_slope_agreement,336,0.62,0.3333,0.4682,-0.4209,-141.407,-147.251,153,dead
prior_close,upper,break_and_retest,retest_limit,1.0xATR,1.5R,none,1619,2.987,0.4095,0.5679,-0.3449,-558.474,-582.714,267,dead
prior_close,upper,break_and_retest,retest_limit,1.0xATR,1.5R,ny_am_only,662,1.221,0.4169,0.6858,-0.2327,-154.047,-174.308,104,dead
prior_close,upper,break_and_retest,retest_limit,1.0xATR,1.5R,vwap_slope_agreement,869,1.603,0.4051,0.5383,-0.3744,-325.331,-329.953,153,dead
prior_close,upper,break_and_retest,retest_limit,1.0xATR,2R,none,1619,2.987,0.3323,0.5675,-0.3907,-632.485,-651.614,267,dead
prior_close,upper,break_and_retest,retest_limit,1.0xATR,2R,ny_am_only,662,1.221,0.3414,0.6981,-0.2522,-166.931,-191.931,104,dead
prior_close,upper,break_and_retest,retest_limit,1.0xATR,2R,vwap_slope_agreement,869,1.603,0.3245,0.53,-0.4337,-376.902,-380.754,153,dead
prior_close,upper,first_touch_rejection,next_bar_open,beyond_extreme_2tk,vwap,none,442,0.815,0.3348,0.4751,-0.4637,-204.934,-205.987,0,dead
prior_close,upper,first_touch_rejection,next_bar_open,beyond_extreme_2tk,vwap,ny_am_only,316,0.583,0.3734,0.5478,-0.352,-111.235,-113.324,0,dead
prior_close,upper,first_touch_rejection,next_bar_open,beyond_extreme_2tk,vwap,vwap_slope_agreement,3,0.006,0.6667,1.0165,0.0068,0.02,-1.241,0,sub_floor
prior_close,upper,first_touch_rejection,next_bar_open,beyond_extreme_2tk,prior_day_mid,none,712,1.314,0.3301,0.5737,-0.3573,-254.39,-255.073,0,dead
prior_close,upper,first_touch_rejection,next_bar_open,beyond_extreme_2tk,prior_day_mid,ny_am_only,546,1.007,0.3333,0.553,-0.372,-203.086,-204.794,0,dead
prior_close,upper,first_touch_rejection,next_bar_open,beyond_extreme_2tk,prior_day_mid,vwap_slope_agreement,216,0.399,0.3565,0.5879,-0.2906,-62.767,-68.946,0,dead
prior_close,upper,first_touch_rejection,next_bar_open,beyond_extreme_2tk,1.5R,none,1385,2.555,0.3791,0.5574,-0.3503,-485.169,-488.944,0,dead
prior_close,upper,first_touch_rejection,next_bar_open,beyond_extreme_2tk,1.5R,ny_am_only,1049,1.935,0.3718,0.5563,-0.3526,-369.828,-372.489,0,dead
prior_close,upper,first_touch_rejection,next_bar_open,beyond_extreme_2tk,1.5R,vwap_slope_agreement,456,0.841,0.3991,0.6929,-0.2199,-100.255,-113.757,0,dead
prior_close,upper,first_touch_rejection,next_bar_open,beyond_extreme_2tk,2R,none,1385,2.555,0.3177,0.5847,-0.3604,-499.16,-505.068,0,dead
prior_close,upper,first_touch_rejection,next_bar_open,beyond_extreme_2tk,2R,ny_am_only,1049,1.935,0.3051,0.5706,-0.3758,-394.212,-399.29,0,dead
prior_close,upper,first_touch_rejection,next_bar_open,beyond_extreme_2tk,2R,vwap_slope_agreement,456,0.841,0.3465,0.7385,-0.2033,-92.716,-110.719,0,dead
prior_close,upper,first_touch_rejection,next_bar_open,1.0xATR,vwap,none,442,0.815,0.3914,0.4606,-0.3598,-159.042,-160.079,0,dead
prior_close,upper,first_touch_rejection,next_bar_open,1.0xATR,vwap,ny_am_only,316,0.583,0.4494,0.504,-0.259,-81.845,-83.987,0,dead
prior_close,upper,first_touch_rejection,next_bar_open,1.0xATR,vwap,vwap_slope_agreement,3,0.006,1.0,inf,0.4144,1.243,0.0,0,insufficient_n
prior_close,upper,first_touch_rejection,next_bar_open,1.0xATR,prior_day_mid,none,712,1.314,0.3343,0.5318,-0.3699,-263.349,-272.977,0,dead
prior_close,upper,first_touch_rejection,next_bar_open,1.0xATR,prior_day_mid,ny_am_only,546,1.007,0.3498,0.5675,-0.3248,-177.35,-181.55,0,dead
prior_close,upper,first_touch_rejection,next_bar_open,1.0xATR,prior_day_mid,vwap_slope_agreement,216,0.399,0.3102,0.4842,-0.428,-92.443,-99.757,0,dead
prior_close,upper,first_touch_rejection,next_bar_open,1.0xATR,1.5R,none,1385,2.555,0.3711,0.5724,-0.3361,-465.431,-468.272,0,dead
prior_close,upper,first_touch_rejection,next_bar_open,1.0xATR,1.5R,ny_am_only,1049,1.935,0.3651,0.583,-0.3236,-339.443,-340.293,0,dead
prior_close,upper,first_touch_rejection,next_bar_open,1.0xATR,1.5R,vwap_slope_agreement,456,0.841,0.4079,0.6517,-0.2648,-120.744,-130.862,0,dead
prior_close,upper,first_touch_rejection,next_bar_open,1.0xATR,2R,none,1385,2.555,0.3119,0.6014,-0.3439,-476.341,-479.682,0,dead
prior_close,upper,first_touch_rejection,next_bar_open,1.0xATR,2R,ny_am_only,1049,1.935,0.3031,0.6046,-0.3368,-353.343,-354.411,0,dead
prior_close,upper,first_touch_rejection,next_bar_open,1.0xATR,2R,vwap_slope_agreement,456,0.841,0.3553,0.7215,-0.2318,-105.683,-125.801,0,dead
prior_close,upper,first_touch_rejection,retest_limit,beyond_extreme_2tk,vwap,none,524,0.967,0.3531,0.5313,-0.4905,-257.041,-265.921,219,dead
prior_close,upper,first_touch_rejection,retest_limit,beyond_extreme_2tk,vwap,ny_am_only,416,0.768,0.4014,0.6774,-0.2942,-122.394,-139.949,152,dead
prior_close,upper,first_touch_rejection,retest_limit,beyond_extreme_2tk,vwap,vwap_slope_agreement,3,0.006,0.6667,2.2403,0.5347,1.604,-1.293,80,sub_floor
prior_close,upper,first_touch_rejection,retest_limit,beyond_extreme_2tk,prior_day_mid,none,673,1.242,0.2615,0.4443,-0.6236,-419.682,-418.188,219,dead
prior_close,upper,first_touch_rejection,retest_limit,beyond_extreme_2tk,prior_day_mid,ny_am_only,515,0.95,0.2563,0.4758,-0.5873,-302.435,-311.568,152,dead
prior_close,upper,first_touch_rejection,retest_limit,beyond_extreme_2tk,prior_day_mid,vwap_slope_agreement,214,0.395,0.3224,0.6079,-0.3499,-74.887,-93.862,80,dead
prior_close,upper,first_touch_rejection,retest_limit,beyond_extreme_2tk,1.5R,none,1171,2.161,0.4765,0.646,-0.259,-303.285,-312.29,219,dead
prior_close,upper,first_touch_rejection,retest_limit,beyond_extreme_2tk,1.5R,ny_am_only,897,1.655,0.4827,0.67,-0.2377,-213.235,-220.673,152,dead
prior_close,upper,first_touch_rejection,retest_limit,beyond_extreme_2tk,1.5R,vwap_slope_agreement,381,0.703,0.4751,0.7607,-0.1688,-64.314,-97.191,80,dead
prior_close,upper,first_touch_rejection,retest_limit,beyond_extreme_2tk,2R,none,1171,2.161,0.4108,0.6611,-0.2918,-341.65,-346.612,219,dead
prior_close,upper,first_touch_rejection,retest_limit,beyond_extreme_2tk,2R,ny_am_only,897,1.655,0.4136,0.6855,-0.2668,-239.353,-244.597,152,dead
prior_close,upper,first_touch_rejection,retest_limit,beyond_extreme_2tk,2R,vwap_slope_agreement,381,0.703,0.3885,0.7454,-0.2088,-79.57,-99.199,80,dead
prior_close,upper,first_touch_rejection,retest_limit,1.0xATR,vwap,none,524,0.967,0.4752,0.5483,-0.2479,-129.909,-130.589,219,dead
prior_close,upper,first_touch_rejection,retest_limit,1.0xATR,vwap,ny_am_only,416,0.768,0.5409,0.6885,-0.1306,-54.332,-56.419,152,dead
prior_close,upper,first_touch_rejection,retest_limit,1.0xATR,vwap,vwap_slope_agreement,3,0.006,1.0,inf,0.6508,1.952,0.0,80,insufficient_n
prior_close,upper,first_touch_rejection,retest_limit,1.0xATR,prior_day_mid,none,673,1.242,0.3239,0.515,-0.3909,-263.086,-262.115,219,dead
prior_close,upper,first_touch_rejection,retest_limit,1.0xATR,prior_day_mid,ny_am_only,515,0.95,0.3301,0.5411,-0.3559,-183.274,-184.894,152,dead
prior_close,upper,first_touch_rejection,retest_limit,1.0xATR,prior_day_mid,vwap_slope_agreement,214,0.395,0.3458,0.5879,-0.3371,-72.144,-79.242,80,dead
prior_close,upper,first_touch_rejection,retest_limit,1.0xATR,1.5R,none,1171,2.161,0.3749,0.5764,-0.3344,-391.581,-391.603,219,dead
prior_close,upper,first_touch_rejection,retest_limit,1.0xATR,1.5R,ny_am_only,897,1.655,0.3735,0.5985,-0.3086,-276.785,-279.309,152,dead
prior_close,upper,first_touch_rejection,retest_limit,1.0xATR,1.5R,vwap_slope_agreement,381,0.703,0.4252,0.6846,-0.2389,-91.011,-111.662,80,dead
prior_close,upper,first_touch_rejection,retest_limit,1.0xATR,2R,none,1171,2.161,0.316,0.6109,-0.3348,-392.066,-392.589,219,dead
prior_close,upper,first_touch_rejection,retest_limit,1.0xATR,2R,ny_am_only,897,1.655,0.3155,0.6329,-0.3082,-276.436,-277.504,152,dead
prior_close,upper,first_touch_rejection,retest_limit,1.0xATR,2R,vwap_slope_agreement,381,0.703,0.3727,0.7711,-0.1879,-71.599,-93.206,80,dead
prior_close,upper,sweep_and_close_back_inside,next_bar_open,beyond_extreme_2tk,vwap,none,1733,3.197,0.3728,0.5083,-0.3351,-580.704,-580.692,0,dead
prior_close,upper,sweep_and_close_back_inside,next_bar_open,beyond_extreme_2tk,vwap,ny_am_only,711,1.312,0.3924,0.4468,-0.3496,-248.589,-248.577,0,dead
prior_close,upper,sweep_and_close_back_inside,next_bar_open,beyond_extreme_2tk,vwap,vwap_slope_agreement,186,0.343,0.3978,0.4372,-0.2698,-50.179,-51.164,0,dead
prior_close,upper,sweep_and_close_back_inside,next_bar_open,beyond_extreme_2tk,prior_day_mid,none,2392,4.413,0.3148,0.5835,-0.3538,-846.278,-844.888,0,dead
prior_close,upper,sweep_and_close_back_inside,next_bar_open,beyond_extreme_2tk,prior_day_mid,ny_am_only,1109,2.046,0.3201,0.5998,-0.3283,-364.08,-362.69,0,dead
prior_close,upper,sweep_and_close_back_inside,next_bar_open,beyond_extreme_2tk,prior_day_mid,vwap_slope_agreement,1022,1.886,0.3112,0.5809,-0.3538,-361.595,-385.721,0,dead
prior_close,upper,sweep_and_close_back_inside,next_bar_open,beyond_extreme_2tk,1.5R,none,4813,8.88,0.3914,0.5916,-0.3121,-1502.292,-1512.312,0,dead
prior_close,upper,sweep_and_close_back_inside,next_bar_open,beyond_extreme_2tk,1.5R,ny_am_only,2281,4.208,0.3823,0.6024,-0.3053,-696.393,-700.091,0,dead
prior_close,upper,sweep_and_close_back_inside,next_bar_open,beyond_extreme_2tk,1.5R,vwap_slope_agreement,2083,3.843,0.3989,0.6157,-0.2875,-598.887,-614.719,0,dead
prior_close,upper,sweep_and_close_back_inside,next_bar_open,beyond_extreme_2tk,2R,none,4813,8.88,0.3268,0.6102,-0.3289,-1582.765,-1593.014,0,dead
prior_close,upper,sweep_and_close_back_inside,next_bar_open,beyond_extreme_2tk,2R,ny_am_only,2281,4.208,0.3104,0.6065,-0.3363,-767.0,-770.555,0,dead
prior_close,upper,sweep_and_close_back_inside,next_bar_open,beyond_extreme_2tk,2R,vwap_slope_agreement,2083,3.843,0.3356,0.6425,-0.295,-614.433,-632.765,0,dead
prior_close,upper,sweep_and_close_back_inside,next_bar_open,1.0xATR,vwap,none,1733,3.197,0.4137,0.5063,-0.2873,-497.88,-497.868,0,dead
prior_close,upper,sweep_and_close_back_inside,next_bar_open,1.0xATR,vwap,ny_am_only,711,1.312,0.4698,0.4971,-0.2245,-159.632,-159.619,0,dead
prior_close,upper,sweep_and_close_back_inside,next_bar_open,1.0xATR,vwap,vwap_slope_agreement,186,0.343,0.4677,0.376,-0.1966,-36.565,-38.846,0,dead
prior_close,upper,sweep_and_close_back_inside,next_bar_open,1.0xATR,prior_day_mid,none,2392,4.413,0.3298,0.5914,-0.3316,-793.092,-801.229,0,dead
prior_close,upper,sweep_and_close_back_inside,next_bar_open,1.0xATR,prior_day_mid,ny_am_only,1109,2.046,0.3526,0.636,-0.2683,-297.577,-296.34,0,dead
prior_close,upper,sweep_and_close_back_inside,next_bar_open,1.0xATR,prior_day_mid,vwap_slope_agreement,1022,1.886,0.3249,0.5703,-0.3494,-357.056,-388.87,0,dead
prior_close,upper,sweep_and_close_back_inside,next_bar_open,1.0xATR,1.5R,none,4813,8.88,0.3892,0.6178,-0.2907,-1399.151,-1403.966,0,dead
prior_close,upper,sweep_and_close_back_inside,next_bar_open,1.0xATR,1.5R,ny_am_only,2281,4.208,0.37,0.6228,-0.2856,-651.426,-653.94,0,dead
prior_close,upper,sweep_and_close_back_inside,next_bar_open,1.0xATR,1.5R,vwap_slope_agreement,2083,3.843,0.4047,0.6602,-0.251,-522.854,-534.833,0,dead
prior_close,upper,sweep_and_close_back_inside,next_bar_open,1.0xATR,2R,none,4813,8.88,0.3164,0.6157,-0.3261,-1569.393,-1570.61,0,dead
prior_close,upper,sweep_and_close_back_inside,next_bar_open,1.0xATR,2R,ny_am_only,2281,4.208,0.295,0.6094,-0.3302,-753.266,-754.263,0,dead
prior_close,upper,sweep_and_close_back_inside,next_bar_open,1.0xATR,2R,vwap_slope_agreement,2083,3.843,0.3385,0.682,-0.2608,-543.295,-560.053,0,dead
prior_close,upper,sweep_and_close_back_inside,retest_limit,beyond_extreme_2tk,vwap,none,2045,3.773,0.3716,0.6219,-0.2829,-578.572,-590.592,775,dead
prior_close,upper,sweep_and_close_back_inside,retest_limit,beyond_extreme_2tk,vwap,ny_am_only,967,1.784,0.4168,0.7323,-0.1717,-166.057,-188.085,306,dead
prior_close,upper,sweep_and_close_back_inside,retest_limit,beyond_extreme_2tk,vwap,vwap_slope_agreement,288,0.531,0.3924,0.7381,-0.128,-36.859,-49.839,368,dead
prior_close,upper,sweep_and_close_back_inside,retest_limit,beyond_extreme_2tk,prior_day_mid,none,2209,4.076,0.2526,0.5116,-0.5229,-1155.186,-1153.692,775,dead
prior_close,upper,sweep_and_close_back_inside,retest_limit,beyond_extreme_2tk,prior_day_mid,ny_am_only,1048,1.934,0.2624,0.5259,-0.49,-513.484,-511.99,306,dead
prior_close,upper,sweep_and_close_back_inside,retest_limit,beyond_extreme_2tk,prior_day_mid,vwap_slope_agreement,937,1.729,0.2593,0.5193,-0.5168,-484.226,-512.976,368,dead
prior_close,upper,sweep_and_close_back_inside,retest_limit,beyond_extreme_2tk,1.5R,none,4116,7.594,0.5216,0.7626,-0.1614,-664.118,-702.639,775,dead
prior_close,upper,sweep_and_close_back_inside,retest_limit,beyond_extreme_2tk,1.5R,ny_am_only,1975,3.644,0.5423,0.8748,-0.0802,-158.391,-277.298,306,dead
prior_close,upper,sweep_and_close_back_inside,retest_limit,beyond_extreme_2tk,1.5R,vwap_slope_agreement,1754,3.236,0.5279,0.7703,-0.1542,-270.443,-295.601,368,dead
prior_close,upper,sweep_and_close_back_inside,retest_limit,beyond_extreme_2tk,2R,none,4116,7.594,0.4247,0.7587,-0.1976,-813.2,-836.669,775,dead
prior_close,upper,sweep_and_close_back_inside,retest_limit,beyond_extreme_2tk,2R,ny_am_only,1975,3.644,0.4471,0.8736,-0.0977,-192.989,-296.999,306,dead
prior_close,upper,sweep_and_close_back_inside,retest_limit,beyond_extreme_2tk,2R,vwap_slope_agreement,1754,3.236,0.4327,0.776,-0.1807,-316.908,-339.156,368,dead
prior_close,upper,sweep_and_close_back_inside,retest_limit,1.0xATR,vwap,none,2045,3.773,0.4601,0.5815,-0.2096,-428.665,-429.263,775,dead
prior_close,upper,sweep_and_close_back_inside,retest_limit,1.0xATR,vwap,ny_am_only,967,1.784,0.5284,0.7197,-0.097,-93.774,-94.555,306,dead
prior_close,upper,sweep_and_close_back_inside,retest_limit,1.0xATR,vwap,vwap_slope_agreement,288,0.531,0.4688,0.5192,-0.1239,-35.695,-39.855,368,dead
prior_close,upper,sweep_and_close_back_inside,retest_limit,1.0xATR,prior_day_mid,none,2209,4.076,0.3287,0.5756,-0.3461,-764.537,-763.301,775,dead
prior_close,upper,sweep_and_close_back_inside,retest_limit,1.0xATR,prior_day_mid,ny_am_only,1048,1.934,0.3569,0.6345,-0.2695,-282.388,-283.087,306,dead
prior_close,upper,sweep_and_close_back_inside,retest_limit,1.0xATR,prior_day_mid,vwap_slope_agreement,937,1.729,0.349,0.6296,-0.2957,-277.082,-303.871,368,dead
prior_close,upper,sweep_and_close_back_inside,retest_limit,1.0xATR,1.5R,none,4116,7.594,0.3914,0.6228,-0.2856,-1175.658,-1186.887,775,dead
prior_close,upper,sweep_and_close_back_inside,retest_limit,1.0xATR,1.5R,ny_am_only,1975,3.644,0.3782,0.6421,-0.2687,-530.666,-556.226,306,dead
prior_close,upper,sweep_and_close_back_inside,retest_limit,1.0xATR,1.5R,vwap_slope_agreement,1754,3.236,0.4048,0.6584,-0.2521,-442.271,-460.578,368,dead
prior_close,upper,sweep_and_close_back_inside,retest_limit,1.0xATR,2R,none,4116,7.594,0.3195,0.6198,-0.321,-1321.031,-1326.754,775,dead
prior_close,upper,sweep_and_close_back_inside,retest_limit,1.0xATR,2R,ny_am_only,1975,3.644,0.3053,0.6334,-0.3059,-604.113,-611.111,306,dead
prior_close,upper,sweep_and_close_back_inside,retest_limit,1.0xATR,2R,vwap_slope_agreement,1754,3.236,0.3409,0.6869,-0.2553,-447.783,-461.949,368,dead
