model,confirm,entry,filter,bucket,stop,exit,n,tr_wk,wr,pf,expR,totR,maxDD_R,flag,mirage
fill,conf5,next_open,none,0.25-0.75,open_buffer,prior_close,581,1.072,0.4596,0.8543,-0.0863,-50.149,-71.403,dead,False
fill,conf5,next_open,none,0.25-0.75,open_buffer,half_gap,581,1.072,0.5181,0.6496,-0.143,-83.084,-87.139,dead,True
fill,conf5,next_open,none,0.25-0.75,open_buffer,1.5R,581,1.072,0.4269,0.8702,-0.0814,-47.319,-61.03,dead,False
fill,conf5,next_open,none,0.25-0.75,open_buffer,2R,581,1.072,0.3787,0.9202,-0.0541,-31.458,-59.317,dead,False
fill,conf5,next_open,none,0.25-0.75,atr1.0,prior_close,581,1.072,0.6007,0.7878,-0.0416,-24.157,-30.99,dead,True
fill,conf5,next_open,none,0.25-0.75,atr1.0,half_gap,581,1.072,0.6575,0.6431,-0.0413,-24.02,-27.582,dead,True
fill,conf5,next_open,none,0.25-0.75,atr1.0,1.5R,581,1.072,0.4785,0.9853,-0.0035,-2.055,-14.047,dead,False
fill,conf5,next_open,none,0.25-0.75,atr1.0,2R,581,1.072,0.4768,0.9675,-0.0078,-4.55,-14.504,dead,False
fill,conf5,next_open,none,0.25-0.75,atr1.5,prior_close,581,1.072,0.6007,0.7794,-0.0291,-16.925,-21.797,dead,False
fill,conf5,next_open,none,0.25-0.75,atr1.5,half_gap,581,1.072,0.6575,0.6255,-0.0297,-17.275,-19.792,dead,False
fill,conf5,next_open,none,0.25-0.75,atr1.5,1.5R,581,1.072,0.4768,0.9564,-0.0071,-4.131,-11.538,dead,False
fill,conf5,next_open,none,0.25-0.75,atr1.5,2R,581,1.072,0.4768,0.9484,-0.0084,-4.891,-11.917,dead,False
fill,conf5,next_open,none,0.75-1.25,open_buffer,prior_close,110,0.203,0.3545,1.046,0.0328,3.61,-20.541,sub_floor,False
fill,conf5,next_open,none,0.75-1.25,open_buffer,half_gap,110,0.203,0.4636,0.9185,-0.0479,-5.265,-17.355,sub_floor,False
fill,conf5,next_open,none,0.75-1.25,open_buffer,1.5R,110,0.203,0.4364,0.9308,-0.0445,-4.897,-16.298,sub_floor,False
fill,conf5,next_open,none,0.75-1.25,open_buffer,2R,110,0.203,0.4,1.0393,0.0265,2.918,-10.854,sub_floor,False
fill,conf5,next_open,none,0.75-1.25,atr1.0,prior_close,110,0.203,0.5727,1.3577,0.0776,8.541,-4.218,sub_floor,False
fill,conf5,next_open,none,0.75-1.25,atr1.0,half_gap,110,0.203,0.6545,1.058,0.0102,1.125,-6.471,sub_floor,False
fill,conf5,next_open,none,0.75-1.25,atr1.0,1.5R,110,0.203,0.5364,1.534,0.1217,13.386,-4.599,sub_floor,False
fill,conf5,next_open,none,0.75-1.25,atr1.0,2R,110,0.203,0.5364,1.6506,0.1483,16.308,-4.599,sub_floor,False
fill,conf5,next_open,none,0.75-1.25,atr1.5,prior_close,110,0.203,0.5818,1.4121,0.0577,6.343,-3.479,sub_floor,False
fill,conf5,next_open,none,0.75-1.25,atr1.5,half_gap,110,0.203,0.6636,1.1437,0.0157,1.732,-4.145,sub_floor,False
fill,conf5,next_open,none,0.75-1.25,atr1.5,1.5R,110,0.203,0.5455,1.6667,0.1001,11.01,-2.871,sub_floor,False
fill,conf5,next_open,none,0.75-1.25,atr1.5,2R,110,0.203,0.5455,1.6817,0.1024,11.259,-2.871,sub_floor,False
fill,conf5,next_open,none,>1.25,open_buffer,prior_close,40,0.074,0.2,0.7917,-0.1614,-6.457,-9.189,sub_floor,False
fill,conf5,next_open,none,>1.25,open_buffer,half_gap,40,0.074,0.275,0.7556,-0.1814,-7.257,-9.87,sub_floor,False
fill,conf5,next_open,none,>1.25,open_buffer,1.5R,40,0.074,0.35,0.7186,-0.1853,-7.411,-10.271,sub_floor,False
fill,conf5,next_open,none,>1.25,open_buffer,2R,40,0.074,0.275,0.6652,-0.2478,-9.911,-13.771,sub_floor,False
fill,conf5,next_open,none,>1.25,atr1.0,prior_close,40,0.074,0.325,0.5783,-0.1892,-7.567,-7.487,sub_floor,False
fill,conf5,next_open,none,>1.25,atr1.0,half_gap,40,0.074,0.425,0.5955,-0.1698,-6.792,-7.0,sub_floor,False
fill,conf5,next_open,none,>1.25,atr1.0,1.5R,40,0.074,0.325,0.6285,-0.1667,-6.667,-6.586,sub_floor,False
fill,conf5,next_open,none,>1.25,atr1.0,2R,40,0.074,0.325,0.5868,-0.1854,-7.415,-7.334,sub_floor,False
fill,conf5,next_open,none,>1.25,atr1.5,prior_close,40,0.074,0.375,0.6803,-0.0923,-3.691,-4.192,sub_floor,False
fill,conf5,next_open,none,>1.25,atr1.5,half_gap,40,0.074,0.45,0.6075,-0.1124,-4.496,-4.505,sub_floor,False
fill,conf5,next_open,none,>1.25,atr1.5,1.5R,40,0.074,0.375,0.6891,-0.0897,-3.589,-3.688,sub_floor,False
fill,conf5,next_open,none,>1.25,atr1.5,2R,40,0.074,0.375,0.6891,-0.0897,-3.589,-3.688,sub_floor,False
fill,conf5,next_open,on_range_pctile,0.25-0.75,open_buffer,prior_close,285,0.526,0.4772,0.9153,-0.0485,-13.815,-29.817,dead,False
fill,conf5,next_open,on_range_pctile,0.25-0.75,open_buffer,half_gap,285,0.526,0.5439,0.6964,-0.1187,-33.822,-40.312,dead,True
fill,conf5,next_open,on_range_pctile,0.25-0.75,open_buffer,1.5R,285,0.526,0.4561,0.9466,-0.0324,-9.228,-25.724,dead,False
fill,conf5,next_open,on_range_pctile,0.25-0.75,open_buffer,2R,285,0.526,0.407,1.0088,0.0058,1.648,-23.53,dead,False
fill,conf5,next_open,on_range_pctile,0.25-0.75,atr1.0,prior_close,285,0.526,0.5825,0.7264,-0.0537,-15.295,-16.995,dead,False
fill,conf5,next_open,on_range_pctile,0.25-0.75,atr1.0,half_gap,285,0.526,0.6702,0.642,-0.04,-11.391,-13.612,dead,False
fill,conf5,next_open,on_range_pctile,0.25-0.75,atr1.0,1.5R,285,0.526,0.4702,0.8474,-0.0354,-10.075,-16.44,dead,False
fill,conf5,next_open,on_range_pctile,0.25-0.75,atr1.0,2R,285,0.526,0.4702,0.8392,-0.0373,-10.621,-16.526,dead,False
fill,conf5,next_open,on_range_pctile,0.25-0.75,atr1.5,prior_close,285,0.526,0.5825,0.7618,-0.0297,-8.464,-10.111,dead,False
fill,conf5,next_open,on_range_pctile,0.25-0.75,atr1.5,half_gap,285,0.526,0.6702,0.6719,-0.0233,-6.651,-8.817,dead,False
fill,conf5,next_open,on_range_pctile,0.25-0.75,atr1.5,1.5R,285,0.526,0.4702,0.8492,-0.0227,-6.461,-10.77,dead,False
fill,conf5,next_open,on_range_pctile,0.25-0.75,atr1.5,2R,285,0.526,0.4702,0.8492,-0.0227,-6.461,-10.77,dead,False
fill,conf5,next_open,on_range_pctile,0.75-1.25,open_buffer,prior_close,26,0.048,0.3462,1.1198,0.0855,2.223,-5.433,sub_floor,False
fill,conf5,next_open,on_range_pctile,0.75-1.25,open_buffer,half_gap,26,0.048,0.4615,1.0545,0.0332,0.863,-4.339,sub_floor,False
fill,conf5,next_open,on_range_pctile,0.75-1.25,open_buffer,1.5R,26,0.048,0.4231,0.8932,-0.0695,-1.807,-5.169,sub_floor,False
fill,conf5,next_open,on_range_pctile,0.75-1.25,open_buffer,2R,26,0.048,0.4231,1.1155,0.0752,1.955,-4.669,sub_floor,False
fill,conf5,next_open,on_range_pctile,0.75-1.25,atr1.0,prior_close,26,0.048,0.5385,1.1711,0.0342,0.89,-2.454,sub_floor,False
fill,conf5,next_open,on_range_pctile,0.75-1.25,atr1.0,half_gap,26,0.048,0.6538,1.1812,0.0269,0.7,-1.281,sub_floor,False
fill,conf5,next_open,on_range_pctile,0.75-1.25,atr1.0,1.5R,26,0.048,0.5385,1.1783,0.0357,0.927,-2.454,sub_floor,False
fill,conf5,next_open,on_range_pctile,0.75-1.25,atr1.0,2R,26,0.048,0.5385,1.2745,0.0549,1.427,-2.454,sub_floor,False
fill,conf5,next_open,on_range_pctile,0.75-1.25,atr1.5,prior_close,26,0.048,0.5385,1.098,0.0139,0.362,-1.969,sub_floor,False
fill,conf5,next_open,on_range_pctile,0.75-1.25,atr1.5,half_gap,26,0.048,0.6538,1.2301,0.0219,0.569,-0.833,sub_floor,False
fill,conf5,next_open,on_range_pctile,0.75-1.25,atr1.5,1.5R,26,0.048,0.5385,1.1651,0.0235,0.61,-1.969,sub_floor,False
fill,conf5,next_open,on_range_pctile,0.75-1.25,atr1.5,2R,26,0.048,0.5385,1.1651,0.0235,0.61,-1.969,sub_floor,False
fill,conf5,next_open,on_range_pctile,>1.25,open_buffer,prior_close,6,0.011,0.1667,0.4267,-0.5487,-3.292,-3.278,sub_floor,True
fill,conf5,next_open,on_range_pctile,>1.25,open_buffer,half_gap,6,0.011,0.1667,0.2512,-0.7167,-4.3,-3.278,sub_floor,True
fill,conf5,next_open,on_range_pctile,>1.25,open_buffer,1.5R,6,0.011,0.1667,0.2546,-0.7134,-4.28,-3.278,sub_floor,True
fill,conf5,next_open,on_range_pctile,>1.25,open_buffer,2R,6,0.011,0.1667,0.3417,-0.6301,-3.78,-3.278,sub_floor,True
fill,conf5,next_open,on_range_pctile,>1.25,atr1.0,prior_close,6,0.011,0.3333,0.4809,-0.3341,-2.005,-2.801,sub_floor,True
fill,conf5,next_open,on_range_pctile,>1.25,atr1.0,half_gap,6,0.011,0.3333,0.3556,-0.4147,-2.488,-2.801,sub_floor,True
fill,conf5,next_open,on_range_pctile,>1.25,atr1.0,1.5R,6,0.011,0.3333,0.5624,-0.2817,-1.69,-2.801,sub_floor,True
fill,conf5,next_open,on_range_pctile,>1.25,atr1.0,2R,6,0.011,0.3333,0.4809,-0.3341,-2.005,-2.801,sub_floor,True
fill,conf5,next_open,on_range_pctile,>1.25,atr1.5,prior_close,6,0.011,0.3333,0.4195,-0.2855,-1.713,-2.221,sub_floor,True
fill,conf5,next_open,on_range_pctile,>1.25,atr1.5,half_gap,6,0.011,0.3333,0.3103,-0.3392,-2.035,-2.221,sub_floor,True
fill,conf5,next_open,on_range_pctile,>1.25,atr1.5,1.5R,6,0.011,0.3333,0.4195,-0.2855,-1.713,-2.221,sub_floor,True
fill,conf5,next_open,on_range_pctile,>1.25,atr1.5,2R,6,0.011,0.3333,0.4195,-0.2855,-1.713,-2.221,sub_floor,True
fill,conf5,next_open,first15m_strength,0.25-0.75,open_buffer,prior_close,184,0.339,0.6685,1.762,0.2693,49.556,-8.651,live_candidate,False
fill,conf5,next_open,first15m_strength,0.25-0.75,open_buffer,half_gap,184,0.339,0.5652,1.1572,0.0338,6.21,-8.78,live_candidate,False
fill,conf5,next_open,first15m_strength,0.25-0.75,open_buffer,1.5R,184,0.339,0.6087,1.7909,0.3401,62.58,-6.125,live_candidate,False
fill,conf5,next_open,first15m_strength,0.25-0.75,open_buffer,2R,184,0.339,0.5326,1.7241,0.3634,66.865,-7.819,live_candidate,False
fill,conf5,next_open,first15m_strength,0.25-0.75,atr1.0,prior_close,184,0.339,0.7283,1.2894,0.0415,7.631,-4.357,live_candidate,False
fill,conf5,next_open,first15m_strength,0.25-0.75,atr1.0,half_gap,184,0.339,0.6196,0.8334,-0.0136,-2.504,-4.155,dead,False
fill,conf5,next_open,first15m_strength,0.25-0.75,atr1.0,1.5R,184,0.339,0.5598,1.5428,0.1227,22.584,-4.029,live_candidate,False
fill,conf5,next_open,first15m_strength,0.25-0.75,atr1.0,2R,184,0.339,0.5598,1.5453,0.1233,22.687,-4.029,live_candidate,False
fill,conf5,next_open,first15m_strength,0.25-0.75,atr1.5,prior_close,184,0.339,0.7283,1.3806,0.034,6.248,-3.12,live_candidate,False
fill,conf5,next_open,first15m_strength,0.25-0.75,atr1.5,half_gap,184,0.339,0.6196,0.9295,-0.0034,-0.633,-2.015,dead,False
fill,conf5,next_open,first15m_strength,0.25-0.75,atr1.5,1.5R,184,0.339,0.5598,1.5771,0.0855,15.727,-2.444,live_candidate,False
fill,conf5,next_open,first15m_strength,0.25-0.75,atr1.5,2R,184,0.339,0.5598,1.5651,0.0837,15.4,-2.444,live_candidate,False
fill,conf5,next_open,first15m_strength,0.75-1.25,open_buffer,prior_close,46,0.085,0.5217,1.7637,0.4131,19.003,-6.415,sub_floor,False
fill,conf5,next_open,first15m_strength,0.75-1.25,open_buffer,half_gap,46,0.085,0.6087,1.4579,0.1753,8.064,-5.086,sub_floor,False
fill,conf5,next_open,first15m_strength,0.75-1.25,open_buffer,1.5R,46,0.085,0.6087,1.8553,0.383,17.617,-4.669,sub_floor,False
fill,conf5,next_open,first15m_strength,0.75-1.25,open_buffer,2R,46,0.085,0.5435,1.7776,0.4032,18.549,-4.973,sub_floor,False
fill,conf5,next_open,first15m_strength,0.75-1.25,atr1.0,prior_close,46,0.085,0.6957,2.2453,0.2125,9.774,-1.334,sub_floor,False
fill,conf5,next_open,first15m_strength,0.75-1.25,atr1.0,half_gap,46,0.085,0.7391,1.5907,0.071,3.265,-2.262,sub_floor,False
fill,conf5,next_open,first15m_strength,0.75-1.25,atr1.0,1.5R,46,0.085,0.6522,2.7329,0.3008,13.838,-1.757,sub_floor,False
fill,conf5,next_open,first15m_strength,0.75-1.25,atr1.0,2R,46,0.085,0.6522,2.8393,0.3193,14.687,-1.757,sub_floor,False
fill,conf5,next_open,first15m_strength,0.75-1.25,atr1.5,prior_close,46,0.085,0.6957,2.419,0.1498,6.892,-1.223,sub_floor,False
fill,conf5,next_open,first15m_strength,0.75-1.25,atr1.5,half_gap,46,0.085,0.7391,1.7712,0.0555,2.553,-1.841,sub_floor,False
fill,conf5,next_open,first15m_strength,0.75-1.25,atr1.5,1.5R,46,0.085,0.6522,3.0061,0.2158,9.926,-1.505,sub_floor,False
fill,conf5,next_open,first15m_strength,0.75-1.25,atr1.5,2R,46,0.085,0.6522,3.0028,0.2154,9.91,-1.505,sub_floor,False
fill,conf5,next_open,first15m_strength,>1.25,open_buffer,prior_close,28,0.052,0.2143,0.7332,-0.2047,-5.731,-7.425,sub_floor,False
fill,conf5,next_open,first15m_strength,>1.25,open_buffer,half_gap,28,0.052,0.3214,0.7123,-0.2073,-5.805,-6.818,sub_floor,False
fill,conf5,next_open,first15m_strength,>1.25,open_buffer,1.5R,28,0.052,0.3929,0.8805,-0.0721,-2.019,-7.305,sub_floor,False
fill,conf5,next_open,first15m_strength,>1.25,open_buffer,2R,28,0.052,0.2857,0.7016,-0.215,-6.019,-8.186,sub_floor,False
fill,conf5,next_open,first15m_strength,>1.25,atr1.0,prior_close,28,0.052,0.3214,0.6354,-0.1522,-4.261,-4.753,sub_floor,False
fill,conf5,next_open,first15m_strength,>1.25,atr1.0,half_gap,28,0.052,0.4643,0.7336,-0.1002,-2.806,-2.736,sub_floor,False
fill,conf5,next_open,first15m_strength,>1.25,atr1.0,1.5R,28,0.052,0.3214,0.6915,-0.1288,-3.606,-4.753,sub_floor,False
fill,conf5,next_open,first15m_strength,>1.25,atr1.0,2R,28,0.052,0.3214,0.7001,-0.1252,-3.505,-4.753,sub_floor,False
fill,conf5,next_open,first15m_strength,>1.25,atr1.5,prior_close,28,0.052,0.3929,0.8195,-0.0463,-1.297,-1.793,sub_floor,False
fill,conf5,next_open,first15m_strength,>1.25,atr1.5,half_gap,28,0.052,0.5,0.7675,-0.0589,-1.648,-1.793,sub_floor,False
fill,conf5,next_open,first15m_strength,>1.25,atr1.5,1.5R,28,0.052,0.3929,0.8897,-0.0283,-0.792,-1.793,sub_floor,False
fill,conf5,next_open,first15m_strength,>1.25,atr1.5,2R,28,0.052,0.3929,0.8897,-0.0283,-0.792,-1.793,sub_floor,False
fill,conf5,pullback_limit,none,0.25-0.75,open_buffer,prior_close,435,0.803,0.3126,0.8419,-0.1289,-56.086,-83.079,dead,False
fill,conf5,pullback_limit,none,0.25-0.75,open_buffer,half_gap,435,0.803,0.4391,0.7368,-0.1745,-75.924,-89.103,dead,True
fill,conf5,pullback_limit,none,0.25-0.75,open_buffer,1.5R,435,0.803,0.3885,0.6799,-0.2329,-101.304,-107.787,dead,True
fill,conf5,pullback_limit,none,0.25-0.75,open_buffer,2R,435,0.803,0.3356,0.7372,-0.2065,-89.842,-109.038,dead,False
fill,conf5,pullback_limit,none,0.25-0.75,atr1.0,prior_close,435,0.803,0.5448,0.7771,-0.0497,-21.611,-28.309,dead,False
fill,conf5,pullback_limit,none,0.25-0.75,atr1.0,half_gap,435,0.803,0.6851,0.7261,-0.0443,-19.261,-24.827,dead,False
fill,conf5,pullback_limit,none,0.25-0.75,atr1.0,1.5R,435,0.803,0.4759,0.9826,-0.0042,-1.819,-14.483,dead,False
fill,conf5,pullback_limit,none,0.25-0.75,atr1.0,2R,435,0.803,0.4736,0.9431,-0.0137,-5.968,-17.471,dead,False
fill,conf5,pullback_limit,none,0.25-0.75,atr1.5,prior_close,435,0.803,0.5448,0.7702,-0.0345,-14.988,-19.523,dead,True
fill,conf5,pullback_limit,none,0.25-0.75,atr1.5,half_gap,435,0.803,0.6851,0.7168,-0.0309,-13.447,-17.561,dead,False
fill,conf5,pullback_limit,none,0.25-0.75,atr1.5,1.5R,435,0.803,0.4736,0.9306,-0.0114,-4.939,-12.282,dead,False
fill,conf5,pullback_limit,none,0.25-0.75,atr1.5,2R,435,0.803,0.4736,0.9345,-0.0107,-4.668,-11.782,dead,False
fill,conf5,pullback_limit,none,0.75-1.25,open_buffer,prior_close,80,0.148,0.1875,0.8891,-0.1085,-8.68,-27.864,sub_floor,False
fill,conf5,pullback_limit,none,0.75-1.25,open_buffer,half_gap,80,0.148,0.25,0.7509,-0.2319,-18.55,-29.16,sub_floor,False
fill,conf5,pullback_limit,none,0.75-1.25,open_buffer,1.5R,80,0.148,0.375,0.6218,-0.2924,-23.394,-26.71,sub_floor,False
fill,conf5,pullback_limit,none,0.75-1.25,open_buffer,2R,80,0.148,0.3125,0.6567,-0.2924,-23.394,-28.71,sub_floor,False
fill,conf5,pullback_limit,none,0.75-1.25,atr1.0,prior_close,80,0.148,0.475,1.2819,0.0648,5.182,-3.237,sub_floor,False
fill,conf5,pullback_limit,none,0.75-1.25,atr1.0,half_gap,80,0.148,0.575,1.1472,0.0297,2.376,-5.233,sub_floor,False
fill,conf5,pullback_limit,none,0.75-1.25,atr1.0,1.5R,80,0.148,0.4625,1.2661,0.0646,5.168,-4.934,sub_floor,False
fill,conf5,pullback_limit,none,0.75-1.25,atr1.0,2R,80,0.148,0.4625,1.4274,0.1037,8.3,-4.877,sub_floor,False
fill,conf5,pullback_limit,none,0.75-1.25,atr1.5,prior_close,80,0.148,0.4875,1.3889,0.0557,4.454,-2.366,sub_floor,False
fill,conf5,pullback_limit,none,0.75-1.25,atr1.5,half_gap,80,0.148,0.5875,1.2681,0.0331,2.651,-3.243,sub_floor,False
fill,conf5,pullback_limit,none,0.75-1.25,atr1.5,1.5R,80,0.148,0.475,1.5245,0.0818,6.544,-3.164,sub_floor,False
fill,conf5,pullback_limit,none,0.75-1.25,atr1.5,2R,80,0.148,0.475,1.5257,0.082,6.558,-3.164,sub_floor,False
fill,conf5,pullback_limit,none,>1.25,open_buffer,prior_close,28,0.052,0.1786,0.8272,-0.1657,-4.639,-15.954,sub_floor,False
fill,conf5,pullback_limit,none,>1.25,open_buffer,half_gap,28,0.052,0.1786,0.7739,-0.2168,-6.07,-15.954,sub_floor,False
fill,conf5,pullback_limit,none,>1.25,open_buffer,1.5R,28,0.052,0.3214,0.4968,-0.4097,-11.472,-11.503,sub_floor,True
fill,conf5,pullback_limit,none,>1.25,open_buffer,2R,28,0.052,0.25,0.4858,-0.4633,-12.972,-15.954,sub_floor,False
fill,conf5,pullback_limit,none,>1.25,atr1.0,prior_close,28,0.052,0.4286,0.8751,-0.0474,-1.328,-5.505,sub_floor,False
fill,conf5,pullback_limit,none,>1.25,atr1.0,half_gap,28,0.052,0.4643,0.8599,-0.0532,-1.49,-5.564,sub_floor,False
fill,conf5,pullback_limit,none,>1.25,atr1.0,1.5R,28,0.052,0.4286,0.8912,-0.0413,-1.157,-5.505,sub_floor,False
fill,conf5,pullback_limit,none,>1.25,atr1.0,2R,28,0.052,0.4286,0.8183,-0.069,-1.932,-5.505,sub_floor,False
fill,conf5,pullback_limit,none,>1.25,atr1.5,prior_close,28,0.052,0.4286,0.7306,-0.0817,-2.287,-4.398,sub_floor,False
fill,conf5,pullback_limit,none,>1.25,atr1.5,half_gap,28,0.052,0.4643,0.7178,-0.0855,-2.395,-4.437,sub_floor,False
fill,conf5,pullback_limit,none,>1.25,atr1.5,1.5R,28,0.052,0.4286,0.6832,-0.0961,-2.69,-4.398,sub_floor,False
fill,conf5,pullback_limit,none,>1.25,atr1.5,2R,28,0.052,0.4286,0.6832,-0.0961,-2.69,-4.398,sub_floor,False
fill,conf5,pullback_limit,on_range_pctile,0.25-0.75,open_buffer,prior_close,205,0.378,0.3171,0.8479,-0.1252,-25.67,-48.78,dead,False
fill,conf5,pullback_limit,on_range_pctile,0.25-0.75,open_buffer,half_gap,205,0.378,0.4488,0.7291,-0.1791,-36.719,-42.841,dead,False
fill,conf5,pullback_limit,on_range_pctile,0.25-0.75,open_buffer,1.5R,205,0.378,0.4,0.6814,-0.232,-47.568,-55.185,dead,False
fill,conf5,pullback_limit,on_range_pctile,0.25-0.75,open_buffer,2R,205,0.378,0.3317,0.7008,-0.2407,-49.345,-60.962,dead,False
fill,conf5,pullback_limit,on_range_pctile,0.25-0.75,atr1.0,prior_close,205,0.378,0.5268,0.684,-0.073,-14.971,-17.973,dead,False
fill,conf5,pullback_limit,on_range_pctile,0.25-0.75,atr1.0,half_gap,205,0.378,0.6878,0.7051,-0.0466,-9.558,-12.102,dead,False
fill,conf5,pullback_limit,on_range_pctile,0.25-0.75,atr1.0,1.5R,205,0.378,0.4683,0.7953,-0.0497,-10.183,-12.83,dead,False
fill,conf5,pullback_limit,on_range_pctile,0.25-0.75,atr1.0,2R,205,0.378,0.4683,0.7895,-0.0511,-10.472,-13.119,dead,False
fill,conf5,pullback_limit,on_range_pctile,0.25-0.75,atr1.5,prior_close,205,0.378,0.5268,0.7237,-0.0402,-8.246,-10.723,dead,False
fill,conf5,pullback_limit,on_range_pctile,0.25-0.75,atr1.5,half_gap,205,0.378,0.6878,0.7426,-0.0258,-5.28,-8.386,dead,False
fill,conf5,pullback_limit,on_range_pctile,0.25-0.75,atr1.5,1.5R,205,0.378,0.4683,0.8319,-0.0258,-5.293,-8.005,dead,False
fill,conf5,pullback_limit,on_range_pctile,0.25-0.75,atr1.5,2R,205,0.378,0.4683,0.8319,-0.0258,-5.293,-8.005,dead,False
fill,conf5,pullback_limit,on_range_pctile,0.75-1.25,open_buffer,prior_close,22,0.041,0.2273,1.1494,0.1338,2.944,-6.813,sub_floor,False
fill,conf5,pullback_limit,on_range_pctile,0.75-1.25,open_buffer,half_gap,22,0.041,0.3182,1.0022,0.0018,0.04,-4.6,sub_floor,False
fill,conf5,pullback_limit,on_range_pctile,0.75-1.25,open_buffer,1.5R,22,0.041,0.5,1.0721,0.0439,0.966,-4.6,sub_floor,False
fill,conf5,pullback_limit,on_range_pctile,0.75-1.25,open_buffer,2R,22,0.041,0.4091,1.0293,0.0212,0.466,-5.026,sub_floor,False
fill,conf5,pullback_limit,on_range_pctile,0.75-1.25,atr1.0,prior_close,22,0.041,0.5,1.2069,0.0419,0.921,-2.19,sub_floor,False
fill,conf5,pullback_limit,on_range_pctile,0.75-1.25,atr1.0,half_gap,22,0.041,0.6364,1.4482,0.0659,1.449,-1.095,sub_floor,False
fill,conf5,pullback_limit,on_range_pctile,0.75-1.25,atr1.0,1.5R,22,0.041,0.5,1.2208,0.0447,0.983,-2.19,sub_floor,False
fill,conf5,pullback_limit,on_range_pctile,0.75-1.25,atr1.0,2R,22,0.041,0.5,1.3331,0.0674,1.483,-2.19,sub_floor,False
fill,conf5,pullback_limit,on_range_pctile,0.75-1.25,atr1.5,prior_close,22,0.041,0.5,1.2572,0.0333,0.733,-1.528,sub_floor,False
fill,conf5,pullback_limit,on_range_pctile,0.75-1.25,atr1.5,half_gap,22,0.041,0.6364,1.5853,0.0524,1.153,-0.656,sub_floor,False
fill,conf5,pullback_limit,on_range_pctile,0.75-1.25,atr1.5,1.5R,22,0.041,0.5,1.3678,0.0476,1.048,-1.528,sub_floor,False
fill,conf5,pullback_limit,on_range_pctile,0.75-1.25,atr1.5,2R,22,0.041,0.5,1.3678,0.0476,1.048,-1.528,sub_floor,False
fill,conf5,pullback_limit,on_range_pctile,>1.25,open_buffer,prior_close,5,0.009,0.0,0.0,-1.1885,-5.942,-4.535,sub_floor,True
fill,conf5,pullback_limit,on_range_pctile,>1.25,open_buffer,half_gap,5,0.009,0.0,0.0,-1.1885,-5.942,-4.535,sub_floor,True
fill,conf5,pullback_limit,on_range_pctile,>1.25,open_buffer,1.5R,5,0.009,0.2,0.2684,-0.6885,-3.442,-3.298,sub_floor,True
fill,conf5,pullback_limit,on_range_pctile,>1.25,open_buffer,2R,5,0.009,0.0,0.0,-1.1885,-5.942,-4.535,sub_floor,True
fill,conf5,pullback_limit,on_range_pctile,>1.25,atr1.0,prior_close,5,0.009,0.2,0.1903,-0.5946,-2.973,-2.611,sub_floor,True
fill,conf5,pullback_limit,on_range_pctile,>1.25,atr1.0,half_gap,5,0.009,0.2,0.1893,-0.5953,-2.976,-2.611,sub_floor,True
fill,conf5,pullback_limit,on_range_pctile,>1.25,atr1.0,1.5R,5,0.009,0.2,0.1903,-0.5946,-2.973,-2.611,sub_floor,True
fill,conf5,pullback_limit,on_range_pctile,>1.25,atr1.0,2R,5,0.009,0.2,0.1903,-0.5946,-2.973,-2.611,sub_floor,True
fill,conf5,pullback_limit,on_range_pctile,>1.25,atr1.5,prior_close,5,0.009,0.2,0.1773,-0.4323,-2.162,-1.912,sub_floor,True
fill,conf5,pullback_limit,on_range_pctile,>1.25,atr1.5,half_gap,5,0.009,0.2,0.1764,-0.4328,-2.164,-1.912,sub_floor,True
fill,conf5,pullback_limit,on_range_pctile,>1.25,atr1.5,1.5R,5,0.009,0.2,0.1773,-0.4323,-2.162,-1.912,sub_floor,True
fill,conf5,pullback_limit,on_range_pctile,>1.25,atr1.5,2R,5,0.009,0.2,0.1773,-0.4323,-2.162,-1.912,sub_floor,True
fill,conf5,pullback_limit,first15m_strength,0.25-0.75,open_buffer,prior_close,85,0.157,0.3059,0.8729,-0.108,-9.18,-19.032,sub_floor,False
fill,conf5,pullback_limit,first15m_strength,0.25-0.75,open_buffer,half_gap,85,0.157,0.4118,0.6484,-0.2507,-21.309,-25.244,sub_floor,True
fill,conf5,pullback_limit,first15m_strength,0.25-0.75,open_buffer,1.5R,85,0.157,0.3765,0.616,-0.293,-24.904,-26.483,sub_floor,True
fill,conf5,pullback_limit,first15m_strength,0.25-0.75,open_buffer,2R,85,0.157,0.3176,0.6587,-0.2826,-24.019,-28.904,sub_floor,False
fill,conf5,pullback_limit,first15m_strength,0.25-0.75,atr1.0,prior_close,85,0.157,0.5294,0.7048,-0.0793,-6.737,-7.107,sub_floor,False
fill,conf5,pullback_limit,first15m_strength,0.25-0.75,atr1.0,half_gap,85,0.157,0.6588,0.5415,-0.0974,-8.276,-8.361,sub_floor,True
fill,conf5,pullback_limit,first15m_strength,0.25-0.75,atr1.0,1.5R,85,0.157,0.4706,1.1184,0.035,2.977,-3.091,sub_floor,False
fill,conf5,pullback_limit,first15m_strength,0.25-0.75,atr1.0,2R,85,0.157,0.4706,1.1072,0.0317,2.696,-3.959,sub_floor,False
fill,conf5,pullback_limit,first15m_strength,0.25-0.75,atr1.5,prior_close,85,0.157,0.5294,0.7608,-0.0397,-3.371,-3.876,sub_floor,False
fill,conf5,pullback_limit,first15m_strength,0.25-0.75,atr1.5,half_gap,85,0.157,0.6588,0.6005,-0.051,-4.336,-4.946,sub_floor,True
fill,conf5,pullback_limit,first15m_strength,0.25-0.75,atr1.5,1.5R,85,0.157,0.4706,1.1584,0.0304,2.584,-2.724,sub_floor,False
fill,conf5,pullback_limit,first15m_strength,0.25-0.75,atr1.5,2R,85,0.157,0.4706,1.175,0.0336,2.855,-2.724,sub_floor,False
fill,conf5,pullback_limit,first15m_strength,0.75-1.25,open_buffer,prior_close,23,0.042,0.2174,1.162,0.1585,3.646,-8.015,sub_floor,False
fill,conf5,pullback_limit,first15m_strength,0.75-1.25,open_buffer,half_gap,23,0.042,0.2609,0.7611,-0.2215,-5.095,-9.84,sub_floor,False
fill,conf5,pullback_limit,first15m_strength,0.75-1.25,open_buffer,1.5R,23,0.042,0.3913,0.633,-0.2746,-6.315,-7.169,sub_floor,False
fill,conf5,pullback_limit,first15m_strength,0.75-1.25,open_buffer,2R,23,0.042,0.3043,0.6007,-0.3398,-7.815,-9.669,sub_floor,True
fill,conf5,pullback_limit,first15m_strength,0.75-1.25,atr1.0,prior_close,23,0.042,0.5652,1.747,0.1694,3.897,-1.878,sub_floor,False
fill,conf5,pullback_limit,first15m_strength,0.75-1.25,atr1.0,half_gap,23,0.042,0.6522,1.2632,0.0541,1.245,-1.878,sub_floor,False
fill,conf5,pullback_limit,first15m_strength,0.75-1.25,atr1.0,1.5R,23,0.042,0.5652,1.561,0.1272,2.926,-1.878,sub_floor,False
fill,conf5,pullback_limit,first15m_strength,0.75-1.25,atr1.0,2R,23,0.042,0.5652,1.7527,0.1707,3.926,-1.878,sub_floor,False
fill,conf5,pullback_limit,first15m_strength,0.75-1.25,atr1.5,prior_close,23,0.042,0.5652,2.0324,0.1342,3.086,-1.585,sub_floor,False
fill,conf5,pullback_limit,first15m_strength,0.75-1.25,atr1.5,half_gap,23,0.042,0.6522,1.4947,0.0573,1.318,-1.585,sub_floor,False
fill,conf5,pullback_limit,first15m_strength,0.75-1.25,atr1.5,1.5R,23,0.042,0.5652,2.0558,0.1372,3.156,-1.585,sub_floor,False
fill,conf5,pullback_limit,first15m_strength,0.75-1.25,atr1.5,2R,23,0.042,0.5652,1.9437,0.1226,2.821,-1.585,sub_floor,False
fill,conf5,pullback_limit,first15m_strength,>1.25,open_buffer,prior_close,16,0.03,0.125,0.602,-0.4232,-6.771,-9.269,sub_floor,True
fill,conf5,pullback_limit,first15m_strength,>1.25,open_buffer,half_gap,16,0.03,0.125,0.6506,-0.3715,-5.944,-9.269,sub_floor,True
fill,conf5,pullback_limit,first15m_strength,>1.25,open_buffer,1.5R,16,0.03,0.25,0.3613,-0.5822,-9.315,-7.908,sub_floor,True
fill,conf5,pullback_limit,first15m_strength,>1.25,open_buffer,2R,16,0.03,0.125,0.2173,-0.8322,-13.315,-11.908,sub_floor,True
fill,conf5,pullback_limit,first15m_strength,>1.25,atr1.0,prior_close,16,0.03,0.4375,1.019,0.0069,0.11,-2.479,sub_floor,True
fill,conf5,pullback_limit,first15m_strength,>1.25,atr1.0,half_gap,16,0.03,0.5,1.1086,0.0392,0.628,-2.479,sub_floor,True
fill,conf5,pullback_limit,first15m_strength,>1.25,atr1.0,1.5R,16,0.03,0.4375,1.019,0.0069,0.11,-2.479,sub_floor,True
fill,conf5,pullback_limit,first15m_strength,>1.25,atr1.0,2R,16,0.03,0.4375,1.019,0.0069,0.11,-2.479,sub_floor,True
fill,conf5,pullback_limit,first15m_strength,>1.25,atr1.5,prior_close,16,0.03,0.4375,0.8078,-0.0584,-0.935,-2.319,sub_floor,True
fill,conf5,pullback_limit,first15m_strength,>1.25,atr1.5,half_gap,16,0.03,0.5,0.8788,-0.0368,-0.589,-2.319,sub_floor,True
fill,conf5,pullback_limit,first15m_strength,>1.25,atr1.5,1.5R,16,0.03,0.4375,0.8078,-0.0584,-0.935,-2.319,sub_floor,True
fill,conf5,pullback_limit,first15m_strength,>1.25,atr1.5,2R,16,0.03,0.4375,0.8078,-0.0584,-0.935,-2.319,sub_floor,True
fill,conf15,next_open,none,0.25-0.75,open_buffer,prior_close,566,1.044,0.4629,0.7782,-0.1179,-66.741,-74.823,dead,False
fill,conf15,next_open,none,0.25-0.75,open_buffer,half_gap,566,1.044,0.4523,0.5176,-0.1777,-100.599,-101.848,dead,True
fill,conf15,next_open,none,0.25-0.75,open_buffer,1.5R,566,1.044,0.4258,0.888,-0.0666,-37.701,-61.809,dead,False
fill,conf15,next_open,none,0.25-0.75,open_buffer,2R,566,1.044,0.3869,0.8913,-0.0686,-38.837,-65.239,dead,False
fill,conf15,next_open,none,0.25-0.75,atr1.0,prior_close,566,1.044,0.5883,0.7591,-0.0431,-24.37,-27.945,dead,True
fill,conf15,next_open,none,0.25-0.75,atr1.0,half_gap,566,1.044,0.5495,0.4766,-0.0606,-34.286,-34.608,dead,True
fill,conf15,next_open,none,0.25-0.75,atr1.0,1.5R,566,1.044,0.4965,1.0035,0.0008,0.459,-12.534,dead,False
fill,conf15,next_open,none,0.25-0.75,atr1.0,2R,566,1.044,0.4947,0.9786,-0.0049,-2.775,-14.053,dead,False
fill,conf15,next_open,none,0.25-0.75,atr1.5,prior_close,566,1.044,0.5901,0.7649,-0.0279,-15.787,-18.181,dead,False
fill,conf15,next_open,none,0.25-0.75,atr1.5,half_gap,566,1.044,0.5495,0.4662,-0.0421,-23.826,-24.04,dead,True
fill,conf15,next_open,none,0.25-0.75,atr1.5,1.5R,566,1.044,0.4965,0.9965,-0.0005,-0.307,-9.176,dead,False
fill,conf15,next_open,none,0.25-0.75,atr1.5,2R,566,1.044,0.4965,0.9806,-0.003,-1.674,-9.176,dead,False
fill,conf15,next_open,none,0.75-1.25,open_buffer,prior_close,111,0.205,0.3604,0.8334,-0.1115,-12.372,-16.913,sub_floor,False
fill,conf15,next_open,none,0.75-1.25,open_buffer,half_gap,111,0.205,0.4685,0.7781,-0.1175,-13.039,-14.123,sub_floor,False
fill,conf15,next_open,none,0.75-1.25,open_buffer,1.5R,111,0.205,0.4414,0.9578,-0.0254,-2.815,-11.77,sub_floor,False
fill,conf15,next_open,none,0.75-1.25,open_buffer,2R,111,0.205,0.3874,0.9444,-0.0359,-3.982,-10.994,sub_floor,False
fill,conf15,next_open,none,0.75-1.25,atr1.0,prior_close,111,0.205,0.5405,1.1073,0.0248,2.751,-6.09,sub_floor,False
fill,conf15,next_open,none,0.75-1.25,atr1.0,half_gap,111,0.205,0.6216,0.8103,-0.0361,-4.007,-7.696,sub_floor,False
fill,conf15,next_open,none,0.75-1.25,atr1.0,1.5R,111,0.205,0.4955,1.2316,0.059,6.546,-5.396,sub_floor,False
fill,conf15,next_open,none,0.75-1.25,atr1.0,2R,111,0.205,0.4955,1.3106,0.0791,8.778,-5.461,sub_floor,False
fill,conf15,next_open,none,0.75-1.25,atr1.5,prior_close,111,0.205,0.5405,1.0315,0.0052,0.577,-5.216,sub_floor,False
fill,conf15,next_open,none,0.75-1.25,atr1.5,half_gap,111,0.205,0.6216,0.7605,-0.0324,-3.594,-5.954,sub_floor,False
fill,conf15,next_open,none,0.75-1.25,atr1.5,1.5R,111,0.205,0.4955,1.2129,0.0392,4.35,-5.351,sub_floor,False
fill,conf15,next_open,none,0.75-1.25,atr1.5,2R,111,0.205,0.4955,1.2221,0.0409,4.538,-5.351,sub_floor,False
fill,conf15,next_open,none,>1.25,open_buffer,prior_close,34,0.063,0.1765,0.4389,-0.4377,-14.88,-13.839,sub_floor,True
fill,conf15,next_open,none,>1.25,open_buffer,half_gap,34,0.063,0.2059,0.3425,-0.5033,-17.111,-16.069,sub_floor,True
fill,conf15,next_open,none,>1.25,open_buffer,1.5R,34,0.063,0.2059,0.3517,-0.4995,-16.981,-16.024,sub_floor,False
fill,conf15,next_open,none,>1.25,open_buffer,2R,34,0.063,0.2059,0.4447,-0.4278,-14.545,-14.024,sub_floor,False
fill,conf15,next_open,none,>1.25,atr1.0,prior_close,34,0.063,0.3235,0.4938,-0.2226,-7.568,-6.704,sub_floor,False
fill,conf15,next_open,none,>1.25,atr1.0,half_gap,34,0.063,0.3824,0.4386,-0.2414,-8.207,-7.152,sub_floor,True
fill,conf15,next_open,none,>1.25,atr1.0,1.5R,34,0.063,0.3235,0.5338,-0.205,-6.97,-6.106,sub_floor,False
fill,conf15,next_open,none,>1.25,atr1.0,2R,34,0.063,0.3235,0.5444,-0.2003,-6.812,-5.948,sub_floor,False
fill,conf15,next_open,none,>1.25,atr1.5,prior_close,34,0.063,0.3529,0.5372,-0.1357,-4.614,-3.578,sub_floor,False
fill,conf15,next_open,none,>1.25,atr1.5,half_gap,34,0.063,0.4118,0.4719,-0.1514,-5.149,-4.112,sub_floor,False
fill,conf15,next_open,none,>1.25,atr1.5,1.5R,34,0.063,0.3529,0.5878,-0.1209,-4.11,-3.074,sub_floor,False
fill,conf15,next_open,none,>1.25,atr1.5,2R,34,0.063,0.3529,0.5878,-0.1209,-4.11,-3.074,sub_floor,False
fill,conf15,next_open,on_range_pctile,0.25-0.75,open_buffer,prior_close,281,0.518,0.4804,0.9074,-0.0469,-13.172,-34.339,dead,False
fill,conf15,next_open,on_range_pctile,0.25-0.75,open_buffer,half_gap,281,0.518,0.4733,0.6082,-0.132,-37.085,-37.305,dead,True
fill,conf15,next_open,on_range_pctile,0.25-0.75,open_buffer,1.5R,281,0.518,0.4377,0.9309,-0.0396,-11.14,-36.782,dead,False
fill,conf15,next_open,on_range_pctile,0.25-0.75,open_buffer,2R,281,0.518,0.4021,0.9474,-0.0319,-8.96,-36.153,dead,False
fill,conf15,next_open,on_range_pctile,0.25-0.75,atr1.0,prior_close,281,0.518,0.5694,0.6827,-0.0605,-17.011,-18.594,dead,True
fill,conf15,next_open,on_range_pctile,0.25-0.75,atr1.0,half_gap,281,0.518,0.548,0.4555,-0.0649,-18.245,-18.624,dead,True
fill,conf15,next_open,on_range_pctile,0.25-0.75,atr1.0,1.5R,281,0.518,0.4698,0.7769,-0.0516,-14.513,-16.237,dead,False
fill,conf15,next_open,on_range_pctile,0.25-0.75,atr1.0,2R,281,0.518,0.4698,0.7547,-0.0568,-15.952,-17.676,dead,False
fill,conf15,next_open,on_range_pctile,0.25-0.75,atr1.5,prior_close,281,0.518,0.5694,0.6919,-0.0387,-10.866,-12.041,dead,True
fill,conf15,next_open,on_range_pctile,0.25-0.75,atr1.5,half_gap,281,0.518,0.548,0.4482,-0.0446,-12.525,-12.777,dead,True
fill,conf15,next_open,on_range_pctile,0.25-0.75,atr1.5,1.5R,281,0.518,0.4698,0.7677,-0.0352,-9.904,-11.291,dead,False
fill,conf15,next_open,on_range_pctile,0.25-0.75,atr1.5,2R,281,0.518,0.4698,0.7677,-0.0352,-9.904,-11.291,dead,False
fill,conf15,next_open,on_range_pctile,0.75-1.25,open_buffer,prior_close,21,0.039,0.4286,0.8025,-0.1235,-2.594,-6.084,sub_floor,False
fill,conf15,next_open,on_range_pctile,0.75-1.25,open_buffer,half_gap,21,0.039,0.619,1.3383,0.1473,3.092,-3.272,sub_floor,False
fill,conf15,next_open,on_range_pctile,0.75-1.25,open_buffer,1.5R,21,0.039,0.6667,2.1999,0.4531,9.516,-3.272,sub_floor,False
fill,conf15,next_open,on_range_pctile,0.75-1.25,open_buffer,2R,21,0.039,0.619,2.1493,0.4979,10.455,-3.272,sub_floor,False
fill,conf15,next_open,on_range_pctile,0.75-1.25,atr1.0,prior_close,21,0.039,0.5714,0.983,-0.0038,-0.081,-2.355,sub_floor,False
fill,conf15,next_open,on_range_pctile,0.75-1.25,atr1.0,half_gap,21,0.039,0.7619,1.4318,0.0547,1.148,-1.021,sub_floor,False
fill,conf15,next_open,on_range_pctile,0.75-1.25,atr1.0,1.5R,21,0.039,0.5238,0.6933,-0.0718,-1.508,-2.585,sub_floor,False
fill,conf15,next_open,on_range_pctile,0.75-1.25,atr1.0,2R,21,0.039,0.5238,0.6933,-0.0718,-1.508,-2.585,sub_floor,False
fill,conf15,next_open,on_range_pctile,0.75-1.25,atr1.5,prior_close,21,0.039,0.5714,0.9094,-0.0147,-0.309,-1.904,sub_floor,False
fill,conf15,next_open,on_range_pctile,0.75-1.25,atr1.5,half_gap,21,0.039,0.7619,1.4974,0.0402,0.843,-0.603,sub_floor,False
fill,conf15,next_open,on_range_pctile,0.75-1.25,atr1.5,1.5R,21,0.039,0.5238,0.6431,-0.0601,-1.261,-1.979,sub_floor,False
fill,conf15,next_open,on_range_pctile,0.75-1.25,atr1.5,2R,21,0.039,0.5238,0.6431,-0.0601,-1.261,-1.979,sub_floor,False
fill,conf15,next_open,on_range_pctile,>1.25,open_buffer,prior_close,4,0.007,0.25,1.0036,0.0029,0.012,-1.079,sub_floor,True
fill,conf15,next_open,on_range_pctile,>1.25,open_buffer,half_gap,4,0.007,0.25,0.6194,-0.3056,-1.223,-1.079,sub_floor,True
fill,conf15,next_open,on_range_pctile,>1.25,open_buffer,1.5R,4,0.007,0.25,0.4525,-0.4398,-1.759,-1.079,sub_floor,True
fill,conf15,next_open,on_range_pctile,>1.25,open_buffer,2R,4,0.007,0.25,0.6081,-0.3148,-1.259,-1.079,sub_floor,True
fill,conf15,next_open,on_range_pctile,>1.25,atr1.0,prior_close,4,0.007,0.5,0.618,-0.1957,-0.783,-1.013,sub_floor,True
fill,conf15,next_open,on_range_pctile,>1.25,atr1.0,half_gap,4,0.007,0.5,0.3836,-0.3157,-1.263,-1.013,sub_floor,True
fill,conf15,next_open,on_range_pctile,>1.25,atr1.0,1.5R,4,0.007,0.5,0.729,-0.1388,-0.555,-1.013,sub_floor,True
fill,conf15,next_open,on_range_pctile,>1.25,atr1.0,2R,4,0.007,0.5,0.618,-0.1957,-0.783,-1.013,sub_floor,True
fill,conf15,next_open,on_range_pctile,>1.25,atr1.5,prior_close,4,0.007,0.5,0.6358,-0.1208,-0.483,-0.686,sub_floor,True
fill,conf15,next_open,on_range_pctile,>1.25,atr1.5,half_gap,4,0.007,0.5,0.3947,-0.2009,-0.803,-0.686,sub_floor,True
fill,conf15,next_open,on_range_pctile,>1.25,atr1.5,1.5R,4,0.007,0.5,0.6358,-0.1208,-0.483,-0.686,sub_floor,True
fill,conf15,next_open,on_range_pctile,>1.25,atr1.5,2R,4,0.007,0.5,0.6358,-0.1208,-0.483,-0.686,sub_floor,True
fill,conf15,next_open,first15m_strength,0.25-0.75,open_buffer,prior_close,187,0.345,0.6043,0.9931,-0.002,-0.367,-10.248,dead,False
fill,conf15,next_open,first15m_strength,0.25-0.75,open_buffer,half_gap,187,0.345,0.2727,0.1946,-0.1733,-32.409,-32.245,dead,True
fill,conf15,next_open,first15m_strength,0.25-0.75,open_buffer,1.5R,187,0.345,0.5241,1.3086,0.1396,26.104,-9.312,live_candidate,False
fill,conf15,next_open,first15m_strength,0.25-0.75,open_buffer,2R,187,0.345,0.5027,1.3204,0.15,28.043,-8.751,live_candidate,False
fill,conf15,next_open,first15m_strength,0.25-0.75,atr1.0,prior_close,187,0.345,0.6471,0.7932,-0.0295,-5.512,-7.156,dead,False
fill,conf15,next_open,first15m_strength,0.25-0.75,atr1.0,half_gap,187,0.345,0.2834,0.1632,-0.08,-14.969,-14.912,dead,True
fill,conf15,next_open,first15m_strength,0.25-0.75,atr1.0,1.5R,187,0.345,0.5615,1.329,0.0792,14.802,-6.247,live_candidate,False
fill,conf15,next_open,first15m_strength,0.25-0.75,atr1.0,2R,187,0.345,0.5615,1.3134,0.0754,14.099,-6.247,live_candidate,False
fill,conf15,next_open,first15m_strength,0.25-0.75,atr1.5,prior_close,187,0.345,0.6471,0.7858,-0.0205,-3.842,-4.949,dead,False
fill,conf15,next_open,first15m_strength,0.25-0.75,atr1.5,half_gap,187,0.345,0.2834,0.1618,-0.0539,-10.087,-10.049,dead,True
fill,conf15,next_open,first15m_strength,0.25-0.75,atr1.5,1.5R,187,0.345,0.5615,1.3464,0.0553,10.35,-4.652,live_candidate,False
fill,conf15,next_open,first15m_strength,0.25-0.75,atr1.5,2R,187,0.345,0.5615,1.3136,0.0501,9.367,-4.652,live_candidate,False
fill,conf15,next_open,first15m_strength,0.75-1.25,open_buffer,prior_close,51,0.094,0.5294,1.2413,0.1099,5.602,-5.481,sub_floor,False
fill,conf15,next_open,first15m_strength,0.75-1.25,open_buffer,half_gap,51,0.094,0.5686,0.6982,-0.098,-4.999,-6.328,sub_floor,False
fill,conf15,next_open,first15m_strength,0.75-1.25,open_buffer,1.5R,51,0.094,0.5294,1.4242,0.1959,9.993,-5.353,sub_floor,False
fill,conf15,next_open,first15m_strength,0.75-1.25,open_buffer,2R,51,0.094,0.4902,1.4067,0.1997,10.186,-5.353,sub_floor,False
fill,conf15,next_open,first15m_strength,0.75-1.25,atr1.0,prior_close,51,0.094,0.6667,1.8328,0.136,6.937,-1.66,sub_floor,False
fill,conf15,next_open,first15m_strength,0.75-1.25,atr1.0,half_gap,51,0.094,0.6863,0.8696,-0.0166,-0.845,-2.682,sub_floor,False
fill,conf15,next_open,first15m_strength,0.75-1.25,atr1.0,1.5R,51,0.094,0.6078,2.1537,0.2207,11.255,-1.989,sub_floor,False
fill,conf15,next_open,first15m_strength,0.75-1.25,atr1.0,2R,51,0.094,0.6078,2.2465,0.2384,12.161,-1.989,sub_floor,False
fill,conf15,next_open,first15m_strength,0.75-1.25,atr1.5,prior_close,51,0.094,0.6667,1.7826,0.0876,4.468,-1.026,sub_floor,False
fill,conf15,next_open,first15m_strength,0.75-1.25,atr1.5,half_gap,51,0.094,0.6863,0.8392,-0.0141,-0.72,-1.944,sub_floor,False
fill,conf15,next_open,first15m_strength,0.75-1.25,atr1.5,1.5R,51,0.094,0.6078,2.1532,0.1506,7.681,-1.66,sub_floor,False
fill,conf15,next_open,first15m_strength,0.75-1.25,atr1.5,2R,51,0.094,0.6078,2.1532,0.1506,7.681,-1.66,sub_floor,False
fill,conf15,next_open,first15m_strength,>1.25,open_buffer,prior_close,26,0.048,0.2308,0.6046,-0.2928,-7.613,-8.955,sub_floor,True
fill,conf15,next_open,first15m_strength,>1.25,open_buffer,half_gap,26,0.048,0.2692,0.4752,-0.3786,-9.844,-9.296,sub_floor,True
fill,conf15,next_open,first15m_strength,>1.25,open_buffer,1.5R,26,0.048,0.2692,0.4867,-0.3736,-9.714,-9.183,sub_floor,False
fill,conf15,next_open,first15m_strength,>1.25,open_buffer,2R,26,0.048,0.2692,0.6154,-0.2799,-7.278,-8.293,sub_floor,False
fill,conf15,next_open,first15m_strength,>1.25,atr1.0,prior_close,26,0.048,0.3846,0.6929,-0.1151,-2.993,-3.486,sub_floor,False
fill,conf15,next_open,first15m_strength,>1.25,atr1.0,half_gap,26,0.048,0.4615,0.6205,-0.1374,-3.572,-3.435,sub_floor,True
fill,conf15,next_open,first15m_strength,>1.25,atr1.0,1.5R,26,0.048,0.3846,0.7543,-0.0921,-2.394,-3.486,sub_floor,False
fill,conf15,next_open,first15m_strength,>1.25,atr1.0,2R,26,0.048,0.3846,0.7705,-0.086,-2.236,-3.486,sub_floor,False
fill,conf15,next_open,first15m_strength,>1.25,atr1.5,prior_close,26,0.048,0.4231,0.7363,-0.068,-1.768,-1.889,sub_floor,False
fill,conf15,next_open,first15m_strength,>1.25,atr1.5,half_gap,26,0.048,0.5,0.6509,-0.0871,-2.263,-1.889,sub_floor,False
fill,conf15,next_open,first15m_strength,>1.25,atr1.5,1.5R,26,0.048,0.4231,0.8115,-0.0486,-1.264,-1.889,sub_floor,False
fill,conf15,next_open,first15m_strength,>1.25,atr1.5,2R,26,0.048,0.4231,0.8115,-0.0486,-1.264,-1.889,sub_floor,False
fill,conf15,pullback_limit,none,0.25-0.75,open_buffer,prior_close,355,0.655,0.3014,0.8313,-0.1384,-49.144,-68.35,dead,True
fill,conf15,pullback_limit,none,0.25-0.75,open_buffer,half_gap,355,0.655,0.4028,0.6555,-0.242,-85.9,-87.715,dead,True
fill,conf15,pullback_limit,none,0.25-0.75,open_buffer,1.5R,355,0.655,0.369,0.6436,-0.2656,-94.3,-96.33,dead,True
fill,conf15,pullback_limit,none,0.25-0.75,open_buffer,2R,355,0.655,0.3268,0.7253,-0.2166,-76.904,-82.154,dead,True
fill,conf15,pullback_limit,none,0.25-0.75,atr1.0,prior_close,355,0.655,0.5324,0.7948,-0.0443,-15.721,-20.438,dead,False
fill,conf15,pullback_limit,none,0.25-0.75,atr1.0,half_gap,355,0.655,0.6366,0.6212,-0.0676,-24.001,-26.099,dead,True
fill,conf15,pullback_limit,none,0.25-0.75,atr1.0,1.5R,355,0.655,0.4817,0.9381,-0.0142,-5.046,-10.525,dead,False
fill,conf15,pullback_limit,none,0.25-0.75,atr1.0,2R,355,0.655,0.4789,0.8965,-0.0238,-8.461,-14.44,dead,False
fill,conf15,pullback_limit,none,0.25-0.75,atr1.5,prior_close,355,0.655,0.5352,0.7978,-0.0292,-10.349,-13.657,dead,False
fill,conf15,pullback_limit,none,0.25-0.75,atr1.5,half_gap,355,0.655,0.6394,0.6143,-0.0466,-16.541,-17.94,dead,True
fill,conf15,pullback_limit,none,0.25-0.75,atr1.5,1.5R,355,0.655,0.4817,0.8988,-0.0157,-5.579,-9.895,dead,False
fill,conf15,pullback_limit,none,0.25-0.75,atr1.5,2R,355,0.655,0.4817,0.8946,-0.0164,-5.808,-9.895,dead,False
fill,conf15,pullback_limit,none,0.75-1.25,open_buffer,prior_close,71,0.131,0.1549,0.5948,-0.3998,-28.385,-31.671,sub_floor,True
fill,conf15,pullback_limit,none,0.75-1.25,open_buffer,half_gap,71,0.131,0.2113,0.6315,-0.3493,-24.803,-24.121,sub_floor,True
fill,conf15,pullback_limit,none,0.75-1.25,open_buffer,1.5R,71,0.131,0.3662,0.6271,-0.2835,-20.13,-23.107,sub_floor,True
fill,conf15,pullback_limit,none,0.75-1.25,open_buffer,2R,71,0.131,0.2958,0.63,-0.3117,-22.13,-22.479,sub_floor,False
fill,conf15,pullback_limit,none,0.75-1.25,atr1.0,prior_close,71,0.131,0.4366,0.9067,-0.0261,-1.856,-7.065,sub_floor,False
fill,conf15,pullback_limit,none,0.75-1.25,atr1.0,half_gap,71,0.131,0.5352,0.8772,-0.0303,-2.155,-6.212,sub_floor,False
fill,conf15,pullback_limit,none,0.75-1.25,atr1.0,1.5R,71,0.131,0.3944,0.7496,-0.0753,-5.348,-10.931,sub_floor,False
fill,conf15,pullback_limit,none,0.75-1.25,atr1.0,2R,71,0.131,0.3944,0.8432,-0.0472,-3.348,-10.931,sub_floor,False
fill,conf15,pullback_limit,none,0.75-1.25,atr1.5,prior_close,71,0.131,0.4366,0.9272,-0.0133,-0.945,-5.45,sub_floor,False
fill,conf15,pullback_limit,none,0.75-1.25,atr1.5,half_gap,71,0.131,0.5352,0.9051,-0.0152,-1.076,-4.813,sub_floor,False
fill,conf15,pullback_limit,none,0.75-1.25,atr1.5,1.5R,71,0.131,0.3944,0.8575,-0.0287,-2.036,-8.361,sub_floor,False
fill,conf15,pullback_limit,none,0.75-1.25,atr1.5,2R,71,0.131,0.3944,0.8395,-0.0323,-2.292,-8.361,sub_floor,False
fill,conf15,pullback_limit,none,>1.25,open_buffer,prior_close,21,0.039,0.0952,0.0504,-0.9598,-20.155,-20.216,sub_floor,True
fill,conf15,pullback_limit,none,>1.25,open_buffer,half_gap,21,0.039,0.0952,0.2092,-0.7992,-16.784,-18.21,sub_floor,True
fill,conf15,pullback_limit,none,>1.25,open_buffer,1.5R,21,0.039,0.1905,0.2583,-0.706,-14.826,-17.384,sub_floor,True
fill,conf15,pullback_limit,none,>1.25,open_buffer,2R,21,0.039,0.1429,0.2528,-0.7536,-15.826,-19.384,sub_floor,True
fill,conf15,pullback_limit,none,>1.25,atr1.0,prior_close,21,0.039,0.381,0.4762,-0.2112,-4.436,-5.223,sub_floor,False
fill,conf15,pullback_limit,none,>1.25,atr1.0,half_gap,21,0.039,0.4286,0.5499,-0.1814,-3.81,-5.442,sub_floor,False
fill,conf15,pullback_limit,none,>1.25,atr1.0,1.5R,21,0.039,0.381,0.4762,-0.2112,-4.436,-5.223,sub_floor,False
fill,conf15,pullback_limit,none,>1.25,atr1.0,2R,21,0.039,0.381,0.4762,-0.2112,-4.436,-5.223,sub_floor,False
fill,conf15,pullback_limit,none,>1.25,atr1.5,prior_close,21,0.039,0.381,0.4539,-0.154,-3.234,-3.425,sub_floor,False
fill,conf15,pullback_limit,none,>1.25,atr1.5,half_gap,21,0.039,0.4286,0.5242,-0.1341,-2.817,-3.572,sub_floor,False
fill,conf15,pullback_limit,none,>1.25,atr1.5,1.5R,21,0.039,0.381,0.4539,-0.154,-3.234,-3.425,sub_floor,False
fill,conf15,pullback_limit,none,>1.25,atr1.5,2R,21,0.039,0.381,0.4539,-0.154,-3.234,-3.425,sub_floor,False
fill,conf15,pullback_limit,on_range_pctile,0.25-0.75,open_buffer,prior_close,172,0.317,0.3256,0.9231,-0.0614,-10.569,-33.185,dead,False
fill,conf15,pullback_limit,on_range_pctile,0.25-0.75,open_buffer,half_gap,172,0.317,0.4302,0.6999,-0.2027,-34.871,-38.223,dead,True
fill,conf15,pullback_limit,on_range_pctile,0.25-0.75,open_buffer,1.5R,172,0.317,0.4012,0.7198,-0.2012,-34.602,-38.965,dead,True
fill,conf15,pullback_limit,on_range_pctile,0.25-0.75,open_buffer,2R,172,0.317,0.343,0.7742,-0.176,-30.269,-44.247,dead,False
fill,conf15,pullback_limit,on_range_pctile,0.25-0.75,atr1.0,prior_close,172,0.317,0.5174,0.7061,-0.0673,-11.569,-14.455,dead,False
fill,conf15,pullback_limit,on_range_pctile,0.25-0.75,atr1.0,half_gap,172,0.317,0.6453,0.5978,-0.0716,-12.315,-13.302,dead,True
fill,conf15,pullback_limit,on_range_pctile,0.25-0.75,atr1.0,1.5R,172,0.317,0.4651,0.7729,-0.0542,-9.327,-12.017,dead,False
fill,conf15,pullback_limit,on_range_pctile,0.25-0.75,atr1.0,2R,172,0.317,0.4651,0.7603,-0.0572,-9.843,-12.533,dead,False
fill,conf15,pullback_limit,on_range_pctile,0.25-0.75,atr1.5,prior_close,172,0.317,0.5174,0.7049,-0.0451,-7.756,-9.916,dead,False
fill,conf15,pullback_limit,on_range_pctile,0.25-0.75,atr1.5,half_gap,172,0.317,0.6453,0.5811,-0.0511,-8.796,-9.454,dead,False
fill,conf15,pullback_limit,on_range_pctile,0.25-0.75,atr1.5,1.5R,172,0.317,0.4651,0.7578,-0.0387,-6.653,-8.682,dead,False
fill,conf15,pullback_limit,on_range_pctile,0.25-0.75,atr1.5,2R,172,0.317,0.4651,0.7578,-0.0387,-6.653,-8.682,dead,False
fill,conf15,pullback_limit,on_range_pctile,0.75-1.25,open_buffer,prior_close,13,0.024,0.1538,0.5423,-0.4405,-5.726,-5.05,sub_floor,True
fill,conf15,pullback_limit,on_range_pctile,0.75-1.25,open_buffer,half_gap,13,0.024,0.3077,0.9612,-0.0327,-0.425,-3.57,sub_floor,False
fill,conf15,pullback_limit,on_range_pctile,0.75-1.25,open_buffer,1.5R,13,0.024,0.6154,1.7041,0.333,4.328,-2.324,sub_floor,False
fill,conf15,pullback_limit,on_range_pctile,0.75-1.25,open_buffer,2R,13,0.024,0.4615,1.27,0.1791,2.328,-3.429,sub_floor,False
fill,conf15,pullback_limit,on_range_pctile,0.75-1.25,atr1.0,prior_close,13,0.024,0.3846,0.597,-0.1279,-1.663,-2.247,sub_floor,False
fill,conf15,pullback_limit,on_range_pctile,0.75-1.25,atr1.0,half_gap,13,0.024,0.6154,1.1786,0.033,0.428,-1.021,sub_floor,False
fill,conf15,pullback_limit,on_range_pctile,0.75-1.25,atr1.0,1.5R,13,0.024,0.3077,0.3275,-0.2182,-2.836,-2.325,sub_floor,False
fill,conf15,pullback_limit,on_range_pctile,0.75-1.25,atr1.0,2R,13,0.024,0.3077,0.3275,-0.2182,-2.836,-2.325,sub_floor,False
fill,conf15,pullback_limit,on_range_pctile,0.75-1.25,atr1.5,prior_close,13,0.024,0.3846,0.6239,-0.0762,-0.99,-1.566,sub_floor,False
fill,conf15,pullback_limit,on_range_pctile,0.75-1.25,atr1.5,half_gap,13,0.024,0.6154,1.3342,0.0363,0.472,-0.494,sub_floor,False
fill,conf15,pullback_limit,on_range_pctile,0.75-1.25,atr1.5,1.5R,13,0.024,0.3077,0.3419,-0.1363,-1.772,-1.566,sub_floor,False
fill,conf15,pullback_limit,on_range_pctile,0.75-1.25,atr1.5,2R,13,0.024,0.3077,0.3419,-0.1363,-1.772,-1.566,sub_floor,False
fill,conf15,pullback_limit,on_range_pctile,>1.25,open_buffer,prior_close,3,0.006,0.0,0.0,-1.1589,-3.477,-2.24,sub_floor,True
fill,conf15,pullback_limit,on_range_pctile,>1.25,open_buffer,half_gap,3,0.006,0.0,0.0,-1.1589,-3.477,-2.24,sub_floor,True
fill,conf15,pullback_limit,on_range_pctile,>1.25,open_buffer,1.5R,3,0.006,0.0,0.0,-1.1589,-3.477,-2.24,sub_floor,True
fill,conf15,pullback_limit,on_range_pctile,>1.25,open_buffer,2R,3,0.006,0.0,0.0,-1.1589,-3.477,-2.24,sub_floor,True
fill,conf15,pullback_limit,on_range_pctile,>1.25,atr1.0,prior_close,3,0.006,0.3333,0.0945,-0.4817,-1.445,-0.88,sub_floor,True
fill,conf15,pullback_limit,on_range_pctile,>1.25,atr1.0,half_gap,3,0.006,0.3333,0.0945,-0.4817,-1.445,-0.88,sub_floor,True
fill,conf15,pullback_limit,on_range_pctile,>1.25,atr1.0,1.5R,3,0.006,0.3333,0.0945,-0.4817,-1.445,-0.88,sub_floor,True
fill,conf15,pullback_limit,on_range_pctile,>1.25,atr1.0,2R,3,0.006,0.3333,0.0945,-0.4817,-1.445,-0.88,sub_floor,True
fill,conf15,pullback_limit,on_range_pctile,>1.25,atr1.5,prior_close,3,0.006,0.3333,0.0945,-0.3211,-0.963,-0.587,sub_floor,True
fill,conf15,pullback_limit,on_range_pctile,>1.25,atr1.5,half_gap,3,0.006,0.3333,0.0945,-0.3211,-0.963,-0.587,sub_floor,True
fill,conf15,pullback_limit,on_range_pctile,>1.25,atr1.5,1.5R,3,0.006,0.3333,0.0945,-0.3211,-0.963,-0.587,sub_floor,True
fill,conf15,pullback_limit,on_range_pctile,>1.25,atr1.5,2R,3,0.006,0.3333,0.0945,-0.3211,-0.963,-0.587,sub_floor,True
fill,conf15,pullback_limit,first15m_strength,0.25-0.75,open_buffer,prior_close,61,0.113,0.3115,0.8797,-0.1006,-6.134,-16.045,sub_floor,False
fill,conf15,pullback_limit,first15m_strength,0.25-0.75,open_buffer,half_gap,61,0.113,0.377,0.5384,-0.3476,-21.202,-22.997,sub_floor,False
fill,conf15,pullback_limit,first15m_strength,0.25-0.75,open_buffer,1.5R,61,0.113,0.3443,0.54,-0.3677,-22.433,-22.724,sub_floor,False
fill,conf15,pullback_limit,first15m_strength,0.25-0.75,open_buffer,2R,61,0.113,0.3115,0.6403,-0.2959,-18.048,-20.338,sub_floor,True
fill,conf15,pullback_limit,first15m_strength,0.25-0.75,atr1.0,prior_close,61,0.113,0.541,0.7415,-0.0636,-3.877,-5.013,sub_floor,False
fill,conf15,pullback_limit,first15m_strength,0.25-0.75,atr1.0,half_gap,61,0.113,0.623,0.4913,-0.1086,-6.623,-6.826,sub_floor,False
fill,conf15,pullback_limit,first15m_strength,0.25-0.75,atr1.0,1.5R,61,0.113,0.4918,1.187,0.0493,3.008,-3.966,sub_floor,False
fill,conf15,pullback_limit,first15m_strength,0.25-0.75,atr1.0,2R,61,0.113,0.4918,1.1544,0.0407,2.483,-3.966,sub_floor,False
fill,conf15,pullback_limit,first15m_strength,0.25-0.75,atr1.5,prior_close,61,0.113,0.541,0.7155,-0.0483,-2.948,-3.942,sub_floor,False
fill,conf15,pullback_limit,first15m_strength,0.25-0.75,atr1.5,half_gap,61,0.113,0.623,0.4716,-0.0783,-4.778,-5.15,sub_floor,False
fill,conf15,pullback_limit,first15m_strength,0.25-0.75,atr1.5,1.5R,61,0.113,0.4918,1.0985,0.0184,1.125,-3.395,sub_floor,False
fill,conf15,pullback_limit,first15m_strength,0.25-0.75,atr1.5,2R,61,0.113,0.4918,1.0785,0.0147,0.897,-3.395,sub_floor,False
fill,conf15,pullback_limit,first15m_strength,0.75-1.25,open_buffer,prior_close,23,0.042,0.2609,1.3311,0.2961,6.811,-6.68,sub_floor,False
fill,conf15,pullback_limit,first15m_strength,0.75-1.25,open_buffer,half_gap,23,0.042,0.3043,1.0097,0.0082,0.189,-6.665,sub_floor,False
fill,conf15,pullback_limit,first15m_strength,0.75-1.25,open_buffer,1.5R,23,0.042,0.4783,0.9847,-0.0095,-0.218,-6.665,sub_floor,False
fill,conf15,pullback_limit,first15m_strength,0.75-1.25,open_buffer,2R,23,0.042,0.3478,0.7891,-0.1617,-3.718,-7.531,sub_floor,False
fill,conf15,pullback_limit,first15m_strength,0.75-1.25,atr1.0,prior_close,23,0.042,0.6087,1.8291,0.1805,4.151,-2.239,sub_floor,False
fill,conf15,pullback_limit,first15m_strength,0.75-1.25,atr1.0,half_gap,23,0.042,0.6957,1.4291,0.0843,1.94,-2.239,sub_floor,False
fill,conf15,pullback_limit,first15m_strength,0.75-1.25,atr1.0,1.5R,23,0.042,0.5652,1.4426,0.1028,2.364,-2.239,sub_floor,False
fill,conf15,pullback_limit,first15m_strength,0.75-1.25,atr1.0,2R,23,0.042,0.5652,1.6298,0.1463,3.364,-2.239,sub_floor,False
fill,conf15,pullback_limit,first15m_strength,0.75-1.25,atr1.5,prior_close,23,0.042,0.6087,2.6486,0.1652,3.8,-1.095,sub_floor,False
fill,conf15,pullback_limit,first15m_strength,0.75-1.25,atr1.5,half_gap,23,0.042,0.6957,2.1743,0.1011,2.326,-1.095,sub_floor,False
fill,conf15,pullback_limit,first15m_strength,0.75-1.25,atr1.5,1.5R,23,0.042,0.5652,2.3153,0.1446,3.326,-1.095,sub_floor,False
fill,conf15,pullback_limit,first15m_strength,0.75-1.25,atr1.5,2R,23,0.042,0.5652,2.1828,0.13,2.991,-1.095,sub_floor,False
fill,conf15,pullback_limit,first15m_strength,>1.25,open_buffer,prior_close,13,0.024,0.0769,0.0668,-1.0348,-13.452,-11.812,sub_floor,True
fill,conf15,pullback_limit,first15m_strength,>1.25,open_buffer,half_gap,13,0.024,0.0769,0.3006,-0.7755,-10.082,-11.446,sub_floor,True
fill,conf15,pullback_limit,first15m_strength,>1.25,open_buffer,1.5R,13,0.024,0.1538,0.1969,-0.8169,-10.62,-8.98,sub_floor,True
fill,conf15,pullback_limit,first15m_strength,>1.25,open_buffer,2R,13,0.024,0.0769,0.1245,-0.9708,-12.62,-11.446,sub_floor,True
fill,conf15,pullback_limit,first15m_strength,>1.25,atr1.0,prior_close,13,0.024,0.4615,0.8837,-0.0332,-0.432,-2.035,sub_floor,True
fill,conf15,pullback_limit,first15m_strength,>1.25,atr1.0,half_gap,13,0.024,0.5385,1.068,0.0194,0.252,-2.035,sub_floor,True
fill,conf15,pullback_limit,first15m_strength,>1.25,atr1.0,1.5R,13,0.024,0.4615,0.8837,-0.0332,-0.432,-2.035,sub_floor,True
fill,conf15,pullback_limit,first15m_strength,>1.25,atr1.0,2R,13,0.024,0.4615,0.8837,-0.0332,-0.432,-2.035,sub_floor,True
fill,conf15,pullback_limit,first15m_strength,>1.25,atr1.5,prior_close,13,0.024,0.4615,0.6962,-0.0734,-0.955,-1.69,sub_floor,True
fill,conf15,pullback_limit,first15m_strength,>1.25,atr1.5,half_gap,13,0.024,0.5385,0.8413,-0.0383,-0.498,-1.69,sub_floor,True
fill,conf15,pullback_limit,first15m_strength,>1.25,atr1.5,1.5R,13,0.024,0.4615,0.6962,-0.0734,-0.955,-1.69,sub_floor,True
fill,conf15,pullback_limit,first15m_strength,>1.25,atr1.5,2R,13,0.024,0.4615,0.6962,-0.0734,-0.955,-1.69,sub_floor,True
and_go,conf5,next_open,none,0.25-0.75,open_buffer,1.5R,554,1.022,0.4838,1.0962,0.0543,30.062,-32.216,dead,False
and_go,conf5,next_open,none,0.25-0.75,open_buffer,2R,554,1.022,0.426,1.0944,0.0591,32.74,-31.619,dead,False
and_go,conf5,next_open,none,0.25-0.75,atr1.0,1.5R,554,1.022,0.5036,0.8921,-0.0253,-14.023,-19.19,dead,False
and_go,conf5,next_open,none,0.25-0.75,atr1.0,2R,554,1.022,0.5036,0.8904,-0.0257,-14.252,-19.418,dead,False
and_go,conf5,next_open,none,0.25-0.75,atr1.5,1.5R,554,1.022,0.5036,0.8609,-0.0225,-12.492,-15.731,dead,False
and_go,conf5,next_open,none,0.25-0.75,atr1.5,2R,554,1.022,0.5036,0.8721,-0.0207,-11.492,-14.731,dead,False
and_go,conf5,next_open,none,0.75-1.25,open_buffer,1.5R,94,0.173,0.4255,0.9115,-0.0558,-5.248,-12.871,sub_floor,False
and_go,conf5,next_open,none,0.75-1.25,open_buffer,2R,94,0.173,0.3511,0.8629,-0.0991,-9.32,-18.519,sub_floor,False
and_go,conf5,next_open,none,0.75-1.25,atr1.0,1.5R,94,0.173,0.5319,1.164,0.0407,3.823,-3.92,sub_floor,False
and_go,conf5,next_open,none,0.75-1.25,atr1.0,2R,94,0.173,0.5213,1.0503,0.013,1.224,-3.92,sub_floor,False
and_go,conf5,next_open,none,0.75-1.25,atr1.5,1.5R,94,0.173,0.5213,0.9266,-0.0145,-1.362,-3.723,sub_floor,False
and_go,conf5,next_open,none,0.75-1.25,atr1.5,2R,94,0.173,0.5213,0.9431,-0.0112,-1.055,-3.723,sub_floor,False
and_go,conf5,next_open,none,>1.25,open_buffer,1.5R,18,0.033,0.6111,1.9821,0.4196,7.552,-2.157,sub_floor,False
and_go,conf5,next_open,none,>1.25,open_buffer,2R,18,0.033,0.4444,1.275,0.1654,2.977,-3.173,sub_floor,False
and_go,conf5,next_open,none,>1.25,atr1.0,1.5R,18,0.033,0.5,1.0039,0.0015,0.026,-2.624,sub_floor,False
and_go,conf5,next_open,none,>1.25,atr1.0,2R,18,0.033,0.5,1.154,0.057,1.026,-2.624,sub_floor,False
and_go,conf5,next_open,none,>1.25,atr1.5,1.5R,18,0.033,0.5556,1.7025,0.1357,2.443,-1.959,sub_floor,False
and_go,conf5,next_open,none,>1.25,atr1.5,2R,18,0.033,0.5556,1.7236,0.1398,2.516,-1.959,sub_floor,False
and_go,conf5,next_open,on_range_pctile,0.25-0.75,open_buffer,1.5R,266,0.491,0.4511,0.9488,-0.0304,-8.084,-32.161,dead,False
and_go,conf5,next_open,on_range_pctile,0.25-0.75,open_buffer,2R,266,0.491,0.3947,0.9296,-0.0457,-12.165,-35.659,dead,False
and_go,conf5,next_open,on_range_pctile,0.25-0.75,atr1.0,1.5R,266,0.491,0.4774,0.7196,-0.0668,-17.756,-22.127,dead,False
and_go,conf5,next_open,on_range_pctile,0.25-0.75,atr1.0,2R,266,0.491,0.4774,0.7262,-0.0652,-17.338,-21.627,dead,False
and_go,conf5,next_open,on_range_pctile,0.25-0.75,atr1.5,1.5R,266,0.491,0.4774,0.7006,-0.0495,-13.177,-15.905,dead,False
and_go,conf5,next_open,on_range_pctile,0.25-0.75,atr1.5,2R,266,0.491,0.4774,0.7119,-0.0477,-12.677,-15.405,dead,False
and_go,conf5,next_open,on_range_pctile,0.75-1.25,open_buffer,1.5R,25,0.046,0.68,2.5776,0.5642,14.106,-2.893,sub_floor,False
and_go,conf5,next_open,on_range_pctile,0.75-1.25,open_buffer,2R,25,0.046,0.52,1.6217,0.3361,8.402,-3.372,sub_floor,False
and_go,conf5,next_open,on_range_pctile,0.75-1.25,atr1.0,1.5R,25,0.046,0.48,1.0424,0.0103,0.258,-3.493,sub_floor,False
and_go,conf5,next_open,on_range_pctile,0.75-1.25,atr1.0,2R,25,0.046,0.48,1.0503,0.0122,0.306,-3.493,sub_floor,False
and_go,conf5,next_open,on_range_pctile,0.75-1.25,atr1.5,1.5R,25,0.046,0.48,1.0711,0.0117,0.294,-2.405,sub_floor,False
and_go,conf5,next_open,on_range_pctile,0.75-1.25,atr1.5,2R,25,0.046,0.48,1.1454,0.024,0.6,-2.405,sub_floor,False
and_go,conf5,next_open,on_range_pctile,>1.25,open_buffer,1.5R,4,0.007,0.5,1.2135,0.1247,0.499,-1.129,sub_floor,True
and_go,conf5,next_open,on_range_pctile,>1.25,open_buffer,2R,4,0.007,0.25,0.5597,-0.3753,-1.501,-2.203,sub_floor,True
and_go,conf5,next_open,on_range_pctile,>1.25,atr1.0,1.5R,4,0.007,0.5,0.941,-0.0142,-0.057,-0.225,sub_floor,True
and_go,conf5,next_open,on_range_pctile,>1.25,atr1.0,2R,4,0.007,0.5,0.941,-0.0142,-0.057,-0.225,sub_floor,True
and_go,conf5,next_open,on_range_pctile,>1.25,atr1.5,1.5R,4,0.007,0.5,0.941,-0.0095,-0.038,-0.15,sub_floor,True
and_go,conf5,next_open,on_range_pctile,>1.25,atr1.5,2R,4,0.007,0.5,0.941,-0.0095,-0.038,-0.15,sub_floor,True
and_go,conf5,next_open,first15m_strength,0.25-0.75,open_buffer,1.5R,220,0.406,0.5909,1.7155,0.3142,69.124,-9.269,live_candidate,False
and_go,conf5,next_open,first15m_strength,0.25-0.75,open_buffer,2R,220,0.406,0.5182,1.5943,0.3084,67.851,-8.269,live_candidate,False
and_go,conf5,next_open,first15m_strength,0.25-0.75,atr1.0,1.5R,220,0.406,0.5455,1.1714,0.0385,8.479,-9.982,live_candidate,False
and_go,conf5,next_open,first15m_strength,0.25-0.75,atr1.0,2R,220,0.406,0.5455,1.169,0.038,8.361,-9.982,live_candidate,False
and_go,conf5,next_open,first15m_strength,0.25-0.75,atr1.5,1.5R,220,0.406,0.5455,1.1101,0.0175,3.839,-6.89,dead,False
and_go,conf5,next_open,first15m_strength,0.25-0.75,atr1.5,2R,220,0.406,0.5455,1.1388,0.022,4.839,-6.89,dead,False
and_go,conf5,next_open,first15m_strength,0.75-1.25,open_buffer,1.5R,48,0.089,0.5,1.2772,0.1477,7.088,-8.043,sub_floor,False
and_go,conf5,next_open,first15m_strength,0.75-1.25,open_buffer,2R,48,0.089,0.3958,1.0479,0.0316,1.516,-8.891,sub_floor,False
and_go,conf5,next_open,first15m_strength,0.75-1.25,atr1.0,1.5R,48,0.089,0.4792,1.0562,0.0147,0.707,-3.82,sub_floor,False
and_go,conf5,next_open,first15m_strength,0.75-1.25,atr1.0,2R,48,0.089,0.4583,0.8241,-0.0498,-2.392,-4.889,sub_floor,False
and_go,conf5,next_open,first15m_strength,0.75-1.25,atr1.5,1.5R,48,0.089,0.4583,0.6898,-0.07,-3.358,-4.356,sub_floor,False
and_go,conf5,next_open,first15m_strength,0.75-1.25,atr1.5,2R,48,0.089,0.4583,0.6898,-0.07,-3.358,-4.356,sub_floor,False
and_go,conf5,next_open,first15m_strength,>1.25,open_buffer,1.5R,12,0.022,0.6667,2.4841,0.5514,6.617,-1.129,sub_floor,False
and_go,conf5,next_open,first15m_strength,>1.25,open_buffer,2R,12,0.022,0.4167,1.0715,0.0452,0.543,-3.402,sub_floor,True
and_go,conf5,next_open,first15m_strength,>1.25,atr1.0,1.5R,12,0.022,0.5,1.1527,0.0548,0.657,-1.602,sub_floor,True
and_go,conf5,next_open,first15m_strength,>1.25,atr1.0,2R,12,0.022,0.5,1.385,0.1381,1.657,-1.602,sub_floor,True
and_go,conf5,next_open,first15m_strength,>1.25,atr1.5,1.5R,12,0.022,0.5,1.4374,0.0943,1.131,-1.29,sub_floor,True
and_go,conf5,next_open,first15m_strength,>1.25,atr1.5,2R,12,0.022,0.5,1.4657,0.1004,1.204,-1.29,sub_floor,True
and_go,conf5,pullback_limit,none,0.25-0.75,open_buffer,1.5R,421,0.777,0.4489,0.8664,-0.0882,-37.119,-54.137,dead,False
and_go,conf5,pullback_limit,none,0.25-0.75,open_buffer,2R,421,0.777,0.3943,0.9333,-0.0484,-20.359,-43.048,dead,False
and_go,conf5,pullback_limit,none,0.25-0.75,atr1.0,1.5R,421,0.777,0.5012,0.8971,-0.0238,-10.018,-15.672,dead,False
and_go,conf5,pullback_limit,none,0.25-0.75,atr1.0,2R,421,0.777,0.5012,0.8968,-0.0238,-10.039,-15.693,dead,False
and_go,conf5,pullback_limit,none,0.25-0.75,atr1.5,1.5R,421,0.777,0.5012,0.8481,-0.0248,-10.451,-13.882,dead,False
and_go,conf5,pullback_limit,none,0.25-0.75,atr1.5,2R,421,0.777,0.5012,0.8554,-0.0236,-9.951,-13.382,dead,False
and_go,conf5,pullback_limit,none,0.75-1.25,open_buffer,1.5R,68,0.125,0.3529,0.5798,-0.3317,-22.559,-25.063,sub_floor,False
and_go,conf5,pullback_limit,none,0.75-1.25,open_buffer,2R,68,0.125,0.2647,0.5306,-0.42,-28.559,-32.373,sub_floor,False
and_go,conf5,pullback_limit,none,0.75-1.25,atr1.0,1.5R,68,0.125,0.5588,0.9537,-0.0128,-0.873,-3.266,sub_floor,False
and_go,conf5,pullback_limit,none,0.75-1.25,atr1.0,2R,68,0.125,0.5441,0.8301,-0.0496,-3.373,-5.582,sub_floor,False
and_go,conf5,pullback_limit,none,0.75-1.25,atr1.5,1.5R,68,0.125,0.5588,0.7956,-0.0416,-2.827,-4.7,sub_floor,False
and_go,conf5,pullback_limit,none,0.75-1.25,atr1.5,2R,68,0.125,0.5588,0.7956,-0.0416,-2.827,-4.7,sub_floor,False
and_go,conf5,pullback_limit,none,>1.25,open_buffer,1.5R,14,0.026,0.4286,0.8916,-0.0684,-0.957,-4.183,sub_floor,False
and_go,conf5,pullback_limit,none,>1.25,open_buffer,2R,14,0.026,0.4286,1.2313,0.1459,2.043,-3.683,sub_floor,False
and_go,conf5,pullback_limit,none,>1.25,atr1.0,1.5R,14,0.026,0.5,1.3794,0.1222,1.71,-2.554,sub_floor,True
and_go,conf5,pullback_limit,none,>1.25,atr1.0,2R,14,0.026,0.5,1.5439,0.1751,2.452,-2.554,sub_floor,True
and_go,conf5,pullback_limit,none,>1.25,atr1.5,1.5R,14,0.026,0.5,1.7662,0.1489,2.085,-2.036,sub_floor,True
and_go,conf5,pullback_limit,none,>1.25,atr1.5,2R,14,0.026,0.5,1.7968,0.1549,2.168,-2.036,sub_floor,True
and_go,conf5,pullback_limit,on_range_pctile,0.25-0.75,open_buffer,1.5R,207,0.382,0.4348,0.7996,-0.1357,-28.1,-42.872,dead,False
and_go,conf5,pullback_limit,on_range_pctile,0.25-0.75,open_buffer,2R,207,0.382,0.3865,0.884,-0.0849,-17.576,-39.098,dead,False
and_go,conf5,pullback_limit,on_range_pctile,0.25-0.75,atr1.0,1.5R,207,0.382,0.4879,0.8368,-0.0366,-7.572,-14.625,dead,False
and_go,conf5,pullback_limit,on_range_pctile,0.25-0.75,atr1.0,2R,207,0.382,0.4879,0.8461,-0.0345,-7.14,-14.125,dead,False
and_go,conf5,pullback_limit,on_range_pctile,0.25-0.75,atr1.5,1.5R,207,0.382,0.4879,0.7985,-0.0321,-6.647,-10.981,dead,False
and_go,conf5,pullback_limit,on_range_pctile,0.25-0.75,atr1.5,2R,207,0.382,0.4879,0.8136,-0.0297,-6.147,-10.481,dead,False
and_go,conf5,pullback_limit,on_range_pctile,0.75-1.25,open_buffer,1.5R,14,0.026,0.5714,1.3163,0.1826,2.557,-2.669,sub_floor,False
and_go,conf5,pullback_limit,on_range_pctile,0.75-1.25,open_buffer,2R,14,0.026,0.5,1.3873,0.2541,3.557,-2.669,sub_floor,False
and_go,conf5,pullback_limit,on_range_pctile,0.75-1.25,atr1.0,1.5R,14,0.026,0.5,0.731,-0.067,-0.937,-2.365,sub_floor,False
and_go,conf5,pullback_limit,on_range_pctile,0.75-1.25,atr1.0,2R,14,0.026,0.5,0.731,-0.067,-0.937,-2.365,sub_floor,False
and_go,conf5,pullback_limit,on_range_pctile,0.75-1.25,atr1.5,1.5R,14,0.026,0.5,0.7139,-0.0486,-0.681,-1.632,sub_floor,False
and_go,conf5,pullback_limit,on_range_pctile,0.75-1.25,atr1.5,2R,14,0.026,0.5,0.7139,-0.0486,-0.681,-1.632,sub_floor,False
and_go,conf5,pullback_limit,on_range_pctile,>1.25,open_buffer,1.5R,2,0.004,0.5,1.1778,0.1025,0.205,-1.153,sub_floor,True
and_go,conf5,pullback_limit,on_range_pctile,>1.25,open_buffer,2R,2,0.004,0.5,1.6116,0.3525,0.705,-1.153,sub_floor,True
and_go,conf5,pullback_limit,on_range_pctile,>1.25,atr1.0,1.5R,2,0.004,0.5,3.641,0.2598,0.52,-0.197,sub_floor,True
and_go,conf5,pullback_limit,on_range_pctile,>1.25,atr1.0,2R,2,0.004,0.5,3.641,0.2598,0.52,-0.197,sub_floor,True
and_go,conf5,pullback_limit,on_range_pctile,>1.25,atr1.5,1.5R,2,0.004,0.5,3.641,0.1732,0.346,-0.131,sub_floor,True
and_go,conf5,pullback_limit,on_range_pctile,>1.25,atr1.5,2R,2,0.004,0.5,3.641,0.1732,0.346,-0.131,sub_floor,True
and_go,conf5,pullback_limit,first15m_strength,0.25-0.75,open_buffer,1.5R,116,0.214,0.4483,0.8213,-0.1214,-14.086,-21.694,sub_floor,False
and_go,conf5,pullback_limit,first15m_strength,0.25-0.75,open_buffer,2R,116,0.214,0.3879,0.8877,-0.0848,-9.838,-18.391,sub_floor,False
and_go,conf5,pullback_limit,first15m_strength,0.25-0.75,atr1.0,1.5R,116,0.214,0.4914,1.0012,0.0003,0.035,-5.764,sub_floor,False
and_go,conf5,pullback_limit,first15m_strength,0.25-0.75,atr1.0,2R,116,0.214,0.4914,1.0029,0.0007,0.083,-5.764,sub_floor,False
and_go,conf5,pullback_limit,first15m_strength,0.25-0.75,atr1.5,1.5R,116,0.214,0.4914,0.8895,-0.0206,-2.385,-5.01,sub_floor,False
and_go,conf5,pullback_limit,first15m_strength,0.25-0.75,atr1.5,2R,116,0.214,0.4914,0.9126,-0.0163,-1.885,-4.855,sub_floor,False
and_go,conf5,pullback_limit,first15m_strength,0.75-1.25,open_buffer,1.5R,27,0.05,0.2963,0.4568,-0.4556,-12.3,-14.866,sub_floor,False
and_go,conf5,pullback_limit,first15m_strength,0.75-1.25,open_buffer,2R,27,0.05,0.1852,0.345,-0.6407,-17.3,-20.866,sub_floor,False
and_go,conf5,pullback_limit,first15m_strength,0.75-1.25,atr1.0,1.5R,27,0.05,0.4815,0.7178,-0.0957,-2.585,-3.976,sub_floor,False
and_go,conf5,pullback_limit,first15m_strength,0.75-1.25,atr1.0,2R,27,0.05,0.4444,0.5002,-0.1883,-5.085,-5.059,sub_floor,False
and_go,conf5,pullback_limit,first15m_strength,0.75-1.25,atr1.5,1.5R,27,0.05,0.4444,0.4792,-0.1365,-3.686,-3.837,sub_floor,False
and_go,conf5,pullback_limit,first15m_strength,0.75-1.25,atr1.5,2R,27,0.05,0.4444,0.4792,-0.1365,-3.686,-3.837,sub_floor,False
and_go,conf5,pullback_limit,first15m_strength,>1.25,open_buffer,1.5R,8,0.015,0.375,0.7094,-0.1963,-1.57,-3.289,sub_floor,True
and_go,conf5,pullback_limit,first15m_strength,>1.25,open_buffer,2R,8,0.015,0.375,0.987,-0.0088,-0.07,-3.289,sub_floor,True
and_go,conf5,pullback_limit,first15m_strength,>1.25,atr1.0,1.5R,8,0.015,0.375,0.8211,-0.0777,-0.622,-1.879,sub_floor,True
and_go,conf5,pullback_limit,first15m_strength,>1.25,atr1.0,2R,8,0.015,0.375,0.9649,-0.0152,-0.122,-1.879,sub_floor,True
and_go,conf5,pullback_limit,first15m_strength,>1.25,atr1.5,1.5R,8,0.015,0.375,1.1817,0.0462,0.369,-1.586,sub_floor,True
and_go,conf5,pullback_limit,first15m_strength,>1.25,atr1.5,2R,8,0.015,0.375,1.2227,0.0566,0.453,-1.586,sub_floor,True
and_go,conf15,next_open,none,0.25-0.75,open_buffer,1.5R,570,1.052,0.4386,0.9215,-0.0446,-25.395,-46.256,dead,False
and_go,conf15,next_open,none,0.25-0.75,open_buffer,2R,570,1.052,0.4,0.8999,-0.0609,-34.688,-55.179,dead,False
and_go,conf15,next_open,none,0.25-0.75,atr1.0,1.5R,570,1.052,0.486,0.8413,-0.0377,-21.515,-26.534,dead,False
and_go,conf15,next_open,none,0.25-0.75,atr1.0,2R,570,1.052,0.486,0.8406,-0.0379,-21.621,-26.514,dead,False
and_go,conf15,next_open,none,0.25-0.75,atr1.5,1.5R,570,1.052,0.4877,0.812,-0.0309,-17.636,-20.563,dead,False
and_go,conf15,next_open,none,0.25-0.75,atr1.5,2R,570,1.052,0.4877,0.8128,-0.0308,-17.566,-20.493,dead,False
and_go,conf15,next_open,none,0.75-1.25,open_buffer,1.5R,93,0.172,0.4624,0.9245,-0.045,-4.188,-17.148,sub_floor,False
and_go,conf15,next_open,none,0.75-1.25,open_buffer,2R,93,0.172,0.4086,0.8892,-0.073,-6.789,-21.431,sub_floor,False
and_go,conf15,next_open,none,0.75-1.25,atr1.0,1.5R,93,0.172,0.4839,0.6953,-0.0938,-8.722,-11.611,sub_floor,False
and_go,conf15,next_open,none,0.75-1.25,atr1.0,2R,93,0.172,0.4839,0.7219,-0.0856,-7.962,-11.215,sub_floor,False
and_go,conf15,next_open,none,0.75-1.25,atr1.5,1.5R,93,0.172,0.4839,0.6741,-0.0725,-6.743,-8.832,sub_floor,False
and_go,conf15,next_open,none,0.75-1.25,atr1.5,2R,93,0.172,0.4839,0.6886,-0.0693,-6.443,-8.832,sub_floor,False
and_go,conf15,next_open,none,>1.25,open_buffer,1.5R,24,0.044,0.5,1.1313,0.0735,1.764,-3.744,sub_floor,False
and_go,conf15,next_open,none,>1.25,open_buffer,2R,24,0.044,0.3333,0.6486,-0.2622,-6.292,-8.535,sub_floor,False
and_go,conf15,next_open,none,>1.25,atr1.0,1.5R,24,0.044,0.4167,0.6541,-0.1761,-4.226,-5.044,sub_floor,True
and_go,conf15,next_open,none,>1.25,atr1.0,2R,24,0.044,0.4167,0.6638,-0.1712,-4.108,-4.926,sub_floor,True
and_go,conf15,next_open,none,>1.25,atr1.5,1.5R,24,0.044,0.5,0.9938,-0.0018,-0.043,-2.799,sub_floor,True
and_go,conf15,next_open,none,>1.25,atr1.5,2R,24,0.044,0.5,0.9918,-0.0024,-0.057,-2.799,sub_floor,True
and_go,conf15,next_open,on_range_pctile,0.25-0.75,open_buffer,1.5R,271,0.5,0.4096,0.7697,-0.1388,-37.625,-50.461,dead,True
and_go,conf15,next_open,on_range_pctile,0.25-0.75,open_buffer,2R,271,0.5,0.369,0.7602,-0.1545,-41.87,-54.379,dead,True
and_go,conf15,next_open,on_range_pctile,0.25-0.75,atr1.0,1.5R,271,0.5,0.4576,0.6295,-0.0926,-25.086,-29.709,dead,False
and_go,conf15,next_open,on_range_pctile,0.25-0.75,atr1.0,2R,271,0.5,0.4576,0.6369,-0.0907,-24.586,-29.209,dead,False
and_go,conf15,next_open,on_range_pctile,0.25-0.75,atr1.5,1.5R,271,0.5,0.4613,0.6021,-0.0705,-19.112,-21.304,dead,False
and_go,conf15,next_open,on_range_pctile,0.25-0.75,atr1.5,2R,271,0.5,0.4613,0.6125,-0.0687,-18.612,-20.804,dead,False
and_go,conf15,next_open,on_range_pctile,0.75-1.25,open_buffer,1.5R,30,0.055,0.5,0.9577,-0.0231,-0.693,-5.882,sub_floor,False
and_go,conf15,next_open,on_range_pctile,0.75-1.25,open_buffer,2R,30,0.055,0.4667,0.9454,-0.0318,-0.955,-5.531,sub_floor,False
and_go,conf15,next_open,on_range_pctile,0.75-1.25,atr1.0,1.5R,30,0.055,0.4333,0.5295,-0.1436,-4.308,-5.829,sub_floor,False
and_go,conf15,next_open,on_range_pctile,0.75-1.25,atr1.0,2R,30,0.055,0.4333,0.5841,-0.1269,-3.808,-5.829,sub_floor,False
and_go,conf15,next_open,on_range_pctile,0.75-1.25,atr1.5,1.5R,30,0.055,0.4333,0.5866,-0.0877,-2.63,-4.144,sub_floor,False
and_go,conf15,next_open,on_range_pctile,0.75-1.25,atr1.5,2R,30,0.055,0.4333,0.6337,-0.0777,-2.33,-4.144,sub_floor,False
and_go,conf15,next_open,on_range_pctile,>1.25,open_buffer,1.5R,6,0.011,0.5,1.2936,0.1582,0.949,-1.053,sub_floor,False
and_go,conf15,next_open,on_range_pctile,>1.25,open_buffer,2R,6,0.011,0.5,1.2764,0.1489,0.894,-1.053,sub_floor,True
and_go,conf15,next_open,on_range_pctile,>1.25,atr1.0,1.5R,6,0.011,0.6667,1.2711,0.0845,0.507,-1.017,sub_floor,True
and_go,conf15,next_open,on_range_pctile,>1.25,atr1.0,2R,6,0.011,0.6667,1.2711,0.0845,0.507,-1.017,sub_floor,True
and_go,conf15,next_open,on_range_pctile,>1.25,atr1.5,1.5R,6,0.011,0.6667,1.3527,0.0689,0.413,-0.603,sub_floor,True
and_go,conf15,next_open,on_range_pctile,>1.25,atr1.5,2R,6,0.011,0.6667,1.3527,0.0689,0.413,-0.603,sub_floor,True
and_go,conf15,next_open,first15m_strength,0.25-0.75,open_buffer,1.5R,217,0.4,0.447,0.9418,-0.0296,-6.42,-14.751,dead,False
and_go,conf15,next_open,first15m_strength,0.25-0.75,open_buffer,2R,217,0.4,0.4147,0.8477,-0.0821,-17.812,-21.446,dead,False
and_go,conf15,next_open,first15m_strength,0.25-0.75,atr1.0,1.5R,217,0.4,0.4793,0.8507,-0.037,-8.02,-11.55,dead,False
and_go,conf15,next_open,first15m_strength,0.25-0.75,atr1.0,2R,217,0.4,0.4793,0.8441,-0.0386,-8.376,-11.55,dead,False
and_go,conf15,next_open,first15m_strength,0.25-0.75,atr1.5,1.5R,217,0.4,0.4793,0.8135,-0.032,-6.935,-8.314,dead,False
and_go,conf15,next_open,first15m_strength,0.25-0.75,atr1.5,2R,217,0.4,0.4793,0.8404,-0.0273,-5.935,-7.62,dead,False
and_go,conf15,next_open,first15m_strength,0.75-1.25,open_buffer,1.5R,43,0.079,0.3953,0.6387,-0.2283,-9.818,-11.455,sub_floor,False
and_go,conf15,next_open,first15m_strength,0.75-1.25,open_buffer,2R,43,0.079,0.3721,0.6429,-0.2349,-10.099,-13.955,sub_floor,False
and_go,conf15,next_open,first15m_strength,0.75-1.25,atr1.0,1.5R,43,0.079,0.4651,0.7215,-0.0834,-3.585,-6.594,sub_floor,False
and_go,conf15,next_open,first15m_strength,0.75-1.25,atr1.0,2R,43,0.079,0.4651,0.7418,-0.0773,-3.324,-6.594,sub_floor,False
and_go,conf15,next_open,first15m_strength,0.75-1.25,atr1.5,1.5R,43,0.079,0.4651,0.6523,-0.0789,-3.392,-5.239,sub_floor,False
and_go,conf15,next_open,first15m_strength,0.75-1.25,atr1.5,2R,43,0.079,0.4651,0.6523,-0.0789,-3.392,-5.239,sub_floor,False
and_go,conf15,next_open,first15m_strength,>1.25,open_buffer,1.5R,14,0.026,0.5,1.1547,0.0817,1.144,-3.662,sub_floor,False
and_go,conf15,next_open,first15m_strength,>1.25,open_buffer,2R,14,0.026,0.4286,0.9518,-0.0294,-0.412,-3.162,sub_floor,False
and_go,conf15,next_open,first15m_strength,>1.25,atr1.0,1.5R,14,0.026,0.5,0.8277,-0.0831,-1.163,-2.949,sub_floor,True
and_go,conf15,next_open,first15m_strength,>1.25,atr1.0,2R,14,0.026,0.5,0.8452,-0.0747,-1.045,-2.949,sub_floor,True
and_go,conf15,next_open,first15m_strength,>1.25,atr1.5,1.5R,14,0.026,0.5714,1.0577,0.0165,0.23,-2.126,sub_floor,True
and_go,conf15,next_open,first15m_strength,>1.25,atr1.5,2R,14,0.026,0.5714,1.0542,0.0155,0.216,-2.126,sub_floor,True
and_go,conf15,pullback_limit,none,0.25-0.75,open_buffer,1.5R,364,0.672,0.3874,0.6672,-0.2463,-89.655,-96.927,dead,True
and_go,conf15,pullback_limit,none,0.25-0.75,open_buffer,2R,364,0.672,0.3434,0.7359,-0.208,-75.706,-89.059,dead,True
and_go,conf15,pullback_limit,none,0.25-0.75,atr1.0,1.5R,364,0.672,0.489,0.8557,-0.0334,-12.175,-17.516,dead,False
and_go,conf15,pullback_limit,none,0.25-0.75,atr1.0,2R,364,0.672,0.489,0.8567,-0.0332,-12.094,-17.435,dead,False
and_go,conf15,pullback_limit,none,0.25-0.75,atr1.5,1.5R,364,0.672,0.4918,0.8258,-0.0282,-10.252,-13.325,dead,False
and_go,conf15,pullback_limit,none,0.25-0.75,atr1.5,2R,364,0.672,0.4918,0.8288,-0.0277,-10.079,-13.151,dead,False
and_go,conf15,pullback_limit,none,0.75-1.25,open_buffer,1.5R,50,0.092,0.3,0.4559,-0.4888,-24.441,-24.466,sub_floor,True
and_go,conf15,pullback_limit,none,0.75-1.25,open_buffer,2R,50,0.092,0.24,0.4631,-0.5188,-25.941,-26.466,sub_floor,False
and_go,conf15,pullback_limit,none,0.75-1.25,atr1.0,1.5R,50,0.092,0.44,0.4064,-0.223,-11.148,-11.954,sub_floor,False
and_go,conf15,pullback_limit,none,0.75-1.25,atr1.0,2R,50,0.092,0.44,0.4064,-0.223,-11.148,-11.954,sub_floor,False
and_go,conf15,pullback_limit,none,0.75-1.25,atr1.5,1.5R,50,0.092,0.46,0.3999,-0.1532,-7.66,-8.198,sub_floor,False
and_go,conf15,pullback_limit,none,0.75-1.25,atr1.5,2R,50,0.092,0.46,0.3999,-0.1532,-7.66,-8.198,sub_floor,False
and_go,conf15,pullback_limit,none,>1.25,open_buffer,1.5R,16,0.03,0.375,0.6964,-0.2253,-3.605,-3.511,sub_floor,True
and_go,conf15,pullback_limit,none,>1.25,open_buffer,2R,16,0.03,0.3125,0.7236,-0.2253,-3.605,-3.511,sub_floor,False
and_go,conf15,pullback_limit,none,>1.25,atr1.0,1.5R,16,0.03,0.4375,1.0666,0.029,0.464,-2.422,sub_floor,True
and_go,conf15,pullback_limit,none,>1.25,atr1.0,2R,16,0.03,0.4375,1.2081,0.0905,1.448,-2.422,sub_floor,True
and_go,conf15,pullback_limit,none,>1.25,atr1.5,1.5R,16,0.03,0.4375,1.2006,0.0603,0.964,-1.948,sub_floor,True
and_go,conf15,pullback_limit,none,>1.25,atr1.5,2R,16,0.03,0.4375,1.218,0.0655,1.048,-1.948,sub_floor,True
and_go,conf15,pullback_limit,on_range_pctile,0.25-0.75,open_buffer,1.5R,178,0.328,0.3708,0.5965,-0.3128,-55.678,-63.443,dead,False
and_go,conf15,pullback_limit,on_range_pctile,0.25-0.75,open_buffer,2R,178,0.328,0.3258,0.6511,-0.2863,-50.964,-60.81,dead,False
and_go,conf15,pullback_limit,on_range_pctile,0.25-0.75,atr1.0,1.5R,178,0.328,0.4494,0.658,-0.0838,-14.922,-17.472,dead,False
and_go,conf15,pullback_limit,on_range_pctile,0.25-0.75,atr1.0,2R,178,0.328,0.4494,0.6694,-0.081,-14.422,-16.972,dead,False
and_go,conf15,pullback_limit,on_range_pctile,0.25-0.75,atr1.5,1.5R,178,0.328,0.4551,0.6284,-0.0655,-11.656,-13.268,dead,False
and_go,conf15,pullback_limit,on_range_pctile,0.25-0.75,atr1.5,2R,178,0.328,0.4551,0.6444,-0.0627,-11.156,-12.768,dead,False
and_go,conf15,pullback_limit,on_range_pctile,0.75-1.25,open_buffer,1.5R,14,0.026,0.5,1.0695,0.0436,0.61,-2.64,sub_floor,False
and_go,conf15,pullback_limit,on_range_pctile,0.75-1.25,open_buffer,2R,14,0.026,0.3571,0.8287,-0.135,-1.89,-5.708,sub_floor,False
and_go,conf15,pullback_limit,on_range_pctile,0.75-1.25,atr1.0,1.5R,14,0.026,0.3571,0.2779,-0.2762,-3.866,-3.571,sub_floor,True
and_go,conf15,pullback_limit,on_range_pctile,0.75-1.25,atr1.0,2R,14,0.026,0.3571,0.2779,-0.2762,-3.866,-3.571,sub_floor,True
and_go,conf15,pullback_limit,on_range_pctile,0.75-1.25,atr1.5,1.5R,14,0.026,0.3571,0.2561,-0.2058,-2.881,-2.684,sub_floor,True
and_go,conf15,pullback_limit,on_range_pctile,0.75-1.25,atr1.5,2R,14,0.026,0.3571,0.2561,-0.2058,-2.881,-2.684,sub_floor,True
and_go,conf15,pullback_limit,on_range_pctile,>1.25,open_buffer,1.5R,3,0.006,0.6667,2.477,0.5488,1.646,-1.115,sub_floor,True
and_go,conf15,pullback_limit,on_range_pctile,>1.25,open_buffer,2R,3,0.006,0.6667,3.3742,0.8821,2.646,-1.115,sub_floor,True
and_go,conf15,pullback_limit,on_range_pctile,>1.25,atr1.0,1.5R,3,0.006,0.6667,2.6732,0.4088,1.226,-0.733,sub_floor,True
and_go,conf15,pullback_limit,on_range_pctile,>1.25,atr1.0,2R,3,0.006,0.6667,2.6732,0.4088,1.226,-0.733,sub_floor,True
and_go,conf15,pullback_limit,on_range_pctile,>1.25,atr1.5,1.5R,3,0.006,0.6667,2.6732,0.2725,0.818,-0.489,sub_floor,True
and_go,conf15,pullback_limit,on_range_pctile,>1.25,atr1.5,2R,3,0.006,0.6667,2.6732,0.2725,0.818,-0.489,sub_floor,True
and_go,conf15,pullback_limit,first15m_strength,0.25-0.75,open_buffer,1.5R,86,0.159,0.3605,0.5637,-0.3484,-29.962,-32.186,sub_floor,False
and_go,conf15,pullback_limit,first15m_strength,0.25-0.75,open_buffer,2R,86,0.159,0.314,0.6298,-0.3164,-27.214,-31.095,sub_floor,True
and_go,conf15,pullback_limit,first15m_strength,0.25-0.75,atr1.0,1.5R,86,0.159,0.4767,0.9146,-0.0191,-1.644,-4.249,sub_floor,False
and_go,conf15,pullback_limit,first15m_strength,0.25-0.75,atr1.0,2R,86,0.159,0.4767,0.9194,-0.0181,-1.553,-4.248,sub_floor,False
and_go,conf15,pullback_limit,first15m_strength,0.25-0.75,atr1.5,1.5R,86,0.159,0.4767,0.8276,-0.0294,-2.529,-3.422,sub_floor,False
and_go,conf15,pullback_limit,first15m_strength,0.25-0.75,atr1.5,2R,86,0.159,0.4767,0.8394,-0.0274,-2.356,-3.295,sub_floor,False
and_go,conf15,pullback_limit,first15m_strength,0.75-1.25,open_buffer,1.5R,15,0.028,0.0667,0.0825,-1.039,-15.585,-15.507,sub_floor,True
and_go,conf15,pullback_limit,first15m_strength,0.75-1.25,open_buffer,2R,15,0.028,0.0667,0.1119,-1.0056,-15.085,-15.507,sub_floor,True
and_go,conf15,pullback_limit,first15m_strength,0.75-1.25,atr1.0,1.5R,15,0.028,0.6,0.6677,-0.0962,-1.442,-2.634,sub_floor,False
and_go,conf15,pullback_limit,first15m_strength,0.75-1.25,atr1.0,2R,15,0.028,0.6,0.6677,-0.0962,-1.442,-2.634,sub_floor,False
and_go,conf15,pullback_limit,first15m_strength,0.75-1.25,atr1.5,1.5R,15,0.028,0.6,0.6807,-0.0604,-0.906,-1.701,sub_floor,False
and_go,conf15,pullback_limit,first15m_strength,0.75-1.25,atr1.5,2R,15,0.028,0.6,0.6807,-0.0604,-0.906,-1.701,sub_floor,False
and_go,conf15,pullback_limit,first15m_strength,>1.25,open_buffer,1.5R,7,0.013,0.4286,0.933,-0.0426,-0.298,-2.169,sub_floor,True
and_go,conf15,pullback_limit,first15m_strength,>1.25,open_buffer,2R,7,0.013,0.4286,1.2703,0.1717,1.202,-2.169,sub_floor,True
and_go,conf15,pullback_limit,first15m_strength,>1.25,atr1.0,1.5R,7,0.013,0.5714,1.5651,0.224,1.568,-1.741,sub_floor,True
and_go,conf15,pullback_limit,first15m_strength,>1.25,atr1.0,2R,7,0.013,0.5714,1.8328,0.3302,2.311,-1.741,sub_floor,True
and_go,conf15,pullback_limit,first15m_strength,>1.25,atr1.5,1.5R,7,0.013,0.5714,1.7515,0.2181,1.526,-1.494,sub_floor,True
and_go,conf15,pullback_limit,first15m_strength,>1.25,atr1.5,2R,7,0.013,0.5714,1.7926,0.23,1.61,-1.494,sub_floor,True
