pd_tf,sig_tf,session,tick_mult,disp_min,disc,entry_style,exit_type,n,tr_wk,win_pct,PF,expR,totR,maxDD_R,med_stop_pts
1h,5m,ny_am,1,1,False,top,fixed2r,243,0.376,32.1,0.74,-0.214,-52.0,-55.4,14.7
1h,5m,ny_am,1,1,False,top,exit3,243,0.376,32.1,0.66,-0.231,-56.0,-57.6,14.7
1h,5m,ny_am,1,1,False,mid,fixed2r,241,0.373,31.1,0.72,-0.221,-53.2,-57.7,14.56
1h,5m,ny_am,1,1,False,mid,exit3,241,0.373,31.1,0.66,-0.221,-53.4,-54.8,14.56
1h,5m,ny_am,1,1,True,top,fixed2r,126,0.195,28.6,0.6,-0.351,-44.2,-43.1,13.65
1h,5m,ny_am,1,1,True,top,exit3,126,0.195,28.6,0.52,-0.351,-44.2,-43.1,13.65
1h,5m,ny_am,1,1,True,mid,fixed2r,126,0.195,27.8,0.61,-0.33,-41.6,-40.5,14.45
1h,5m,ny_am,1,1,True,mid,exit3,126,0.195,27.8,0.53,-0.334,-42.1,-41.0,14.45
1h,5m,ny_am,1,2,False,top,fixed2r,207,0.32,32.4,0.8,-0.15,-31.0,-34.5,15.3
1h,5m,ny_am,1,2,False,top,exit3,207,0.32,32.4,0.73,-0.16,-33.0,-34.6,15.3
1h,5m,ny_am,1,2,False,mid,fixed2r,206,0.318,30.6,0.74,-0.2,-41.2,-44.8,15.75
1h,5m,ny_am,1,2,False,mid,exit3,206,0.318,30.6,0.7,-0.183,-37.7,-37.8,15.75
1h,5m,ny_am,1,2,True,top,fixed2r,104,0.161,31.7,0.76,-0.19,-19.8,-18.7,15.0
1h,5m,ny_am,1,2,True,top,exit3,104,0.161,31.7,0.68,-0.205,-21.3,-20.2,15.0
1h,5m,ny_am,1,2,True,mid,fixed2r,104,0.161,28.8,0.66,-0.271,-28.2,-27.1,15.28
1h,5m,ny_am,1,2,True,mid,exit3,104,0.161,28.8,0.61,-0.252,-26.2,-25.1,15.28
1h,5m,ny_am,3,1,False,top,fixed2r,232,0.359,32.3,0.75,-0.205,-47.6,-51.1,15.28
1h,5m,ny_am,3,1,False,top,exit3,232,0.359,32.3,0.66,-0.225,-52.2,-53.8,15.28
1h,5m,ny_am,3,1,False,mid,fixed2r,230,0.356,31.3,0.73,-0.214,-49.2,-54.1,16.02
1h,5m,ny_am,3,1,False,mid,exit3,230,0.356,31.3,0.67,-0.212,-48.8,-50.3,16.02
1h,5m,ny_am,3,1,True,top,fixed2r,123,0.19,28.5,0.6,-0.35,-43.1,-42.0,14.59
1h,5m,ny_am,3,1,True,top,exit3,123,0.19,28.5,0.52,-0.354,-43.6,-42.5,14.59
1h,5m,ny_am,3,1,True,mid,fixed2r,123,0.19,27.6,0.61,-0.328,-40.4,-39.3,15.94
1h,5m,ny_am,3,1,True,mid,exit3,123,0.19,27.6,0.54,-0.328,-40.4,-39.3,15.94
1h,5m,ny_am,3,2,False,top,fixed2r,196,0.303,32.7,0.82,-0.136,-26.7,-30.3,15.66
1h,5m,ny_am,3,2,False,top,exit3,196,0.303,32.7,0.75,-0.149,-29.2,-30.8,15.66
1h,5m,ny_am,3,2,False,mid,fixed2r,195,0.301,30.8,0.75,-0.191,-37.2,-41.1,16.47
1h,5m,ny_am,3,2,False,mid,exit3,195,0.301,30.8,0.71,-0.17,-33.1,-33.2,16.47
1h,5m,ny_am,3,2,True,top,fixed2r,101,0.156,31.7,0.76,-0.185,-18.6,-17.5,15.58
1h,5m,ny_am,3,2,True,top,exit3,101,0.156,31.7,0.68,-0.204,-20.6,-19.5,15.58
1h,5m,ny_am,3,2,True,mid,fixed2r,101,0.156,28.7,0.67,-0.268,-27.1,-26.0,17.26
1h,5m,ny_am,3,2,True,mid,exit3,101,0.156,28.7,0.62,-0.243,-24.6,-23.5,17.26
1h,5m,london,1,1,False,top,fixed2r,431,0.666,33.9,0.72,-0.229,-98.8,-99.6,8.2
1h,5m,london,1,1,False,top,exit3,431,0.666,33.6,0.63,-0.245,-105.8,-105.9,8.2
1h,5m,london,1,1,False,mid,fixed2r,426,0.659,31.7,0.65,-0.299,-127.6,-129.2,7.65
1h,5m,london,1,1,False,mid,exit3,426,0.659,31.7,0.59,-0.275,-117.1,-119.2,7.65
1h,5m,london,1,1,True,top,fixed2r,234,0.362,34.6,0.74,-0.209,-48.9,-62.6,8.22
1h,5m,london,1,1,True,top,exit3,234,0.362,34.6,0.65,-0.237,-55.4,-64.2,8.22
1h,5m,london,1,1,True,mid,fixed2r,233,0.36,33.5,0.7,-0.252,-58.7,-70.8,7.7
1h,5m,london,1,1,True,mid,exit3,233,0.36,33.5,0.65,-0.226,-52.7,-62.3,7.7
1h,5m,london,1,2,False,top,fixed2r,333,0.515,32.7,0.69,-0.257,-85.5,-88.4,9.6
1h,5m,london,1,2,False,top,exit3,333,0.515,32.4,0.61,-0.261,-87.0,-89.2,9.6
1h,5m,london,1,2,False,mid,fixed2r,333,0.515,31.2,0.64,-0.303,-100.7,-103.8,8.65
1h,5m,london,1,2,False,mid,exit3,333,0.515,31.2,0.59,-0.269,-89.7,-93.0,8.65
1h,5m,london,1,2,True,top,fixed2r,181,0.28,33.7,0.72,-0.223,-40.4,-54.5,9.6
1h,5m,london,1,2,True,top,exit3,181,0.28,33.7,0.64,-0.237,-42.9,-50.4,9.6
1h,5m,london,1,2,True,mid,fixed2r,182,0.281,33.0,0.69,-0.259,-47.1,-60.4,8.65
1h,5m,london,1,2,True,mid,exit3,182,0.281,33.0,0.65,-0.22,-40.1,-50.4,8.65
1h,5m,london,3,1,False,top,fixed2r,389,0.601,34.2,0.76,-0.189,-73.6,-75.3,9.51
1h,5m,london,3,1,False,top,exit3,389,0.601,33.9,0.68,-0.211,-82.1,-82.3,9.51
1h,5m,london,3,1,False,mid,fixed2r,384,0.594,31.0,0.65,-0.291,-111.6,-113.2,8.88
1h,5m,london,3,1,False,mid,exit3,384,0.594,31.0,0.6,-0.261,-100.1,-102.2,8.88
1h,5m,london,3,1,True,top,fixed2r,211,0.326,35.5,0.81,-0.151,-31.8,-45.2,9.52
1h,5m,london,3,1,True,top,exit3,211,0.326,35.5,0.72,-0.182,-38.3,-47.7,9.52
1h,5m,london,3,1,True,mid,fixed2r,210,0.325,33.3,0.73,-0.224,-47.1,-59.3,8.69
1h,5m,london,3,1,True,mid,exit3,210,0.325,33.3,0.69,-0.191,-40.1,-50.3,8.69
1h,5m,london,3,2,False,top,fixed2r,304,0.47,33.6,0.75,-0.203,-61.7,-64.9,10.22
1h,5m,london,3,2,False,top,exit3,304,0.47,33.2,0.67,-0.216,-65.7,-68.2,10.22
1h,5m,london,3,2,False,mid,fixed2r,302,0.467,30.8,0.65,-0.289,-87.4,-90.7,10.12
1h,5m,london,3,2,False,mid,exit3,302,0.467,30.8,0.61,-0.251,-75.9,-79.4,10.12
1h,5m,london,3,2,True,top,fixed2r,165,0.255,33.3,0.75,-0.202,-33.4,-47.1,10.17
1h,5m,london,3,2,True,top,exit3,165,0.255,33.3,0.67,-0.211,-34.9,-43.6,10.17
1h,5m,london,3,2,True,mid,fixed2r,165,0.255,31.5,0.67,-0.273,-45.0,-58.5,9.6
1h,5m,london,3,2,True,mid,exit3,165,0.255,31.5,0.64,-0.224,-37.0,-48.5,9.6
1h,5m,asia,1,1,False,top,fixed2r,469,0.725,34.8,0.72,-0.238,-111.7,-115.2,7.81
1h,5m,asia,1,1,False,top,exit3,469,0.725,34.5,0.65,-0.241,-113.2,-115.2,7.81
1h,5m,asia,1,1,False,mid,fixed2r,470,0.727,33.0,0.68,-0.279,-131.2,-130.8,7.62
1h,5m,asia,1,1,False,mid,exit3,470,0.727,33.0,0.6,-0.283,-133.2,-133.1,7.62
1h,5m,asia,1,1,True,top,fixed2r,230,0.356,33.5,0.64,-0.331,-76.1,-74.1,6.89
1h,5m,asia,1,1,True,top,exit3,230,0.356,33.0,0.55,-0.342,-78.6,-76.6,6.89
1h,5m,asia,1,1,True,mid,fixed2r,234,0.362,32.9,0.64,-0.326,-76.2,-74.3,6.89
1h,5m,asia,1,1,True,mid,exit3,234,0.362,32.9,0.54,-0.351,-82.2,-80.3,6.89
1h,5m,asia,1,2,False,top,fixed2r,312,0.482,36.5,0.79,-0.171,-53.3,-60.4,7.95
1h,5m,asia,1,2,False,top,exit3,312,0.482,36.5,0.72,-0.184,-57.3,-62.4,7.95
1h,5m,asia,1,2,False,mid,fixed2r,310,0.479,33.2,0.68,-0.278,-86.3,-89.5,7.75
1h,5m,asia,1,2,False,mid,exit3,310,0.479,33.2,0.61,-0.277,-85.8,-88.5,7.75
1h,5m,asia,1,2,True,top,fixed2r,147,0.227,29.9,0.55,-0.43,-63.2,-61.9,6.52
1h,5m,asia,1,2,True,top,exit3,147,0.227,29.9,0.48,-0.403,-59.2,-57.4,6.52
1h,5m,asia,1,2,True,mid,fixed2r,149,0.23,28.9,0.51,-0.484,-72.1,-71.0,6.53
1h,5m,asia,1,2,True,mid,exit3,149,0.23,28.9,0.43,-0.467,-69.6,-68.0,6.53
1h,5m,asia,3,1,False,top,fixed2r,422,0.652,35.3,0.8,-0.163,-68.9,-72.4,8.28
1h,5m,asia,3,1,False,top,exit3,422,0.652,35.1,0.72,-0.179,-75.4,-77.4,8.28
1h,5m,asia,3,1,False,mid,fixed2r,421,0.651,34.2,0.77,-0.185,-77.9,-77.5,8.48
1h,5m,asia,3,1,False,mid,exit3,421,0.651,34.2,0.69,-0.208,-87.4,-87.3,8.48
1h,5m,asia,3,1,True,top,fixed2r,203,0.314,33.5,0.7,-0.26,-52.9,-50.8,7.57
1h,5m,asia,3,1,True,top,exit3,203,0.314,33.0,0.61,-0.275,-55.9,-53.8,7.57
1h,5m,asia,3,1,True,mid,fixed2r,202,0.312,34.2,0.74,-0.222,-44.9,-43.0,7.5
1h,5m,asia,3,1,True,mid,exit3,202,0.312,34.2,0.62,-0.272,-54.9,-53.0,7.5
1h,5m,asia,3,2,False,top,fixed2r,270,0.417,36.3,0.84,-0.131,-35.3,-48.5,9.05
1h,5m,asia,3,2,False,top,exit3,270,0.417,36.3,0.76,-0.157,-42.3,-51.5,9.05
1h,5m,asia,3,2,False,mid,fixed2r,267,0.413,34.1,0.76,-0.199,-53.2,-58.3,9.22
1h,5m,asia,3,2,False,mid,exit3,267,0.413,34.1,0.67,-0.22,-58.7,-61.4,9.22
1h,5m,asia,3,2,True,top,fixed2r,125,0.193,28.0,0.55,-0.425,-53.1,-51.1,6.87
1h,5m,asia,3,2,True,top,exit3,125,0.193,28.0,0.49,-0.389,-48.6,-46.6,6.87
1h,5m,asia,3,2,True,mid,fixed2r,123,0.19,28.5,0.55,-0.426,-52.4,-50.5,7.45
1h,5m,asia,3,2,True,mid,exit3,123,0.19,28.5,0.47,-0.422,-51.9,-50.0,7.45
1h,5m,24h,1,1,False,top,fixed2r,2220,3.432,33.8,0.72,-0.231,-513.6,-517.0,8.52
1h,5m,24h,1,1,False,top,exit3,2220,3.432,33.7,0.64,-0.248,-551.3,-553.7,8.52
1h,5m,24h,1,1,False,mid,fixed2r,2206,3.41,31.9,0.67,-0.282,-621.6,-625.7,8.61
1h,5m,24h,1,1,False,mid,exit3,2206,3.41,31.9,0.6,-0.276,-609.3,-612.5,8.61
1h,5m,24h,1,1,True,top,fixed2r,1216,1.88,32.6,0.66,-0.299,-363.7,-363.6,7.31
1h,5m,24h,1,1,True,top,exit3,1216,1.88,32.6,0.57,-0.316,-383.7,-383.1,7.31
1h,5m,24h,1,1,True,mid,fixed2r,1208,1.867,31.2,0.62,-0.331,-400.0,-400.7,7.39
1h,5m,24h,1,1,True,mid,exit3,1208,1.867,31.2,0.54,-0.334,-403.0,-402.5,7.39
1h,5m,24h,1,2,False,top,fixed2r,1611,2.491,34.0,0.74,-0.209,-336.0,-344.5,9.36
1h,5m,24h,1,2,False,top,exit3,1611,2.491,33.9,0.66,-0.228,-367.6,-370.7,9.36
1h,5m,24h,1,2,False,mid,fixed2r,1614,2.495,31.7,0.67,-0.278,-448.1,-454.8,9.15
1h,5m,24h,1,2,False,mid,exit3,1614,2.495,31.7,0.6,-0.266,-429.7,-432.7,9.15
1h,5m,24h,1,2,True,top,fixed2r,891,1.377,31.6,0.64,-0.308,-274.9,-286.1,7.81
1h,5m,24h,1,2,True,top,exit3,891,1.377,31.6,0.55,-0.322,-286.9,-291.4,7.81
1h,5m,24h,1,2,True,mid,fixed2r,892,1.379,29.9,0.59,-0.362,-323.0,-329.0,7.8
1h,5m,24h,1,2,True,mid,exit3,892,1.379,29.9,0.52,-0.35,-312.5,-315.8,7.8
1h,5m,24h,3,1,False,top,fixed2r,2053,3.174,33.7,0.75,-0.206,-422.7,-426.1,9.29
1h,5m,24h,3,1,False,top,exit3,2053,3.174,33.6,0.66,-0.222,-454.9,-457.3,9.29
1h,5m,24h,3,1,False,mid,fixed2r,2041,3.155,32.0,0.7,-0.245,-500.9,-505.1,9.35
1h,5m,24h,3,1,False,mid,exit3,2041,3.155,32.0,0.64,-0.241,-491.6,-494.8,9.35
1h,5m,24h,3,1,True,top,fixed2r,1116,1.725,32.9,0.7,-0.257,-286.6,-286.6,8.11
1h,5m,24h,3,1,True,top,exit3,1116,1.725,32.8,0.61,-0.272,-303.6,-303.1,8.11
1h,5m,24h,3,1,True,mid,fixed2r,1103,1.705,31.6,0.67,-0.284,-313.1,-313.8,8.21
1h,5m,24h,3,1,True,mid,exit3,1103,1.705,31.6,0.59,-0.283,-312.1,-311.7,8.21
1h,5m,24h,3,2,False,top,fixed2r,1484,2.294,33.7,0.76,-0.193,-287.1,-301.4,10.09
1h,5m,24h,3,2,False,top,exit3,1484,2.294,33.6,0.68,-0.212,-314.3,-318.5,10.09
1h,5m,24h,3,2,False,mid,fixed2r,1479,2.286,31.6,0.7,-0.251,-370.9,-377.6,10.03
1h,5m,24h,3,2,False,mid,exit3,1479,2.286,31.6,0.63,-0.239,-353.4,-356.4,10.03
1h,5m,24h,3,2,True,top,fixed2r,818,1.265,31.5,0.67,-0.28,-229.4,-238.3,8.88
1h,5m,24h,3,2,True,top,exit3,818,1.265,31.5,0.58,-0.293,-239.4,-242.6,8.88
1h,5m,24h,3,2,True,mid,fixed2r,813,1.257,29.8,0.62,-0.333,-270.3,-276.3,8.65
1h,5m,24h,3,2,True,mid,exit3,813,1.257,29.8,0.55,-0.313,-254.8,-257.8,8.65
1h,15m,ny_am,1,1,False,top,fixed2r,201,0.311,33.3,0.76,-0.171,-34.4,-36.7,20.88
1h,15m,ny_am,1,1,False,top,exit3,201,0.311,34.3,0.7,-0.179,-36.0,-37.2,20.88
1h,15m,ny_am,1,1,False,mid,fixed2r,202,0.312,31.2,0.73,-0.197,-39.7,-44.8,19.96
1h,15m,ny_am,1,1,False,mid,exit3,202,0.312,32.2,0.69,-0.191,-38.5,-41.4,19.96
1h,15m,ny_am,1,1,True,top,fixed2r,95,0.147,32.6,0.81,-0.145,-13.8,-16.6,14.2
1h,15m,ny_am,1,1,True,top,exit3,95,0.147,32.6,0.75,-0.154,-14.6,-15.9,14.2
1h,15m,ny_am,1,1,True,mid,fixed2r,98,0.152,30.6,0.75,-0.194,-19.0,-21.7,16.24
1h,15m,ny_am,1,1,True,mid,exit3,98,0.152,30.6,0.65,-0.229,-22.4,-23.2,16.24
1h,15m,ny_am,1,2,False,top,fixed2r,181,0.28,34.8,0.8,-0.141,-25.5,-33.2,20.88
1h,15m,ny_am,1,2,False,top,exit3,181,0.28,35.4,0.75,-0.147,-26.6,-33.3,20.88
1h,15m,ny_am,1,2,False,mid,fixed2r,183,0.283,32.8,0.78,-0.157,-28.7,-35.0,20.63
1h,15m,ny_am,1,2,False,mid,exit3,183,0.283,33.3,0.74,-0.15,-27.5,-31.3,20.63
1h,15m,ny_am,1,2,True,top,fixed2r,86,0.133,34.9,0.89,-0.08,-6.8,-12.9,14.36
1h,15m,ny_am,1,2,True,top,exit3,86,0.133,34.9,0.85,-0.083,-7.1,-11.4,14.36
1h,15m,ny_am,1,2,True,mid,fixed2r,90,0.139,32.2,0.81,-0.145,-13.0,-18.6,16.59
1h,15m,ny_am,1,2,True,mid,exit3,90,0.139,32.2,0.72,-0.177,-16.0,-18.0,16.59
1h,15m,ny_am,3,1,False,top,fixed2r,195,0.301,33.8,0.79,-0.149,-29.1,-32.5,20.5
1h,15m,ny_am,3,1,False,top,exit3,195,0.301,34.9,0.73,-0.159,-31.1,-34.4,20.5
1h,15m,ny_am,3,1,False,mid,fixed2r,197,0.305,32.0,0.76,-0.173,-34.0,-39.2,20.0
1h,15m,ny_am,3,1,False,mid,exit3,197,0.305,33.0,0.72,-0.167,-32.8,-35.8,20.0
1h,15m,ny_am,3,1,True,top,fixed2r,91,0.141,34.1,0.86,-0.105,-9.5,-14.5,13.79
1h,15m,ny_am,3,1,True,top,exit3,91,0.141,34.1,0.81,-0.113,-10.3,-14.8,13.79
1h,15m,ny_am,3,1,True,mid,fixed2r,94,0.145,31.9,0.79,-0.156,-14.7,-18.5,16.29
1h,15m,ny_am,3,1,True,mid,exit3,94,0.145,31.9,0.7,-0.192,-18.1,-20.0,16.29
1h,15m,ny_am,3,2,False,top,fixed2r,175,0.271,35.4,0.84,-0.115,-20.2,-29.1,20.5
1h,15m,ny_am,3,2,False,top,exit3,175,0.271,36.0,0.78,-0.124,-21.7,-30.6,20.5
1h,15m,ny_am,3,2,False,mid,fixed2r,178,0.275,33.7,0.82,-0.13,-23.1,-29.5,20.82
1h,15m,ny_am,3,2,False,mid,exit3,178,0.275,34.3,0.78,-0.123,-21.9,-25.8,20.82
1h,15m,ny_am,3,2,True,top,fixed2r,82,0.127,36.6,0.96,-0.031,-2.6,-11.0,13.95
1h,15m,ny_am,3,2,True,top,exit3,82,0.127,36.6,0.94,-0.035,-2.9,-10.2,13.95
1h,15m,ny_am,3,2,True,mid,fixed2r,86,0.133,33.7,0.86,-0.101,-8.7,-15.4,16.72
1h,15m,ny_am,3,2,True,mid,exit3,86,0.133,33.7,0.78,-0.135,-11.6,-14.8,16.72
1h,15m,london,1,1,False,top,fixed2r,239,0.369,34.3,0.82,-0.144,-34.4,-41.1,12.68
1h,15m,london,1,1,False,top,exit3,239,0.369,33.9,0.72,-0.179,-42.9,-48.9,12.68
1h,15m,london,1,1,False,mid,fixed2r,229,0.354,33.2,0.79,-0.168,-38.6,-42.8,14.1
1h,15m,london,1,1,False,mid,exit3,229,0.354,32.8,0.74,-0.157,-36.1,-39.5,14.1
1h,15m,london,1,1,True,top,fixed2r,127,0.196,33.9,0.77,-0.18,-22.9,-25.8,11.83
1h,15m,london,1,1,True,top,exit3,127,0.196,33.1,0.66,-0.231,-29.4,-31.8,11.83
1h,15m,london,1,1,True,mid,fixed2r,121,0.187,28.9,0.63,-0.314,-38.0,-41.6,12.56
1h,15m,london,1,1,True,mid,exit3,121,0.187,28.1,0.59,-0.269,-32.5,-35.1,12.56
1h,15m,london,1,2,False,top,fixed2r,195,0.301,36.4,0.9,-0.073,-14.2,-26.6,14.21
1h,15m,london,1,2,False,top,exit3,195,0.301,35.9,0.81,-0.119,-23.2,-28.2,14.21
1h,15m,london,1,2,False,mid,fixed2r,187,0.289,34.8,0.85,-0.115,-21.6,-25.0,16.13
1h,15m,london,1,2,False,mid,exit3,187,0.289,34.2,0.82,-0.102,-19.1,-21.4,16.13
1h,15m,london,1,2,True,top,fixed2r,101,0.156,35.6,0.83,-0.131,-13.2,-20.6,12.42
1h,15m,london,1,2,True,top,exit3,101,0.156,34.7,0.72,-0.181,-18.2,-19.5,12.42
1h,15m,london,1,2,True,mid,fixed2r,97,0.15,28.9,0.63,-0.315,-30.5,-32.7,14.11
1h,15m,london,1,2,True,mid,exit3,97,0.15,27.8,0.61,-0.243,-23.5,-24.8,14.11
1h,15m,london,3,1,False,top,fixed2r,231,0.357,35.5,0.86,-0.103,-23.7,-30.6,13.1
1h,15m,london,3,1,False,top,exit3,231,0.357,35.1,0.77,-0.142,-32.7,-38.8,13.1
1h,15m,london,3,1,False,mid,fixed2r,221,0.342,33.5,0.8,-0.155,-34.2,-38.5,14.29
1h,15m,london,3,1,False,mid,exit3,221,0.342,33.0,0.76,-0.143,-31.7,-35.2,14.29
1h,15m,london,3,1,True,top,fixed2r,121,0.187,33.9,0.8,-0.16,-19.3,-22.2,12.41
1h,15m,london,3,1,True,top,exit3,121,0.187,33.1,0.68,-0.213,-25.8,-28.2,12.41
1h,15m,london,3,1,True,mid,fixed2r,115,0.178,28.7,0.63,-0.308,-35.4,-39.1,14.05
1h,15m,london,3,1,True,mid,exit3,115,0.178,27.8,0.6,-0.26,-29.9,-32.6,14.05
1h,15m,london,3,2,False,top,fixed2r,188,0.291,37.8,0.97,-0.024,-4.4,-19.0,14.49
1h,15m,london,3,2,False,top,exit3,188,0.291,37.2,0.87,-0.074,-13.9,-20.3,14.49
1h,15m,london,3,2,False,mid,fixed2r,180,0.278,35.0,0.87,-0.101,-18.2,-21.9,16.42
1h,15m,london,3,2,False,mid,exit3,180,0.278,34.4,0.85,-0.087,-15.7,-18.0,16.42
1h,15m,london,3,2,True,top,fixed2r,97,0.15,36.1,0.87,-0.095,-9.2,-14.7,13.47
1h,15m,london,3,2,True,top,exit3,97,0.15,35.1,0.76,-0.152,-14.7,-16.0,13.47
1h,15m,london,3,2,True,mid,fixed2r,93,0.144,29.0,0.64,-0.295,-27.5,-29.6,14.44
1h,15m,london,3,2,True,mid,exit3,93,0.144,28.0,0.63,-0.225,-21.0,-22.3,14.44
1h,15m,asia,1,1,False,top,fixed2r,155,0.24,37.4,0.89,-0.081,-12.6,-24.1,13.6
1h,15m,asia,1,1,False,top,exit3,155,0.24,37.4,0.84,-0.094,-14.6,-21.8,13.6
1h,15m,asia,1,1,False,mid,fixed2r,150,0.232,37.3,0.93,-0.055,-8.3,-24.8,12.19
1h,15m,asia,1,1,False,mid,exit3,150,0.232,37.3,0.84,-0.095,-14.3,-24.8,12.19
1h,15m,asia,1,1,True,top,fixed2r,82,0.127,39.0,0.9,-0.081,-6.7,-16.5,11.15
1h,15m,asia,1,1,True,top,exit3,82,0.127,39.0,0.78,-0.142,-11.7,-16.7,11.15
1h,15m,asia,1,1,True,mid,fixed2r,83,0.128,37.3,0.89,-0.081,-6.7,-18.3,11.99
1h,15m,asia,1,1,True,mid,exit3,83,0.128,37.3,0.76,-0.159,-13.2,-21.1,11.99
1h,15m,asia,1,2,False,top,fixed2r,90,0.139,40.0,0.96,-0.026,-2.4,-17.1,15.13
1h,15m,asia,1,2,False,top,exit3,90,0.139,40.0,0.85,-0.093,-8.4,-15.5,15.13
1h,15m,asia,1,2,False,mid,fixed2r,84,0.13,35.7,0.85,-0.114,-9.6,-17.4,14.11
1h,15m,asia,1,2,False,mid,exit3,84,0.13,35.7,0.74,-0.162,-13.6,-19.4,14.11
1h,15m,asia,1,2,True,top,fixed2r,54,0.083,42.6,0.98,-0.017,-0.9,-10.8,13.97
1h,15m,asia,1,2,True,top,exit3,54,0.083,42.6,0.78,-0.156,-8.4,-13.0,13.97
1h,15m,asia,1,2,True,mid,fixed2r,52,0.08,38.5,0.91,-0.07,-3.6,-11.7,13.73
1h,15m,asia,1,2,True,mid,exit3,52,0.08,38.5,0.75,-0.166,-8.6,-15.2,13.73
1h,15m,asia,3,1,False,top,fixed2r,142,0.22,36.6,0.89,-0.088,-12.5,-22.0,15.13
1h,15m,asia,3,1,False,top,exit3,142,0.22,36.6,0.84,-0.095,-13.5,-19.9,15.13
1h,15m,asia,3,1,False,mid,fixed2r,140,0.216,38.6,0.99,-0.009,-1.2,-16.6,13.01
1h,15m,asia,3,1,False,mid,exit3,140,0.216,38.6,0.9,-0.059,-8.2,-17.0,13.01
1h,15m,asia,3,1,True,top,fixed2r,72,0.111,40.3,0.97,-0.021,-1.5,-13.3,13.14
1h,15m,asia,3,1,True,top,exit3,72,0.111,40.3,0.85,-0.098,-7.0,-13.3,13.14
1h,15m,asia,3,1,True,mid,fixed2r,76,0.117,40.8,1.04,0.029,2.2,-14.5,12.34
1h,15m,asia,3,1,True,mid,exit3,76,0.117,40.8,0.88,-0.07,-5.3,-14.1,12.34
1h,15m,asia,3,2,False,top,fixed2r,78,0.121,41.0,1.04,0.032,2.5,-12.4,17.68
1h,15m,asia,3,2,False,top,exit3,78,0.121,41.0,0.94,-0.032,-2.5,-10.1,17.68
1h,15m,asia,3,2,False,mid,fixed2r,75,0.116,38.7,0.98,-0.012,-0.9,-11.7,14.98
1h,15m,asia,3,2,False,mid,exit3,75,0.116,38.7,0.87,-0.072,-5.4,-11.8,14.98
1h,15m,asia,3,2,True,top,fixed2r,44,0.068,45.5,1.14,0.104,4.6,-7.4,17.11
1h,15m,asia,3,2,True,top,exit3,44,0.068,45.5,0.92,-0.055,-2.4,-7.0,17.11
1h,15m,asia,3,2,True,mid,fixed2r,45,0.07,44.4,1.19,0.123,5.6,-9.1,14.63
1h,15m,asia,3,2,True,mid,exit3,45,0.07,44.4,0.98,-0.01,-0.4,-7.4,14.63
1h,15m,24h,1,1,False,top,fixed2r,1037,1.603,34.1,0.79,-0.16,-166.2,-179.1,14.01
1h,15m,24h,1,1,False,top,exit3,1037,1.603,34.2,0.72,-0.175,-181.5,-188.9,14.01
1h,15m,24h,1,1,False,mid,fixed2r,1015,1.569,32.9,0.76,-0.192,-194.6,-195.4,13.99
1h,15m,24h,1,1,False,mid,exit3,1015,1.569,33.0,0.7,-0.192,-195.1,-193.9,13.99
1h,15m,24h,1,1,True,top,fixed2r,580,0.897,32.6,0.73,-0.222,-128.6,-140.2,12.06
1h,15m,24h,1,1,True,top,exit3,580,0.897,32.4,0.64,-0.245,-141.9,-149.6,12.06
1h,15m,24h,1,1,True,mid,fixed2r,576,0.89,30.7,0.67,-0.28,-161.0,-161.2,12.27
1h,15m,24h,1,1,True,mid,exit3,576,0.89,30.6,0.59,-0.281,-162.1,-162.0,12.27
1h,15m,24h,1,2,False,top,fixed2r,786,1.215,35.9,0.86,-0.104,-81.5,-104.3,15.55
1h,15m,24h,1,2,False,top,exit3,786,1.215,35.9,0.78,-0.137,-107.4,-115.3,15.55
1h,15m,24h,1,2,False,mid,fixed2r,759,1.173,33.7,0.79,-0.16,-121.1,-128.2,15.68
1h,15m,24h,1,2,False,mid,exit3,759,1.173,33.7,0.73,-0.164,-124.7,-128.7,15.68
1h,15m,24h,1,2,True,top,fixed2r,448,0.693,34.4,0.79,-0.167,-75.0,-86.1,12.87
1h,15m,24h,1,2,True,top,exit3,448,0.693,34.2,0.7,-0.194,-86.9,-93.6,12.87
1h,15m,24h,1,2,True,mid,fixed2r,443,0.685,31.4,0.69,-0.255,-113.0,-114.3,12.97
1h,15m,24h,1,2,True,mid,exit3,443,0.685,31.2,0.63,-0.245,-108.6,-109.0,12.97
1h,15m,24h,3,1,False,top,fixed2r,982,1.518,34.1,0.81,-0.148,-144.9,-157.5,15.1
1h,15m,24h,3,1,False,top,exit3,982,1.518,34.2,0.74,-0.163,-160.2,-167.2,15.1
1h,15m,24h,3,1,False,mid,fixed2r,960,1.484,32.7,0.76,-0.184,-176.5,-179.7,15.04
1h,15m,24h,3,1,False,mid,exit3,960,1.484,32.8,0.7,-0.184,-176.9,-176.5,15.04
1h,15m,24h,3,1,True,top,fixed2r,535,0.827,32.7,0.75,-0.2,-107.0,-118.6,12.79
1h,15m,24h,3,1,True,top,exit3,535,0.827,32.5,0.66,-0.229,-122.4,-130.2,12.79
1h,15m,24h,3,1,True,mid,fixed2r,534,0.826,31.1,0.69,-0.25,-133.6,-139.4,12.95
1h,15m,24h,3,1,True,mid,exit3,534,0.826,30.9,0.62,-0.259,-138.1,-140.7,12.95
1h,15m,24h,3,2,False,top,fixed2r,741,1.146,35.6,0.87,-0.099,-73.3,-87.4,16.88
1h,15m,24h,3,2,False,top,exit3,741,1.146,35.6,0.79,-0.13,-96.6,-102.0,16.88
1h,15m,24h,3,2,False,mid,fixed2r,715,1.105,33.6,0.8,-0.151,-107.8,-114.7,16.43
1h,15m,24h,3,2,False,mid,exit3,715,1.105,33.6,0.75,-0.154,-110.3,-115.1,16.43
1h,15m,24h,3,2,True,top,fixed2r,413,0.638,34.6,0.81,-0.146,-60.2,-72.4,13.5
1h,15m,24h,3,2,True,top,exit3,413,0.638,34.4,0.72,-0.178,-73.5,-81.3,13.5
1h,15m,24h,3,2,True,mid,fixed2r,410,0.634,32.2,0.73,-0.212,-87.0,-94.7,13.7
1h,15m,24h,3,2,True,mid,exit3,410,0.634,32.0,0.67,-0.212,-87.0,-91.7,13.7
4h,5m,ny_am,1,1,False,top,fixed2r,273,0.422,34.1,0.85,-0.109,-29.9,-50.5,18.21
4h,5m,ny_am,1,1,False,top,exit3,273,0.422,34.4,0.78,-0.136,-37.3,-54.3,18.21
4h,5m,ny_am,1,1,False,mid,fixed2r,274,0.424,36.1,0.95,-0.033,-8.9,-42.7,18.77
4h,5m,ny_am,1,1,False,mid,exit3,274,0.424,36.1,0.89,-0.064,-17.5,-42.1,18.77
4h,5m,ny_am,1,1,True,top,fixed2r,132,0.204,36.4,0.89,-0.08,-10.6,-29.4,15.73
4h,5m,ny_am,1,1,True,top,exit3,132,0.204,36.4,0.8,-0.124,-16.4,-29.2,15.73
4h,5m,ny_am,1,1,True,mid,fixed2r,135,0.209,39.3,1.06,0.039,5.3,-25.7,17.9
4h,5m,ny_am,1,1,True,mid,exit3,135,0.209,39.3,0.91,-0.053,-7.1,-26.4,17.9
4h,5m,ny_am,1,2,False,top,fixed2r,211,0.326,32.7,0.83,-0.123,-25.9,-47.5,18.56
4h,5m,ny_am,1,2,False,top,exit3,211,0.326,33.2,0.76,-0.146,-30.8,-48.8,18.56
4h,5m,ny_am,1,2,False,mid,fixed2r,213,0.329,34.7,0.91,-0.065,-13.9,-45.1,18.88
4h,5m,ny_am,1,2,False,mid,exit3,213,0.329,34.7,0.85,-0.088,-18.8,-40.2,18.88
4h,5m,ny_am,1,2,True,top,fixed2r,105,0.162,34.3,0.88,-0.087,-9.1,-26.7,18.56
4h,5m,ny_am,1,2,True,top,exit3,105,0.162,34.3,0.83,-0.094,-9.9,-23.9,18.56
4h,5m,ny_am,1,2,True,mid,fixed2r,107,0.165,38.3,1.06,0.043,4.6,-22.3,18.65
4h,5m,ny_am,1,2,True,mid,exit3,107,0.165,38.3,0.95,-0.027,-2.8,-23.2,18.65
4h,5m,ny_am,3,1,False,top,fixed2r,264,0.408,33.7,0.84,-0.116,-30.7,-52.4,18.7
4h,5m,ny_am,3,1,False,top,exit3,264,0.408,34.1,0.77,-0.14,-37.1,-55.2,18.7
4h,5m,ny_am,3,1,False,mid,fixed2r,266,0.411,36.1,0.96,-0.028,-7.5,-42.3,19.19
4h,5m,ny_am,3,1,False,mid,exit3,266,0.411,36.1,0.89,-0.062,-16.6,-42.3,19.19
4h,5m,ny_am,3,1,True,top,fixed2r,129,0.199,36.4,0.9,-0.078,-10.0,-28.8,17.01
4h,5m,ny_am,3,1,True,top,exit3,129,0.199,36.4,0.8,-0.127,-16.3,-29.1,17.01
4h,5m,ny_am,3,1,True,mid,fixed2r,132,0.204,39.4,1.06,0.044,5.8,-23.4,18.01
4h,5m,ny_am,3,1,True,mid,exit3,132,0.204,39.4,0.92,-0.046,-6.1,-25.3,18.01
4h,5m,ny_am,3,2,False,top,fixed2r,203,0.314,32.5,0.83,-0.123,-24.9,-47.6,19.02
4h,5m,ny_am,3,2,False,top,exit3,203,0.314,33.0,0.76,-0.144,-29.2,-48.3,19.02
4h,5m,ny_am,3,2,False,mid,fixed2r,206,0.318,35.0,0.93,-0.051,-10.6,-42.8,20.38
4h,5m,ny_am,3,2,False,mid,exit3,206,0.318,35.0,0.86,-0.08,-16.5,-39.0,20.38
4h,5m,ny_am,3,2,True,top,fixed2r,103,0.159,35.0,0.91,-0.065,-6.7,-24.2,19.0
4h,5m,ny_am,3,2,True,top,exit3,103,0.159,35.0,0.85,-0.082,-8.4,-22.4,19.0
4h,5m,ny_am,3,2,True,mid,fixed2r,105,0.162,39.0,1.1,0.067,7.0,-19.9,19.09
4h,5m,ny_am,3,2,True,mid,exit3,105,0.162,39.0,0.99,-0.004,-0.4,-20.7,19.09
4h,5m,london,1,1,False,top,fixed2r,310,0.479,38.1,0.87,-0.099,-30.7,-35.6,7.96
4h,5m,london,1,1,False,top,exit3,310,0.479,37.7,0.78,-0.135,-41.7,-40.5,7.96
4h,5m,london,1,1,False,mid,fixed2r,303,0.468,34.7,0.75,-0.205,-62.0,-60.6,8.16
4h,5m,london,1,1,False,mid,exit3,303,0.468,34.7,0.66,-0.226,-68.5,-66.7,8.16
4h,5m,london,1,1,True,top,fixed2r,175,0.271,37.7,0.85,-0.113,-19.8,-22.8,7.31
4h,5m,london,1,1,True,top,exit3,175,0.271,37.1,0.73,-0.17,-29.8,-29.8,7.31
4h,5m,london,1,1,True,mid,fixed2r,171,0.264,35.1,0.75,-0.206,-35.2,-43.6,7.92
4h,5m,london,1,1,True,mid,exit3,171,0.264,35.1,0.65,-0.241,-41.2,-40.8,7.92
4h,5m,london,1,2,False,top,fixed2r,241,0.373,37.8,0.89,-0.088,-21.1,-27.2,9.29
4h,5m,london,1,2,False,top,exit3,241,0.373,37.8,0.8,-0.119,-28.6,-28.6,9.29
4h,5m,london,1,2,False,mid,fixed2r,228,0.352,32.9,0.71,-0.245,-55.8,-56.8,9.49
4h,5m,london,1,2,False,mid,exit3,228,0.352,32.9,0.63,-0.251,-57.3,-57.3,9.49
4h,5m,london,1,2,True,top,fixed2r,139,0.215,36.7,0.84,-0.124,-17.2,-18.2,8.91
4h,5m,london,1,2,True,top,exit3,139,0.215,36.7,0.73,-0.171,-23.7,-23.7,8.91
4h,5m,london,1,2,True,mid,fixed2r,132,0.204,32.6,0.68,-0.266,-35.2,-38.9,9.61
4h,5m,london,1,2,True,mid,exit3,132,0.204,32.6,0.59,-0.285,-37.7,-40.4,9.61
4h,5m,london,3,1,False,top,fixed2r,275,0.425,39.3,0.96,-0.026,-7.2,-35.2,8.61
4h,5m,london,3,1,False,top,exit3,275,0.425,39.3,0.88,-0.066,-18.2,-26.2,8.61
4h,5m,london,3,1,False,mid,fixed2r,269,0.416,35.3,0.82,-0.138,-37.1,-51.1,8.88
4h,5m,london,3,1,False,mid,exit3,269,0.416,35.3,0.73,-0.166,-44.6,-50.3,8.88
4h,5m,london,3,1,True,top,fixed2r,153,0.237,39.2,0.96,-0.027,-4.2,-20.1,8.27
4h,5m,london,3,1,True,top,exit3,153,0.237,39.2,0.84,-0.099,-15.2,-18.1,8.27
4h,5m,london,3,1,True,mid,fixed2r,148,0.229,35.8,0.83,-0.127,-18.9,-36.4,9.18
4h,5m,london,3,1,True,mid,exit3,148,0.229,35.8,0.72,-0.178,-26.4,-31.9,9.18
4h,5m,london,3,2,False,top,fixed2r,214,0.331,40.2,1.04,0.025,5.4,-25.0,10.19
4h,5m,london,3,2,False,top,exit3,214,0.331,40.2,0.96,-0.022,-4.6,-18.5,10.19
4h,5m,london,3,2,False,mid,fixed2r,202,0.312,34.2,0.81,-0.15,-30.3,-42.5,10.44
4h,5m,london,3,2,False,mid,exit3,202,0.312,34.2,0.73,-0.162,-32.8,-38.5,10.44
4h,5m,london,3,2,True,top,fixed2r,121,0.187,38.0,0.94,-0.042,-5.0,-11.5,10.13
4h,5m,london,3,2,True,top,exit3,121,0.187,38.0,0.83,-0.099,-12.0,-13.1,10.13
4h,5m,london,3,2,True,mid,fixed2r,113,0.175,32.7,0.76,-0.191,-21.6,-30.7,10.51
4h,5m,london,3,2,True,mid,exit3,113,0.175,32.7,0.66,-0.222,-25.1,-29.2,10.51
4h,5m,asia,1,1,False,top,fixed2r,282,0.436,36.5,0.81,-0.153,-43.2,-48.9,8.34
4h,5m,asia,1,1,False,top,exit3,282,0.436,35.8,0.75,-0.155,-43.7,-46.1,8.34
4h,5m,asia,1,1,False,mid,fixed2r,281,0.434,35.9,0.81,-0.153,-42.9,-49.6,8.44
4h,5m,asia,1,1,False,mid,exit3,281,0.434,35.9,0.73,-0.171,-47.9,-50.7,8.44
4h,5m,asia,1,1,True,top,fixed2r,137,0.212,35.8,0.75,-0.21,-28.8,-28.8,7.52
4h,5m,asia,1,1,True,top,exit3,137,0.212,34.3,0.67,-0.214,-29.3,-28.8,7.52
4h,5m,asia,1,1,True,mid,fixed2r,136,0.21,33.8,0.72,-0.234,-31.9,-31.5,7.18
4h,5m,asia,1,1,True,mid,exit3,136,0.21,33.8,0.66,-0.216,-29.4,-28.5,7.18
4h,5m,asia,1,2,False,top,fixed2r,188,0.291,32.4,0.7,-0.252,-47.4,-49.6,8.96
4h,5m,asia,1,2,False,top,exit3,188,0.291,31.9,0.67,-0.201,-37.9,-39.1,8.96
4h,5m,asia,1,2,False,mid,fixed2r,187,0.289,32.1,0.68,-0.265,-49.6,-51.9,8.99
4h,5m,asia,1,2,False,mid,exit3,187,0.289,32.1,0.64,-0.228,-42.6,-43.9,8.99
4h,5m,asia,1,2,True,top,fixed2r,89,0.138,31.5,0.63,-0.316,-28.1,-28.1,7.2
4h,5m,asia,1,2,True,top,exit3,89,0.138,30.3,0.57,-0.282,-25.1,-24.6,7.2
4h,5m,asia,1,2,True,mid,fixed2r,86,0.133,29.1,0.56,-0.389,-33.4,-34.3,7.25
4h,5m,asia,1,2,True,mid,exit3,86,0.133,29.1,0.52,-0.313,-26.9,-26.3,7.25
4h,5m,asia,3,1,False,top,fixed2r,258,0.399,37.2,0.88,-0.093,-24.1,-34.3,8.89
4h,5m,asia,3,1,False,top,exit3,258,0.399,36.4,0.83,-0.097,-25.1,-31.3,8.89
4h,5m,asia,3,1,False,mid,fixed2r,257,0.397,36.6,0.88,-0.092,-23.7,-36.1,8.93
4h,5m,asia,3,1,False,mid,exit3,257,0.397,36.6,0.82,-0.106,-27.2,-33.5,8.93
4h,5m,asia,3,1,True,top,fixed2r,118,0.182,38.1,0.88,-0.092,-10.8,-13.1,8.05
4h,5m,asia,3,1,True,top,exit3,118,0.182,36.4,0.81,-0.113,-13.3,-14.5,8.05
4h,5m,asia,3,1,True,mid,fixed2r,117,0.181,35.0,0.8,-0.15,-17.5,-21.7,8.22
4h,5m,asia,3,1,True,mid,exit3,117,0.181,35.0,0.77,-0.132,-15.5,-16.8,8.22
4h,5m,asia,3,2,False,top,fixed2r,168,0.26,34.5,0.8,-0.156,-26.2,-31.6,9.39
4h,5m,asia,3,2,False,top,exit3,168,0.26,33.9,0.79,-0.12,-20.2,-23.6,9.39
4h,5m,asia,3,2,False,mid,fixed2r,167,0.258,34.1,0.79,-0.16,-26.8,-30.4,9.64
4h,5m,asia,3,2,False,mid,exit3,167,0.258,34.1,0.78,-0.127,-21.3,-22.1,9.64
4h,5m,asia,3,2,True,top,fixed2r,75,0.116,33.3,0.72,-0.223,-16.7,-23.5,8.24
4h,5m,asia,3,2,True,top,exit3,75,0.116,32.0,0.65,-0.217,-16.2,-20.5,8.24
4h,5m,asia,3,2,True,mid,fixed2r,72,0.111,29.2,0.6,-0.334,-24.1,-31.5,8.18
4h,5m,asia,3,2,True,mid,exit3,72,0.111,29.2,0.57,-0.258,-18.6,-22.5,8.18
4h,5m,24h,1,1,False,top,fixed2r,1670,2.582,33.5,0.73,-0.228,-380.2,-393.2,9.29
4h,5m,24h,1,1,False,top,exit3,1670,2.582,33.4,0.64,-0.242,-404.1,-412.1,9.29
4h,5m,24h,1,1,False,mid,fixed2r,1671,2.583,33.0,0.72,-0.234,-391.4,-396.8,9.59
4h,5m,24h,1,1,False,mid,exit3,1671,2.583,33.0,0.64,-0.246,-411.0,-413.2,9.59
4h,5m,24h,1,1,True,top,fixed2r,889,1.374,32.7,0.67,-0.284,-252.4,-258.5,8.27
4h,5m,24h,1,1,True,top,exit3,889,1.374,32.4,0.58,-0.307,-273.0,-276.5,8.27
4h,5m,24h,1,1,True,mid,fixed2r,884,1.367,31.4,0.64,-0.316,-279.7,-280.2,8.75
4h,5m,24h,1,1,True,mid,exit3,884,1.367,31.4,0.56,-0.328,-290.1,-288.6,8.75
4h,5m,24h,1,2,False,top,fixed2r,1240,1.917,32.5,0.71,-0.238,-295.0,-306.4,10.32
4h,5m,24h,1,2,False,top,exit3,1240,1.917,32.5,0.64,-0.242,-300.3,-308.3,10.32
4h,5m,24h,1,2,False,mid,fixed2r,1244,1.923,31.7,0.69,-0.263,-327.3,-334.7,10.29
4h,5m,24h,1,2,False,mid,exit3,1244,1.923,31.7,0.62,-0.26,-323.7,-327.6,10.29
4h,5m,24h,1,2,True,top,fixed2r,668,1.033,32.0,0.67,-0.278,-185.7,-194.1,9.29
4h,5m,24h,1,2,True,top,exit3,668,1.033,31.9,0.59,-0.292,-194.8,-200.6,9.29
4h,5m,24h,1,2,True,mid,fixed2r,663,1.025,30.6,0.63,-0.321,-212.6,-217.0,9.45
4h,5m,24h,1,2,True,mid,exit3,663,1.025,30.6,0.55,-0.324,-214.5,-215.9,9.45
4h,5m,24h,3,1,False,top,fixed2r,1537,2.376,33.8,0.77,-0.185,-284.5,-297.6,10.4
4h,5m,24h,3,1,False,top,exit3,1537,2.376,33.8,0.7,-0.196,-300.9,-309.0,10.4
4h,5m,24h,3,1,False,mid,fixed2r,1534,2.371,33.2,0.76,-0.193,-295.8,-301.1,10.36
4h,5m,24h,3,1,False,mid,exit3,1534,2.371,33.2,0.69,-0.203,-311.4,-313.5,10.36
4h,5m,24h,3,1,True,top,fixed2r,796,1.231,33.8,0.74,-0.215,-171.1,-177.3,9.27
4h,5m,24h,3,1,True,top,exit3,796,1.231,33.5,0.64,-0.245,-194.7,-198.3,9.27
4h,5m,24h,3,1,True,mid,fixed2r,792,1.224,32.6,0.71,-0.237,-187.7,-188.2,9.34
4h,5m,24h,3,1,True,mid,exit3,792,1.224,32.6,0.62,-0.258,-204.2,-202.6,9.34
4h,5m,24h,3,2,False,top,fixed2r,1136,1.756,33.1,0.76,-0.191,-217.1,-228.5,11.1
4h,5m,24h,3,2,False,top,exit3,1136,1.756,33.1,0.69,-0.196,-223.0,-231.0,11.1
4h,5m,24h,3,2,False,mid,fixed2r,1139,1.761,32.1,0.73,-0.213,-242.9,-250.3,11.05
4h,5m,24h,3,2,False,mid,exit3,1139,1.761,32.1,0.67,-0.213,-242.2,-246.2,11.05
4h,5m,24h,3,2,True,top,fixed2r,601,0.929,32.9,0.73,-0.215,-129.2,-137.9,10.4
4h,5m,24h,3,2,True,top,exit3,601,0.929,32.8,0.65,-0.237,-142.3,-148.1,10.4
4h,5m,24h,3,2,True,mid,fixed2r,596,0.921,31.5,0.7,-0.245,-145.8,-153.2,10.36
4h,5m,24h,3,2,True,mid,exit3,596,0.921,31.5,0.62,-0.257,-153.2,-155.2,10.36
4h,15m,ny_am,1,1,False,top,fixed2r,197,0.305,37.1,0.93,-0.047,-9.3,-28.3,22.6
4h,15m,ny_am,1,1,False,top,exit3,197,0.305,37.6,0.84,-0.09,-17.8,-32.2,22.6
4h,15m,ny_am,1,1,False,mid,fixed2r,199,0.308,41.2,1.13,0.082,16.3,-19.8,22.51
4h,15m,ny_am,1,1,False,mid,exit3,199,0.308,42.2,0.98,-0.009,-1.8,-26.8,22.51
4h,15m,ny_am,1,1,True,top,fixed2r,89,0.138,33.7,0.85,-0.113,-10.1,-22.5,22.19
4h,15m,ny_am,1,1,True,top,exit3,89,0.138,33.7,0.76,-0.146,-13.0,-20.9,22.19
4h,15m,ny_am,1,1,True,mid,fixed2r,92,0.142,40.2,1.09,0.065,6.0,-15.4,21.0
4h,15m,ny_am,1,1,True,mid,exit3,92,0.142,40.2,0.96,-0.021,-1.9,-16.2,21.0
4h,15m,ny_am,1,2,False,top,fixed2r,178,0.275,38.8,0.99,-0.006,-1.0,-20.3,23.21
4h,15m,ny_am,1,2,False,top,exit3,178,0.275,38.8,0.91,-0.053,-9.4,-22.3,23.21
4h,15m,ny_am,1,2,False,mid,fixed2r,178,0.275,42.7,1.19,0.118,21.1,-18.1,22.66
4h,15m,ny_am,1,2,False,mid,exit3,178,0.275,43.3,1.04,0.024,4.3,-20.2,22.66
4h,15m,ny_am,1,2,True,top,fixed2r,79,0.122,34.2,0.86,-0.099,-7.8,-16.6,22.5
4h,15m,ny_am,1,2,True,top,exit3,79,0.122,34.2,0.79,-0.129,-10.2,-15.0,22.5
4h,15m,ny_am,1,2,True,mid,fixed2r,82,0.127,40.2,1.1,0.068,5.5,-14.2,23.05
4h,15m,ny_am,1,2,True,mid,exit3,82,0.127,40.2,0.99,-0.005,-0.4,-13.2,23.05
4h,15m,ny_am,3,1,False,top,fixed2r,191,0.295,37.2,0.94,-0.042,-8.0,-28.1,22.99
4h,15m,ny_am,3,1,False,top,exit3,191,0.295,37.7,0.85,-0.083,-15.8,-30.3,22.99
4h,15m,ny_am,3,1,False,mid,fixed2r,193,0.298,41.5,1.12,0.079,15.2,-21.8,23.1
4h,15m,ny_am,3,1,False,mid,exit3,193,0.298,42.5,0.98,-0.01,-1.9,-28.0,23.1
4h,15m,ny_am,3,1,True,top,fixed2r,86,0.133,32.6,0.81,-0.141,-12.2,-23.8,21.81
4h,15m,ny_am,3,1,True,top,exit3,86,0.133,32.6,0.73,-0.168,-14.4,-21.1,21.81
4h,15m,ny_am,3,1,True,mid,fixed2r,89,0.138,39.3,1.02,0.016,1.4,-18.0,22.69
4h,15m,ny_am,3,1,True,mid,exit3,89,0.138,39.3,0.9,-0.062,-5.5,-19.6,22.69
4h,15m,ny_am,3,2,False,top,fixed2r,173,0.267,38.7,0.99,-0.005,-0.8,-21.7,23.76
4h,15m,ny_am,3,2,False,top,exit3,173,0.267,38.7,0.91,-0.049,-8.5,-22.5,23.76
4h,15m,ny_am,3,2,False,mid,fixed2r,173,0.267,42.8,1.17,0.109,18.8,-17.7,23.41
4h,15m,ny_am,3,2,False,mid,exit3,173,0.267,43.4,1.03,0.018,3.1,-22.5,23.41
4h,15m,ny_am,3,2,True,top,fixed2r,76,0.117,32.9,0.83,-0.13,-9.9,-16.9,22.54
4h,15m,ny_am,3,2,True,top,exit3,76,0.117,32.9,0.75,-0.154,-11.7,-14.1,22.54
4h,15m,ny_am,3,2,True,mid,fixed2r,79,0.122,39.2,1.02,0.012,0.9,-15.6,23.63
4h,15m,ny_am,3,2,True,mid,exit3,79,0.122,39.2,0.92,-0.051,-4.0,-16.0,23.63
4h,15m,london,1,1,False,top,fixed2r,163,0.252,38.7,1.03,0.021,3.4,-24.1,14.37
4h,15m,london,1,1,False,top,exit3,163,0.252,38.7,0.95,-0.025,-4.1,-20.8,14.37
4h,15m,london,1,1,False,mid,fixed2r,166,0.257,37.3,0.95,-0.037,-6.1,-26.8,14.45
4h,15m,london,1,1,False,mid,exit3,166,0.257,37.3,0.89,-0.061,-10.1,-23.3,14.45
4h,15m,london,1,1,True,top,fixed2r,87,0.134,48.3,1.49,0.293,25.5,-7.7,12.59
4h,15m,london,1,1,True,top,exit3,87,0.134,48.3,1.38,0.178,15.5,-5.7,12.59
4h,15m,london,1,1,True,mid,fixed2r,90,0.139,47.8,1.48,0.285,25.7,-8.0,12.19
4h,15m,london,1,1,True,mid,exit3,90,0.139,47.8,1.5,0.213,19.2,-5.7,12.19
4h,15m,london,1,2,False,top,fixed2r,129,0.199,35.7,0.89,-0.078,-10.0,-24.5,14.38
4h,15m,london,1,2,False,top,exit3,129,0.199,35.7,0.82,-0.109,-14.0,-20.5,14.38
4h,15m,london,1,2,False,mid,fixed2r,134,0.207,34.3,0.82,-0.138,-18.5,-27.7,15.06
4h,15m,london,1,2,False,mid,exit3,134,0.207,34.3,0.78,-0.13,-17.5,-24.2,15.06
4h,15m,london,1,2,True,top,fixed2r,69,0.107,46.4,1.36,0.224,15.5,-5.7,13.16
4h,15m,london,1,2,True,top,exit3,69,0.107,46.4,1.25,0.123,8.5,-5.7,13.16
4h,15m,london,1,2,True,mid,fixed2r,73,0.113,45.2,1.32,0.2,14.6,-6.9,13.31
4h,15m,london,1,2,True,mid,exit3,73,0.113,45.2,1.34,0.152,11.1,-6.4,13.31
4h,15m,london,3,1,False,top,fixed2r,156,0.241,39.1,1.07,0.049,7.6,-21.0,14.95
4h,15m,london,3,1,False,top,exit3,156,0.241,39.1,1.01,0.007,1.1,-18.5,14.95
4h,15m,london,3,1,False,mid,fixed2r,158,0.244,37.3,1.0,-0.003,-0.5,-26.7,15.73
4h,15m,london,3,1,False,mid,exit3,158,0.244,37.3,0.95,-0.025,-4.0,-22.2,15.73
4h,15m,london,3,1,True,top,fixed2r,78,0.121,47.4,1.51,0.296,23.1,-7.7,14.57
4h,15m,london,3,1,True,top,exit3,78,0.121,47.4,1.45,0.2,15.6,-5.7,14.57
4h,15m,london,3,1,True,mid,fixed2r,81,0.125,45.7,1.4,0.244,19.8,-7.9,14.87
4h,15m,london,3,1,True,mid,exit3,81,0.125,45.7,1.44,0.189,15.3,-4.6,14.87
4h,15m,london,3,2,False,top,fixed2r,125,0.193,36.8,0.96,-0.026,-3.2,-23.3,14.86
4h,15m,london,3,2,False,top,exit3,125,0.193,36.8,0.9,-0.058,-7.2,-19.3,14.86
4h,15m,london,3,2,False,mid,fixed2r,129,0.199,34.9,0.89,-0.081,-10.4,-29.1,15.6
4h,15m,london,3,2,False,mid,exit3,129,0.199,34.9,0.86,-0.077,-9.9,-24.6,15.6
4h,15m,london,3,2,True,top,fixed2r,63,0.097,47.6,1.5,0.292,18.4,-6.3,14.54
4h,15m,london,3,2,True,top,exit3,63,0.097,47.6,1.44,0.196,12.4,-5.5,14.54
4h,15m,london,3,2,True,mid,fixed2r,67,0.104,44.8,1.34,0.209,14.0,-6.9,14.87
4h,15m,london,3,2,True,mid,exit3,67,0.104,44.8,1.37,0.164,11.0,-5.4,14.87
4h,15m,asia,1,1,False,top,fixed2r,100,0.155,39.0,0.97,-0.019,-1.9,-17.0,14.54
4h,15m,asia,1,1,False,top,exit3,100,0.155,38.0,0.89,-0.064,-6.4,-13.1,14.54
4h,15m,asia,1,1,False,mid,fixed2r,102,0.158,39.2,1.02,0.016,1.7,-20.2,14.91
4h,15m,asia,1,1,False,mid,exit3,102,0.158,39.2,0.89,-0.062,-6.3,-17.2,14.91
4h,15m,asia,1,1,True,top,fixed2r,50,0.077,36.0,0.75,-0.21,-10.5,-12.2,10.47
4h,15m,asia,1,1,True,top,exit3,50,0.077,34.0,0.64,-0.25,-12.5,-12.2,10.47
4h,15m,asia,1,1,True,mid,fixed2r,54,0.083,38.9,0.93,-0.055,-3.0,-11.5,12.08
4h,15m,asia,1,1,True,mid,exit3,54,0.083,38.9,0.76,-0.157,-8.5,-12.0,12.08
4h,15m,asia,1,2,False,top,fixed2r,55,0.085,41.8,1.03,0.023,1.2,-10.9,14.09
4h,15m,asia,1,2,False,top,exit3,55,0.085,40.0,0.9,-0.059,-3.3,-9.9,14.09
4h,15m,asia,1,2,False,mid,fixed2r,55,0.085,36.4,0.9,-0.076,-4.2,-14.6,13.79
4h,15m,asia,1,2,False,mid,exit3,55,0.085,36.4,0.81,-0.112,-6.2,-12.0,13.79
4h,15m,asia,1,2,True,top,fixed2r,30,0.046,43.3,0.95,-0.037,-1.1,-5.9,11.76
4h,15m,asia,1,2,True,top,exit3,30,0.046,40.0,0.78,-0.153,-4.6,-5.9,11.76
4h,15m,asia,1,2,True,mid,fixed2r,32,0.049,43.8,1.15,0.103,3.3,-6.0,12.77
4h,15m,asia,1,2,True,mid,exit3,32,0.049,43.8,0.96,-0.022,-0.7,-5.5,12.77
4h,15m,asia,3,1,False,top,fixed2r,91,0.141,37.4,0.92,-0.063,-5.7,-16.8,17.34
4h,15m,asia,3,1,False,top,exit3,91,0.141,36.3,0.86,-0.085,-7.7,-12.3,17.34
4h,15m,asia,3,1,False,mid,fixed2r,93,0.144,37.6,0.97,-0.022,-2.1,-20.0,15.29
4h,15m,asia,3,1,False,mid,exit3,93,0.144,37.6,0.85,-0.092,-8.6,-17.4,15.29
4h,15m,asia,3,1,True,top,fixed2r,43,0.066,37.2,0.79,-0.174,-7.5,-10.0,10.63
4h,15m,asia,3,1,True,top,exit3,43,0.066,34.9,0.71,-0.197,-8.5,-9.7,10.63
4h,15m,asia,3,1,True,mid,fixed2r,47,0.073,40.4,1.0,-0.001,-0.1,-10.6,12.23
4h,15m,asia,3,1,True,mid,exit3,47,0.073,40.4,0.82,-0.118,-5.6,-10.2,12.23
4h,15m,asia,3,2,False,top,fixed2r,50,0.077,40.0,0.95,-0.036,-1.8,-10.7,13.79
4h,15m,asia,3,2,False,top,exit3,50,0.077,38.0,0.84,-0.096,-4.8,-9.2,13.79
4h,15m,asia,3,2,False,mid,fixed2r,50,0.077,34.0,0.81,-0.143,-7.2,-14.4,13.45
4h,15m,asia,3,2,False,mid,exit3,50,0.077,34.0,0.72,-0.173,-8.7,-12.3,13.45
4h,15m,asia,3,2,True,top,fixed2r,27,0.042,44.4,0.96,-0.034,-0.9,-5.2,9.5
4h,15m,asia,3,2,True,top,exit3,27,0.042,40.7,0.79,-0.145,-3.9,-5.5,9.5
4h,15m,asia,3,2,True,mid,fixed2r,29,0.045,44.8,1.18,0.12,3.5,-6.0,12.23
4h,15m,asia,3,2,True,mid,exit3,29,0.045,44.8,0.94,-0.035,-1.0,-5.5,12.23
4h,15m,24h,1,1,False,top,fixed2r,750,1.159,37.1,0.92,-0.06,-44.6,-50.8,16.63
4h,15m,24h,1,1,False,top,exit3,750,1.159,37.1,0.83,-0.102,-76.3,-80.5,16.63
4h,15m,24h,1,1,False,mid,fixed2r,762,1.178,37.5,0.93,-0.055,-41.8,-56.7,16.82
4h,15m,24h,1,1,False,mid,exit3,762,1.178,37.5,0.83,-0.104,-79.6,-89.5,16.82
4h,15m,24h,1,1,True,top,fixed2r,413,0.638,36.6,0.87,-0.097,-40.1,-54.4,13.49
4h,15m,24h,1,1,True,top,exit3,413,0.638,36.3,0.77,-0.143,-59.1,-65.8,13.49
4h,15m,24h,1,1,True,mid,fixed2r,428,0.662,38.6,0.94,-0.046,-19.8,-44.8,13.93
4h,15m,24h,1,1,True,mid,exit3,428,0.662,38.6,0.82,-0.111,-47.7,-61.0,13.93
4h,15m,24h,1,2,False,top,fixed2r,583,0.901,38.4,0.97,-0.019,-11.3,-43.3,17.49
4h,15m,24h,1,2,False,top,exit3,583,0.901,38.3,0.88,-0.071,-41.1,-42.8,17.49
4h,15m,24h,1,2,False,mid,fixed2r,586,0.906,37.9,0.94,-0.046,-26.9,-52.4,17.23
4h,15m,24h,1,2,False,mid,exit3,586,0.906,37.9,0.86,-0.086,-50.4,-57.3,17.23
4h,15m,24h,1,2,True,top,fixed2r,315,0.487,38.7,0.96,-0.033,-10.3,-33.6,14.54
4h,15m,24h,1,2,True,top,exit3,315,0.487,38.4,0.85,-0.088,-27.8,-38.0,14.54
4h,15m,24h,1,2,True,mid,fixed2r,326,0.504,39.9,0.99,-0.006,-1.9,-38.1,15.56
4h,15m,24h,1,2,True,mid,exit3,326,0.504,39.9,0.88,-0.07,-22.8,-42.6,15.56
4h,15m,24h,3,1,False,top,fixed2r,705,1.09,36.9,0.93,-0.053,-37.3,-46.9,17.57
4h,15m,24h,3,1,False,top,exit3,705,1.09,36.9,0.85,-0.09,-63.2,-67.6,17.57
4h,15m,24h,3,1,False,mid,fixed2r,714,1.104,37.1,0.93,-0.049,-35.1,-49.1,17.46
4h,15m,24h,3,1,False,mid,exit3,714,1.104,37.3,0.84,-0.094,-67.3,-76.2,17.46
4h,15m,24h,3,1,True,top,fixed2r,375,0.58,36.3,0.89,-0.085,-31.8,-48.7,14.78
4h,15m,24h,3,1,True,top,exit3,375,0.58,36.0,0.8,-0.124,-46.7,-55.8,14.78
4h,15m,24h,3,1,True,mid,fixed2r,389,0.601,37.8,0.93,-0.053,-20.6,-46.0,15.94
4h,15m,24h,3,1,True,mid,exit3,389,0.601,37.8,0.82,-0.114,-44.5,-59.9,15.94
4h,15m,24h,3,2,False,top,fixed2r,554,0.856,38.3,0.98,-0.014,-7.9,-41.5,18.03
4h,15m,24h,3,2,False,top,exit3,554,0.856,38.1,0.89,-0.065,-35.9,-40.4,18.03
4h,15m,24h,3,2,False,mid,fixed2r,554,0.856,37.4,0.94,-0.043,-23.8,-54.2,18.55
4h,15m,24h,3,2,False,mid,exit3,554,0.856,37.5,0.86,-0.081,-44.7,-52.6,18.55
4h,15m,24h,3,2,True,top,fixed2r,289,0.447,38.8,0.98,-0.014,-4.0,-28.8,15.78
4h,15m,24h,3,2,True,top,exit3,289,0.447,38.4,0.88,-0.072,-20.9,-29.3,15.78
4h,15m,24h,3,2,True,mid,fixed2r,300,0.464,39.7,1.0,-0.0,-0.1,-34.9,16.55
4h,15m,24h,3,2,True,mid,exit3,300,0.464,39.7,0.88,-0.072,-21.5,-39.3,16.55
15m,1m,ny_am,1,1,False,top,fixed2r,843,1.303,32.1,0.68,-0.27,-227.3,-241.4,9.5
15m,1m,ny_am,1,1,False,top,exit3,843,1.303,31.9,0.6,-0.276,-232.8,-241.9,9.5
15m,1m,ny_am,1,1,False,mid,fixed2r,836,1.292,31.8,0.68,-0.272,-227.3,-228.9,9.71
15m,1m,ny_am,1,1,False,mid,exit3,836,1.292,31.8,0.61,-0.268,-223.8,-224.9,9.71
15m,1m,ny_am,1,1,True,top,fixed2r,437,0.676,33.0,0.68,-0.28,-122.2,-136.8,8.65
15m,1m,ny_am,1,1,True,top,exit3,437,0.676,32.7,0.59,-0.291,-127.2,-138.3,8.65
15m,1m,ny_am,1,1,True,mid,fixed2r,428,0.662,32.9,0.68,-0.277,-118.5,-127.6,9.29
15m,1m,ny_am,1,1,True,mid,exit3,428,0.662,32.9,0.6,-0.286,-122.5,-130.6,9.29
15m,1m,ny_am,1,2,False,top,fixed2r,610,0.943,33.3,0.74,-0.217,-132.4,-142.0,10.87
15m,1m,ny_am,1,2,False,top,exit3,610,0.943,33.1,0.64,-0.251,-152.9,-158.6,10.87
15m,1m,ny_am,1,2,False,mid,fixed2r,613,0.948,32.1,0.7,-0.246,-150.5,-156.3,10.9
15m,1m,ny_am,1,2,False,mid,exit3,613,0.948,32.1,0.63,-0.247,-151.5,-155.4,10.9
15m,1m,ny_am,1,2,True,top,fixed2r,319,0.493,33.5,0.7,-0.256,-81.6,-94.4,8.67
15m,1m,ny_am,1,2,True,top,exit3,319,0.493,33.2,0.59,-0.298,-95.1,-105.9,8.67
15m,1m,ny_am,1,2,True,mid,fixed2r,317,0.49,31.9,0.65,-0.302,-95.6,-111.7,9.5
15m,1m,ny_am,1,2,True,mid,exit3,317,0.49,31.9,0.57,-0.308,-97.6,-110.9,9.5
15m,1m,ny_am,3,1,False,top,fixed2r,773,1.195,32.6,0.73,-0.224,-173.0,-185.6,10.59
15m,1m,ny_am,3,1,False,top,exit3,773,1.195,32.5,0.64,-0.243,-188.0,-197.1,10.59
15m,1m,ny_am,3,1,False,mid,fixed2r,768,1.187,31.5,0.7,-0.249,-191.3,-191.5,10.66
15m,1m,ny_am,3,1,False,mid,exit3,768,1.187,31.5,0.63,-0.241,-184.8,-185.5,10.66
15m,1m,ny_am,3,1,True,top,fixed2r,393,0.608,34.1,0.75,-0.205,-80.6,-89.4,9.51
15m,1m,ny_am,3,1,True,top,exit3,393,0.608,33.8,0.66,-0.23,-90.6,-98.3,9.51
15m,1m,ny_am,3,1,True,mid,fixed2r,385,0.595,33.0,0.72,-0.233,-89.7,-96.0,10.06
15m,1m,ny_am,3,1,True,mid,exit3,385,0.595,33.0,0.65,-0.238,-91.7,-98.1,10.06
15m,1m,ny_am,3,2,False,top,fixed2r,556,0.86,33.8,0.78,-0.173,-96.3,-102.7,12.06
15m,1m,ny_am,3,2,False,top,exit3,556,0.86,33.6,0.67,-0.22,-122.3,-125.9,12.06
15m,1m,ny_am,3,2,False,mid,fixed2r,559,0.864,32.0,0.73,-0.222,-124.1,-126.5,11.58
15m,1m,ny_am,3,2,False,mid,exit3,559,0.864,32.0,0.66,-0.224,-125.1,-126.6,11.58
15m,1m,ny_am,3,2,True,top,fixed2r,287,0.444,35.2,0.79,-0.173,-49.6,-61.3,10.01
15m,1m,ny_am,3,2,True,top,exit3,287,0.444,34.8,0.66,-0.234,-67.1,-78.3,10.01
15m,1m,ny_am,3,2,True,mid,fixed2r,285,0.441,32.6,0.71,-0.245,-69.8,-84.0,10.69
15m,1m,ny_am,3,2,True,mid,exit3,285,0.441,32.6,0.63,-0.256,-72.8,-85.0,10.69
15m,1m,london,1,1,False,top,fixed2r,1458,2.254,31.1,0.46,-0.556,-811.2,-812.2,3.4
15m,1m,london,1,1,False,top,exit3,1458,2.254,30.5,0.37,-0.554,-808.2,-808.7,3.4
15m,1m,london,1,1,False,mid,fixed2r,1445,2.234,31.5,0.47,-0.539,-778.8,-779.9,3.3
15m,1m,london,1,1,False,mid,exit3,1445,2.234,31.1,0.38,-0.536,-774.8,-775.4,3.3
15m,1m,london,1,1,True,top,fixed2r,778,1.203,28.9,0.4,-0.673,-523.2,-524.0,3.12
15m,1m,london,1,1,True,top,exit3,778,1.203,28.1,0.31,-0.68,-528.7,-528.0,3.12
15m,1m,london,1,1,True,mid,fixed2r,769,1.189,29.3,0.41,-0.646,-496.7,-495.0,3.1
15m,1m,london,1,1,True,mid,exit3,769,1.189,28.9,0.32,-0.648,-498.2,-496.5,3.1
15m,1m,london,1,2,False,top,fixed2r,1103,1.705,29.6,0.44,-0.596,-657.2,-660.0,3.49
15m,1m,london,1,2,False,top,exit3,1103,1.705,29.3,0.35,-0.585,-645.7,-646.3,3.49
15m,1m,london,1,2,False,mid,fixed2r,1088,1.682,30.5,0.46,-0.566,-615.6,-616.7,3.34
15m,1m,london,1,2,False,mid,exit3,1088,1.682,30.3,0.36,-0.567,-617.1,-617.7,3.34
15m,1m,london,1,2,True,top,fixed2r,573,0.886,28.8,0.4,-0.678,-388.4,-393.9,3.18
15m,1m,london,1,2,True,top,exit3,573,0.886,28.1,0.31,-0.685,-392.4,-394.1,3.18
15m,1m,london,1,2,True,mid,fixed2r,562,0.869,29.4,0.41,-0.64,-359.5,-359.3,3.06
15m,1m,london,1,2,True,mid,exit3,562,0.869,29.4,0.32,-0.648,-364.0,-363.3,3.06
15m,1m,london,3,1,False,top,fixed2r,1104,1.707,31.5,0.53,-0.446,-492.9,-490.6,4.31
15m,1m,london,3,1,False,top,exit3,1104,1.707,31.2,0.45,-0.436,-481.4,-479.1,4.31
15m,1m,london,3,1,False,mid,fixed2r,1091,1.687,32.4,0.56,-0.41,-447.5,-445.5,4.33
15m,1m,london,3,1,False,mid,exit3,1091,1.687,32.1,0.47,-0.407,-444.5,-442.5,4.33
15m,1m,london,3,1,True,top,fixed2r,579,0.895,30.4,0.49,-0.505,-292.4,-295.0,4.09
15m,1m,london,3,1,True,top,exit3,579,0.895,30.1,0.4,-0.514,-297.4,-299.0,4.09
15m,1m,london,3,1,True,mid,fixed2r,567,0.877,30.3,0.5,-0.487,-276.1,-274.5,4.19
15m,1m,london,3,1,True,mid,exit3,567,0.877,29.8,0.41,-0.487,-276.1,-275.5,4.19
15m,1m,london,3,2,False,top,fixed2r,828,1.28,31.2,0.53,-0.452,-374.0,-377.6,4.5
15m,1m,london,3,2,False,top,exit3,828,1.28,31.0,0.44,-0.446,-369.5,-369.6,4.5
15m,1m,london,3,2,False,mid,fixed2r,808,1.249,32.2,0.56,-0.408,-329.9,-328.8,4.42
15m,1m,london,3,2,False,mid,exit3,808,1.249,32.2,0.47,-0.414,-334.9,-332.8,4.42
15m,1m,london,3,2,True,top,fixed2r,422,0.652,31.3,0.51,-0.489,-206.3,-214.0,4.29
15m,1m,london,3,2,True,top,exit3,422,0.652,31.0,0.41,-0.506,-213.3,-217.3,4.29
15m,1m,london,3,2,True,mid,fixed2r,406,0.628,31.0,0.52,-0.463,-187.8,-187.6,4.33
15m,1m,london,3,2,True,mid,exit3,406,0.628,31.0,0.42,-0.475,-192.8,-193.1,4.33
15m,1m,asia,1,1,False,top,fixed2r,2391,3.696,31.1,0.48,-0.532,-1272.1,-1270.3,3.53
15m,1m,asia,1,1,False,top,exit3,2391,3.696,30.4,0.37,-0.551,-1318.1,-1316.0,3.53
15m,1m,asia,1,1,False,mid,fixed2r,2386,3.689,31.6,0.5,-0.503,-1199.9,-1198.0,3.5
15m,1m,asia,1,1,False,mid,exit3,2386,3.689,31.3,0.39,-0.53,-1264.4,-1262.1,3.5
15m,1m,asia,1,1,True,top,fixed2r,1290,1.994,30.5,0.45,-0.581,-749.1,-752.0,3.32
15m,1m,asia,1,1,True,top,exit3,1290,1.994,29.6,0.35,-0.604,-779.6,-780.0,3.32
15m,1m,asia,1,1,True,mid,fixed2r,1294,2.0,31.2,0.48,-0.532,-687.9,-688.8,3.29
15m,1m,asia,1,1,True,mid,exit3,1294,2.0,30.8,0.37,-0.56,-724.4,-724.3,3.29
15m,1m,asia,1,2,False,top,fixed2r,1709,2.642,31.1,0.48,-0.527,-899.8,-897.6,3.73
15m,1m,asia,1,2,False,top,exit3,1709,2.642,30.7,0.38,-0.548,-936.8,-934.6,3.73
15m,1m,asia,1,2,False,mid,fixed2r,1708,2.64,32.4,0.52,-0.471,-804.0,-801.7,3.65
15m,1m,asia,1,2,False,mid,exit3,1708,2.64,32.1,0.41,-0.501,-856.0,-853.7,3.65
15m,1m,asia,1,2,True,top,fixed2r,920,1.422,30.2,0.45,-0.573,-527.4,-528.9,3.59
15m,1m,asia,1,2,True,top,exit3,920,1.422,29.7,0.35,-0.59,-542.9,-543.4,3.59
15m,1m,asia,1,2,True,mid,fixed2r,930,1.438,32.5,0.52,-0.472,-438.7,-437.0,3.47
15m,1m,asia,1,2,True,mid,exit3,930,1.438,32.4,0.41,-0.508,-472.2,-471.0,3.47
15m,1m,asia,3,1,False,top,fixed2r,1840,2.845,31.1,0.54,-0.431,-792.5,-790.3,4.26
15m,1m,asia,3,1,False,top,exit3,1840,2.845,30.9,0.45,-0.443,-815.0,-812.8,4.26
15m,1m,asia,3,1,False,mid,fixed2r,1846,2.854,31.9,0.57,-0.399,-736.7,-736.3,4.08
15m,1m,asia,3,1,False,mid,exit3,1846,2.854,31.9,0.47,-0.422,-778.2,-777.3,4.08
15m,1m,asia,3,1,True,top,fixed2r,993,1.535,32.0,0.54,-0.437,-434.2,-431.8,3.97
15m,1m,asia,3,1,True,top,exit3,993,1.535,31.6,0.44,-0.46,-457.2,-454.8,3.97
15m,1m,asia,3,1,True,mid,fixed2r,996,1.54,32.6,0.57,-0.397,-395.1,-392.7,3.85
15m,1m,asia,3,1,True,mid,exit3,996,1.54,32.6,0.47,-0.424,-422.1,-419.7,3.85
15m,1m,asia,3,2,False,top,fixed2r,1312,2.028,31.7,0.57,-0.397,-520.2,-518.1,4.52
15m,1m,asia,3,2,False,top,exit3,1312,2.028,31.5,0.47,-0.421,-551.7,-549.6,4.52
15m,1m,asia,3,2,False,mid,fixed2r,1321,2.042,33.1,0.61,-0.351,-463.1,-462.7,4.37
15m,1m,asia,3,2,False,mid,exit3,1321,2.042,33.0,0.5,-0.385,-508.1,-507.2,4.37
15m,1m,asia,3,2,True,top,fixed2r,709,1.096,32.3,0.56,-0.408,-289.2,-286.9,4.22
15m,1m,asia,3,2,True,top,exit3,709,1.096,32.0,0.46,-0.43,-304.7,-302.4,4.22
15m,1m,asia,3,2,True,mid,fixed2r,714,1.104,34.2,0.63,-0.332,-236.7,-234.3,4.05
15m,1m,asia,3,2,True,mid,exit3,714,1.104,34.2,0.52,-0.371,-264.7,-262.3,4.05
15m,1m,24h,1,1,False,top,fixed2r,9476,14.649,31.7,0.52,-0.473,-4480.7,-4481.5,4.0
15m,1m,24h,1,1,False,top,exit3,9476,14.649,31.3,0.42,-0.491,-4648.9,-4648.6,4.0
15m,1m,24h,1,1,False,mid,fixed2r,9410,14.547,31.9,0.53,-0.461,-4334.0,-4334.7,3.99
15m,1m,24h,1,1,False,mid,exit3,9410,14.547,31.6,0.43,-0.478,-4500.0,-4499.7,3.99
15m,1m,24h,1,1,True,top,fixed2r,5074,7.844,30.2,0.46,-0.558,-2828.9,-2831.7,3.62
15m,1m,24h,1,1,True,top,exit3,5074,7.844,29.6,0.36,-0.575,-2916.9,-2918.2,3.62
15m,1m,24h,1,1,True,mid,fixed2r,5032,7.779,30.4,0.47,-0.539,-2710.4,-2713.1,3.68
15m,1m,24h,1,1,True,mid,exit3,5032,7.779,30.1,0.38,-0.551,-2774.9,-2776.1,3.68
15m,1m,24h,1,2,False,top,fixed2r,6898,10.664,31.4,0.52,-0.472,-3256.4,-3255.3,4.16
15m,1m,24h,1,2,False,top,exit3,6898,10.664,31.1,0.42,-0.49,-3380.0,-3378.4,4.16
15m,1m,24h,1,2,False,mid,fixed2r,6855,10.597,31.8,0.53,-0.452,-3100.0,-3098.8,4.11
15m,1m,24h,1,2,False,mid,exit3,6855,10.597,31.6,0.43,-0.471,-3230.0,-3228.3,4.11
15m,1m,24h,1,2,True,top,fixed2r,3717,5.746,29.9,0.46,-0.558,-2075.0,-2073.4,3.78
15m,1m,24h,1,2,True,top,exit3,3717,5.746,29.4,0.36,-0.574,-2133.0,-2131.4,3.78
15m,1m,24h,1,2,True,mid,fixed2r,3689,5.703,30.3,0.48,-0.528,-1946.6,-1945.0,3.77
15m,1m,24h,1,2,True,mid,exit3,3689,5.703,30.2,0.38,-0.542,-2000.6,-1999.0,3.77
15m,1m,24h,3,1,False,top,fixed2r,7576,11.712,32.1,0.59,-0.373,-2826.6,-2826.9,4.89
15m,1m,24h,3,1,False,top,exit3,7576,11.712,32.0,0.49,-0.387,-2934.6,-2935.4,4.89
15m,1m,24h,3,1,False,mid,fixed2r,7526,11.635,32.4,0.6,-0.36,-2708.0,-2708.3,4.86
15m,1m,24h,3,1,False,mid,exit3,7526,11.635,32.3,0.51,-0.373,-2805.0,-2805.8,4.86
15m,1m,24h,3,1,True,top,fixed2r,4004,6.19,31.3,0.55,-0.427,-1709.9,-1717.1,4.51
15m,1m,24h,3,1,True,top,exit3,4004,6.19,31.0,0.45,-0.443,-1775.4,-1779.1,4.51
15m,1m,24h,3,1,True,mid,fixed2r,3980,6.153,31.4,0.56,-0.414,-1646.0,-1648.2,4.44
15m,1m,24h,3,1,True,mid,exit3,3980,6.153,31.3,0.46,-0.422,-1679.5,-1680.4,4.44
15m,1m,24h,3,2,False,top,fixed2r,5490,8.487,32.1,0.6,-0.364,-1996.2,-1994.7,5.11
15m,1m,24h,3,2,False,top,exit3,5490,8.487,31.9,0.5,-0.382,-2096.2,-2095.7,5.11
15m,1m,24h,3,2,False,mid,fixed2r,5460,8.441,32.5,0.62,-0.344,-1876.6,-1875.1,5.11
15m,1m,24h,3,2,False,mid,exit3,5460,8.441,32.4,0.52,-0.361,-1972.6,-1972.1,5.11
15m,1m,24h,3,2,True,top,fixed2r,2907,4.494,31.3,0.56,-0.418,-1216.2,-1222.8,4.7
15m,1m,24h,3,2,True,top,exit3,2907,4.494,31.1,0.46,-0.438,-1272.2,-1275.8,4.7
15m,1m,24h,3,2,True,mid,fixed2r,2884,4.458,31.6,0.57,-0.396,-1141.3,-1145.6,4.63
15m,1m,24h,3,2,True,mid,exit3,2884,4.458,31.6,0.48,-0.409,-1180.3,-1182.6,4.63
30m,5m,ny_am,1,1,False,top,fixed2r,326,0.504,29.8,0.71,-0.223,-72.7,-81.0,19.97
30m,5m,ny_am,1,1,False,top,exit3,326,0.504,29.4,0.69,-0.18,-58.7,-64.2,19.97
30m,5m,ny_am,1,1,False,mid,fixed2r,335,0.518,32.8,0.83,-0.123,-41.3,-56.0,20.2
30m,5m,ny_am,1,1,False,mid,exit3,335,0.518,32.8,0.8,-0.117,-39.3,-49.4,20.2
30m,5m,ny_am,1,1,True,top,fixed2r,152,0.235,27.6,0.6,-0.334,-50.8,-56.1,14.22
30m,5m,ny_am,1,1,True,top,exit3,152,0.235,27.0,0.57,-0.275,-41.8,-45.1,14.22
30m,5m,ny_am,1,1,True,mid,fixed2r,157,0.243,32.5,0.78,-0.173,-27.2,-36.4,13.72
30m,5m,ny_am,1,1,True,mid,exit3,157,0.243,32.5,0.71,-0.186,-29.2,-35.4,13.72
30m,5m,ny_am,1,2,False,top,fixed2r,253,0.391,30.8,0.75,-0.191,-48.3,-56.8,19.72
30m,5m,ny_am,1,2,False,top,exit3,253,0.391,30.4,0.75,-0.141,-35.8,-43.4,19.72
30m,5m,ny_am,1,2,False,mid,fixed2r,263,0.407,33.1,0.84,-0.116,-30.5,-47.2,20.56
30m,5m,ny_am,1,2,False,mid,exit3,263,0.407,33.1,0.82,-0.103,-27.1,-40.2,20.56
30m,5m,ny_am,1,2,True,top,fixed2r,115,0.178,24.3,0.51,-0.414,-47.7,-49.1,13.6
30m,5m,ny_am,1,2,True,top,exit3,115,0.178,23.5,0.51,-0.31,-35.7,-36.4,13.6
30m,5m,ny_am,1,2,True,mid,fixed2r,122,0.189,31.1,0.75,-0.195,-23.8,-32.2,13.44
30m,5m,ny_am,1,2,True,mid,exit3,122,0.189,31.1,0.69,-0.191,-23.3,-29.2,13.44
30m,5m,ny_am,3,1,False,top,fixed2r,314,0.485,30.6,0.75,-0.194,-60.8,-69.7,20.4
30m,5m,ny_am,3,1,False,top,exit3,314,0.485,30.3,0.73,-0.154,-48.3,-53.9,20.4
30m,5m,ny_am,3,1,False,mid,fixed2r,323,0.499,33.7,0.88,-0.091,-29.5,-44.2,20.85
30m,5m,ny_am,3,1,False,mid,exit3,323,0.499,33.7,0.84,-0.09,-29.0,-39.2,20.85
30m,5m,ny_am,3,1,True,top,fixed2r,145,0.224,28.3,0.63,-0.308,-44.7,-50.0,15.7
30m,5m,ny_am,3,1,True,top,exit3,145,0.224,27.6,0.6,-0.249,-36.2,-39.5,15.7
30m,5m,ny_am,3,1,True,mid,fixed2r,150,0.232,33.3,0.82,-0.142,-21.3,-30.4,15.54
30m,5m,ny_am,3,1,True,mid,exit3,150,0.232,33.3,0.75,-0.152,-22.8,-28.9,15.54
30m,5m,ny_am,3,2,False,top,fixed2r,245,0.379,31.0,0.76,-0.181,-44.3,-53.0,20.3
30m,5m,ny_am,3,2,False,top,exit3,245,0.379,30.6,0.77,-0.13,-31.8,-39.4,20.3
30m,5m,ny_am,3,2,False,mid,fixed2r,255,0.394,33.3,0.86,-0.104,-26.4,-43.1,21.5
30m,5m,ny_am,3,2,False,mid,exit3,255,0.394,33.3,0.84,-0.091,-23.1,-36.2,21.5
30m,5m,ny_am,3,2,True,top,fixed2r,110,0.17,24.5,0.53,-0.399,-43.9,-43.6,14.65
30m,5m,ny_am,3,2,True,top,exit3,110,0.17,23.6,0.52,-0.294,-32.4,-32.7,14.65
30m,5m,ny_am,3,2,True,mid,fixed2r,117,0.181,31.6,0.78,-0.172,-20.2,-26.9,16.02
30m,5m,ny_am,3,2,True,mid,exit3,117,0.181,31.6,0.73,-0.164,-19.2,-24.5,16.02
30m,5m,london,1,1,False,top,fixed2r,537,0.83,36.3,0.78,-0.178,-95.3,-109.8,7.2
30m,5m,london,1,1,False,top,exit3,537,0.83,35.9,0.68,-0.211,-113.3,-118.2,7.2
30m,5m,london,1,1,False,mid,fixed2r,537,0.83,36.1,0.77,-0.195,-104.5,-116.2,7.0
30m,5m,london,1,1,False,mid,exit3,537,0.83,36.1,0.66,-0.232,-124.5,-130.1,7.0
30m,5m,london,1,1,True,top,fixed2r,290,0.448,33.1,0.66,-0.293,-84.8,-96.3,6.6
30m,5m,london,1,1,True,top,exit3,290,0.448,32.8,0.58,-0.301,-87.3,-90.3,6.6
30m,5m,london,1,1,True,mid,fixed2r,295,0.456,34.6,0.71,-0.245,-72.2,-89.4,6.76
30m,5m,london,1,1,True,mid,exit3,295,0.456,34.6,0.62,-0.265,-78.2,-85.2,6.76
30m,5m,london,1,2,False,top,fixed2r,418,0.646,36.6,0.81,-0.15,-62.5,-78.7,7.55
30m,5m,london,1,2,False,top,exit3,418,0.646,36.4,0.72,-0.178,-74.5,-76.3,7.55
30m,5m,london,1,2,False,mid,fixed2r,418,0.646,35.6,0.77,-0.192,-80.2,-89.8,7.52
30m,5m,london,1,2,False,mid,exit3,418,0.646,35.6,0.67,-0.219,-91.7,-95.3,7.52
30m,5m,london,1,2,True,top,fixed2r,232,0.359,32.8,0.68,-0.267,-61.9,-76.0,7.56
30m,5m,london,1,2,True,top,exit3,232,0.359,32.8,0.61,-0.265,-61.4,-67.0,7.56
30m,5m,london,1,2,True,mid,fixed2r,238,0.368,34.0,0.73,-0.223,-53.0,-72.8,7.44
30m,5m,london,1,2,True,mid,exit3,238,0.368,34.0,0.64,-0.241,-57.5,-68.0,7.44
30m,5m,london,3,1,False,top,fixed2r,482,0.745,37.6,0.86,-0.106,-51.0,-72.5,8.23
30m,5m,london,3,1,False,top,exit3,482,0.745,37.1,0.77,-0.139,-67.0,-77.4,8.23
30m,5m,london,3,1,False,mid,fixed2r,479,0.741,37.6,0.85,-0.118,-56.5,-75.0,8.03
30m,5m,london,3,1,False,mid,exit3,479,0.741,37.6,0.75,-0.162,-77.5,-88.5,8.03
30m,5m,london,3,1,True,top,fixed2r,262,0.405,35.5,0.78,-0.178,-46.7,-72.6,7.8
30m,5m,london,3,1,True,top,exit3,262,0.405,35.1,0.7,-0.193,-50.7,-65.6,7.8
30m,5m,london,3,1,True,mid,fixed2r,263,0.407,36.9,0.83,-0.134,-35.4,-64.8,7.62
30m,5m,london,3,1,True,mid,exit3,263,0.407,36.9,0.73,-0.171,-44.9,-61.6,7.62
30m,5m,london,3,2,False,top,fixed2r,379,0.586,37.7,0.88,-0.088,-33.5,-53.2,8.48
30m,5m,london,3,2,False,top,exit3,379,0.586,37.5,0.81,-0.115,-43.5,-51.4,8.48
30m,5m,london,3,2,False,mid,fixed2r,375,0.58,36.8,0.83,-0.133,-49.7,-63.8,8.41
30m,5m,london,3,2,False,mid,exit3,375,0.58,36.8,0.74,-0.167,-62.7,-70.8,8.41
30m,5m,london,3,2,True,top,fixed2r,210,0.325,33.8,0.75,-0.201,-42.1,-67.9,8.53
30m,5m,london,3,2,True,top,exit3,210,0.325,33.8,0.69,-0.196,-41.1,-55.9,8.53
30m,5m,london,3,2,True,mid,fixed2r,213,0.329,35.2,0.8,-0.156,-33.3,-61.9,8.57
30m,5m,london,3,2,True,mid,exit3,213,0.329,35.2,0.71,-0.187,-39.8,-57.1,8.57
30m,5m,asia,1,1,False,top,fixed2r,639,0.988,32.9,0.67,-0.292,-186.8,-187.9,7.85
30m,5m,asia,1,1,False,top,exit3,639,0.988,32.7,0.58,-0.298,-190.3,-191.3,7.85
30m,5m,asia,1,1,False,mid,fixed2r,635,0.982,32.8,0.67,-0.292,-185.2,-183.8,7.83
30m,5m,asia,1,1,False,mid,exit3,635,0.982,32.8,0.58,-0.31,-196.7,-194.3,7.83
30m,5m,asia,1,1,True,top,fixed2r,347,0.536,31.1,0.58,-0.384,-133.4,-131.6,6.87
30m,5m,asia,1,1,True,top,exit3,347,0.536,30.8,0.51,-0.367,-127.4,-125.6,6.87
30m,5m,asia,1,1,True,mid,fixed2r,346,0.535,31.8,0.62,-0.343,-118.7,-115.3,7.2
30m,5m,asia,1,1,True,mid,exit3,346,0.535,31.8,0.54,-0.342,-118.2,-114.3,7.2
30m,5m,asia,1,2,False,top,fixed2r,450,0.696,31.1,0.63,-0.325,-146.3,-148.0,8.66
30m,5m,asia,1,2,False,top,exit3,450,0.696,31.1,0.57,-0.304,-136.8,-138.5,8.66
30m,5m,asia,1,2,False,mid,fixed2r,445,0.688,31.7,0.64,-0.322,-143.1,-139.8,8.53
30m,5m,asia,1,2,False,mid,exit3,445,0.688,31.7,0.56,-0.318,-141.6,-138.2,8.53
30m,5m,asia,1,2,True,top,fixed2r,236,0.365,30.9,0.59,-0.377,-88.9,-87.1,6.93
30m,5m,asia,1,2,True,top,exit3,236,0.365,30.9,0.53,-0.341,-80.4,-78.6,6.93
30m,5m,asia,1,2,True,mid,fixed2r,235,0.363,32.3,0.62,-0.349,-82.1,-76.8,7.46
30m,5m,asia,1,2,True,mid,exit3,235,0.363,32.3,0.55,-0.341,-80.1,-74.8,7.46
30m,5m,asia,3,1,False,top,fixed2r,567,0.877,33.0,0.71,-0.243,-137.8,-138.8,8.64
30m,5m,asia,3,1,False,top,exit3,567,0.877,32.8,0.63,-0.257,-145.8,-146.8,8.64
30m,5m,asia,3,1,False,mid,fixed2r,560,0.866,33.2,0.73,-0.22,-123.0,-126.0,8.54
30m,5m,asia,3,1,False,mid,exit3,560,0.866,33.2,0.64,-0.247,-138.5,-140.9,8.54
30m,5m,asia,3,1,True,top,fixed2r,307,0.475,31.6,0.64,-0.318,-97.5,-95.7,7.5
30m,5m,asia,3,1,True,top,exit3,307,0.475,31.3,0.56,-0.316,-97.0,-95.2,7.5
30m,5m,asia,3,1,True,mid,fixed2r,303,0.468,33.0,0.72,-0.232,-70.2,-70.2,8.15
30m,5m,asia,3,1,True,mid,exit3,303,0.468,33.0,0.63,-0.256,-77.7,-78.2,8.15
30m,5m,asia,3,2,False,top,fixed2r,391,0.604,31.2,0.67,-0.275,-107.4,-107.8,9.7
30m,5m,asia,3,2,False,top,exit3,391,0.604,31.2,0.61,-0.261,-101.9,-102.8,9.7
30m,5m,asia,3,2,False,mid,fixed2r,384,0.594,32.0,0.7,-0.247,-94.7,-95.1,9.68
30m,5m,asia,3,2,False,mid,exit3,384,0.594,32.0,0.63,-0.253,-97.2,-98.1,9.68
30m,5m,asia,3,2,True,top,fixed2r,206,0.318,31.6,0.65,-0.303,-62.4,-60.5,8.04
30m,5m,asia,3,2,True,top,exit3,206,0.318,31.6,0.59,-0.286,-58.9,-57.0,8.04
30m,5m,asia,3,2,True,mid,fixed2r,201,0.311,33.3,0.72,-0.232,-46.7,-44.7,8.53
30m,5m,asia,3,2,True,mid,exit3,201,0.311,33.3,0.64,-0.25,-50.2,-49.2,8.53
30m,5m,24h,1,1,False,top,fixed2r,2893,4.472,33.2,0.71,-0.246,-710.7,-707.3,8.6
30m,5m,24h,1,1,False,top,exit3,2893,4.472,33.1,0.63,-0.253,-732.0,-729.1,8.6
30m,5m,24h,1,1,False,mid,fixed2r,2897,4.479,33.1,0.71,-0.242,-700.6,-704.4,8.54
30m,5m,24h,1,1,False,mid,exit3,2897,4.479,33.2,0.63,-0.249,-720.0,-723.0,8.54
30m,5m,24h,1,1,True,top,fixed2r,1578,2.439,32.2,0.65,-0.31,-489.3,-485.0,7.34
30m,5m,24h,1,1,True,top,exit3,1578,2.439,32.0,0.56,-0.311,-491.3,-487.0,7.34
30m,5m,24h,1,1,True,mid,fixed2r,1585,2.45,32.1,0.66,-0.299,-473.3,-471.7,7.34
30m,5m,24h,1,1,True,mid,exit3,1585,2.45,32.1,0.58,-0.296,-469.3,-467.2,7.34
30m,5m,24h,1,2,False,top,fixed2r,2121,3.279,32.8,0.71,-0.242,-512.3,-510.8,9.19
30m,5m,24h,1,2,False,top,exit3,2121,3.279,32.7,0.64,-0.237,-502.1,-500.6,9.19
30m,5m,24h,1,2,False,mid,fixed2r,2124,3.284,32.5,0.7,-0.252,-534.4,-533.4,9.16
30m,5m,24h,1,2,False,mid,exit3,2124,3.284,32.6,0.63,-0.248,-527.1,-526.1,9.16
30m,5m,24h,1,2,True,top,fixed2r,1150,1.778,31.7,0.65,-0.298,-342.8,-338.5,7.84
30m,5m,24h,1,2,True,top,exit3,1150,1.778,31.6,0.58,-0.287,-329.8,-325.5,7.84
30m,5m,24h,1,2,True,mid,fixed2r,1157,1.789,31.7,0.66,-0.295,-341.3,-339.7,7.85
30m,5m,24h,1,2,True,mid,exit3,1157,1.789,31.7,0.59,-0.283,-327.8,-326.0,7.85
30m,5m,24h,3,1,False,top,fixed2r,2651,4.098,33.6,0.75,-0.205,-543.3,-546.3,9.4
30m,5m,24h,3,1,False,top,exit3,2651,4.098,33.5,0.67,-0.215,-571.0,-575.0,9.4
30m,5m,24h,3,1,False,mid,fixed2r,2652,4.1,33.7,0.76,-0.191,-505.7,-510.7,9.39
30m,5m,24h,3,1,False,mid,exit3,2652,4.1,33.7,0.69,-0.203,-537.2,-542.7,9.39
30m,5m,24h,3,1,True,top,fixed2r,1431,2.212,33.0,0.7,-0.252,-360.9,-362.6,8.16
30m,5m,24h,3,1,True,top,exit3,1431,2.212,32.8,0.62,-0.262,-374.9,-376.1,8.16
30m,5m,24h,3,1,True,mid,fixed2r,1432,2.214,33.2,0.73,-0.226,-324.0,-326.0,8.24
30m,5m,24h,3,1,True,mid,exit3,1432,2.214,33.2,0.65,-0.234,-335.0,-335.9,8.24
30m,5m,24h,3,2,False,top,fixed2r,1927,2.979,33.1,0.74,-0.209,-402.1,-406.6,10.07
30m,5m,24h,3,2,False,top,exit3,1927,2.979,33.0,0.68,-0.205,-395.9,-400.2,10.07
30m,5m,24h,3,2,False,mid,fixed2r,1928,2.981,32.9,0.74,-0.208,-401.8,-407.3,10.18
30m,5m,24h,3,2,False,mid,exit3,1928,2.981,32.9,0.68,-0.207,-400.0,-404.9,10.18
30m,5m,24h,3,2,True,top,fixed2r,1049,1.622,32.0,0.69,-0.258,-270.6,-272.2,8.7
30m,5m,24h,3,2,True,top,exit3,1049,1.622,31.9,0.62,-0.253,-265.6,-267.0,8.7
30m,5m,24h,3,2,True,mid,fixed2r,1049,1.622,32.2,0.71,-0.243,-254.7,-255.2,8.65
30m,5m,24h,3,2,True,mid,exit3,1049,1.622,32.2,0.64,-0.237,-248.7,-249.6,8.65
D,5m,ny_am,1,1,False,top,fixed2r,146,0.226,34.2,0.91,-0.064,-9.3,-17.3,21.61
D,5m,ny_am,1,1,False,top,exit3,146,0.226,34.2,0.88,-0.064,-9.3,-15.5,21.61
D,5m,ny_am,1,1,False,mid,fixed2r,141,0.218,35.5,0.92,-0.057,-8.0,-24.0,20.57
D,5m,ny_am,1,1,False,mid,exit3,141,0.218,35.5,0.86,-0.085,-12.0,-21.5,20.57
D,5m,ny_am,1,1,True,top,fixed2r,64,0.099,39.1,1.13,0.083,5.3,-9.5,22.01
D,5m,ny_am,1,1,True,top,exit3,64,0.099,39.1,1.12,0.06,3.8,-7.5,22.01
D,5m,ny_am,1,1,True,mid,fixed2r,57,0.088,36.8,0.93,-0.053,-3.0,-8.5,21.8
D,5m,ny_am,1,1,True,mid,exit3,57,0.088,36.8,0.87,-0.08,-4.5,-7.6,21.8
D,5m,ny_am,1,2,False,top,fixed2r,120,0.186,34.2,0.91,-0.062,-7.4,-17.0,21.81
D,5m,ny_am,1,2,False,top,exit3,120,0.186,34.2,0.91,-0.049,-5.9,-13.0,21.81
D,5m,ny_am,1,2,False,mid,fixed2r,115,0.178,34.8,0.89,-0.082,-9.4,-21.8,20.17
D,5m,ny_am,1,2,False,mid,exit3,115,0.178,34.8,0.82,-0.108,-12.4,-19.8,20.17
D,5m,ny_am,1,2,True,top,fixed2r,55,0.085,40.0,1.18,0.118,6.5,-7.5,22.1
D,5m,ny_am,1,2,True,top,exit3,55,0.085,40.0,1.21,0.1,5.5,-4.4,22.1
D,5m,ny_am,1,2,True,mid,fixed2r,48,0.074,37.5,0.94,-0.044,-2.1,-9.0,20.66
D,5m,ny_am,1,2,True,mid,exit3,48,0.074,37.5,0.89,-0.065,-3.1,-7.6,20.66
D,5m,ny_am,3,1,False,top,fixed2r,141,0.218,35.5,0.95,-0.032,-4.6,-16.3,21.91
D,5m,ny_am,3,1,False,top,exit3,141,0.218,35.5,0.93,-0.036,-5.0,-12.0,21.91
D,5m,ny_am,3,1,False,mid,fixed2r,136,0.21,36.8,0.98,-0.017,-2.3,-20.3,21.02
D,5m,ny_am,3,1,False,mid,exit3,136,0.21,36.8,0.92,-0.047,-6.3,-17.8,21.02
D,5m,ny_am,3,1,True,top,fixed2r,63,0.097,41.3,1.24,0.151,9.5,-9.5,21.91
D,5m,ny_am,3,1,True,top,exit3,63,0.097,41.3,1.26,0.119,7.5,-7.5,21.91
D,5m,ny_am,3,1,True,mid,fixed2r,56,0.087,39.3,1.02,0.017,0.9,-7.4,21.48
D,5m,ny_am,3,1,True,mid,exit3,56,0.087,39.3,0.97,-0.019,-1.1,-6.4,21.48
D,5m,ny_am,3,2,False,top,fixed2r,115,0.178,34.8,0.93,-0.051,-5.9,-15.9,22.1
D,5m,ny_am,3,2,False,top,exit3,115,0.178,34.8,0.94,-0.029,-3.3,-10.9,22.1
D,5m,ny_am,3,2,False,mid,fixed2r,110,0.17,35.5,0.92,-0.061,-6.7,-19.3,20.77
D,5m,ny_am,3,2,False,mid,exit3,110,0.17,35.5,0.86,-0.084,-9.2,-16.8,20.77
D,5m,ny_am,3,2,True,top,fixed2r,54,0.083,40.7,1.22,0.139,7.5,-7.4,22.01
D,5m,ny_am,3,2,True,top,exit3,54,0.083,40.7,1.27,0.121,6.5,-4.4,22.01
D,5m,ny_am,3,2,True,mid,fixed2r,47,0.073,38.3,0.97,-0.023,-1.1,-9.0,20.17
D,5m,ny_am,3,2,True,mid,exit3,47,0.073,38.3,0.93,-0.044,-2.1,-7.6,20.17
D,5m,london,1,1,False,top,fixed2r,163,0.252,31.9,0.65,-0.294,-47.9,-51.0,9.19
D,5m,london,1,1,False,top,exit3,163,0.252,31.3,0.57,-0.297,-48.4,-50.5,9.19
D,5m,london,1,1,False,mid,fixed2r,163,0.252,32.5,0.68,-0.273,-44.5,-50.8,9.7
D,5m,london,1,1,False,mid,exit3,163,0.252,32.5,0.59,-0.288,-47.0,-50.8,9.7
D,5m,london,1,1,True,top,fixed2r,87,0.134,32.2,0.62,-0.321,-27.9,-33.5,8.51
D,5m,london,1,1,True,top,exit3,87,0.134,31.0,0.53,-0.327,-28.4,-28.7,8.51
D,5m,london,1,1,True,mid,fixed2r,85,0.131,29.4,0.56,-0.399,-33.9,-35.5,9.56
D,5m,london,1,1,True,mid,exit3,85,0.131,29.4,0.46,-0.405,-34.4,-35.5,9.56
D,5m,london,1,2,False,top,fixed2r,126,0.195,31.7,0.62,-0.327,-41.2,-45.4,9.2
D,5m,london,1,2,False,top,exit3,126,0.195,31.0,0.52,-0.355,-44.7,-47.9,9.2
D,5m,london,1,2,False,mid,fixed2r,128,0.198,32.8,0.66,-0.294,-37.6,-43.1,9.59
D,5m,london,1,2,False,mid,exit3,128,0.198,32.8,0.56,-0.317,-40.6,-44.1,9.59
D,5m,london,1,2,True,top,fixed2r,71,0.11,32.4,0.61,-0.342,-24.3,-30.7,7.14
D,5m,london,1,2,True,top,exit3,71,0.11,31.0,0.5,-0.37,-26.3,-27.7,7.14
D,5m,london,1,2,True,mid,fixed2r,70,0.108,28.6,0.51,-0.45,-31.5,-34.2,7.51
D,5m,london,1,2,True,mid,exit3,70,0.108,28.6,0.43,-0.436,-30.5,-32.7,7.51
D,5m,london,3,1,False,top,fixed2r,147,0.227,32.7,0.72,-0.226,-33.2,-37.6,10.23
D,5m,london,3,1,False,top,exit3,147,0.227,32.7,0.64,-0.233,-34.2,-36.9,10.23
D,5m,london,3,1,False,mid,fixed2r,149,0.23,32.9,0.72,-0.227,-33.9,-37.7,10.45
D,5m,london,3,1,False,mid,exit3,149,0.23,32.9,0.62,-0.258,-38.4,-41.2,10.45
D,5m,london,3,1,True,top,fixed2r,82,0.127,32.9,0.7,-0.237,-19.4,-27.2,9.16
D,5m,london,3,1,True,top,exit3,82,0.127,32.9,0.63,-0.231,-18.9,-21.5,9.16
D,5m,london,3,1,True,mid,fixed2r,80,0.124,30.0,0.61,-0.337,-27.0,-27.7,10.04
D,5m,london,3,1,True,mid,exit3,80,0.124,30.0,0.51,-0.362,-29.0,-29.2,10.04
D,5m,london,3,2,False,top,fixed2r,113,0.175,32.7,0.7,-0.24,-27.1,-37.2,10.76
D,5m,london,3,2,False,top,exit3,113,0.175,32.7,0.59,-0.28,-31.6,-35.4,10.76
D,5m,london,3,2,False,mid,fixed2r,116,0.179,32.8,0.69,-0.253,-29.3,-34.8,10.43
D,5m,london,3,2,False,mid,exit3,116,0.179,32.8,0.58,-0.296,-34.3,-36.8,10.43
D,5m,london,3,2,True,top,fixed2r,66,0.102,33.3,0.7,-0.239,-15.7,-24.5,9.24
D,5m,london,3,2,True,top,exit3,66,0.102,33.3,0.61,-0.254,-16.7,-21.0,9.24
D,5m,london,3,2,True,mid,fixed2r,65,0.1,29.2,0.57,-0.378,-24.5,-26.4,9.99
D,5m,london,3,2,True,mid,exit3,65,0.1,29.2,0.48,-0.385,-25.0,-26.4,9.99
D,5m,asia,1,1,False,top,fixed2r,152,0.235,32.2,0.66,-0.3,-45.5,-48.9,7.8
D,5m,asia,1,1,False,top,exit3,152,0.235,32.2,0.58,-0.309,-47.0,-49.5,7.8
D,5m,asia,1,1,False,mid,fixed2r,147,0.227,32.7,0.62,-0.353,-51.9,-51.4,7.13
D,5m,asia,1,1,False,mid,exit3,147,0.227,32.7,0.49,-0.425,-62.4,-60.4,7.13
D,5m,asia,1,1,True,top,fixed2r,75,0.116,30.7,0.59,-0.382,-28.7,-30.2,6.97
D,5m,asia,1,1,True,top,exit3,75,0.116,30.7,0.51,-0.376,-28.2,-28.2,6.97
D,5m,asia,1,1,True,mid,fixed2r,73,0.113,31.5,0.57,-0.413,-30.2,-28.4,6.42
D,5m,asia,1,1,True,mid,exit3,73,0.113,31.5,0.45,-0.488,-35.7,-32.4,6.42
D,5m,asia,1,2,False,top,fixed2r,97,0.15,35.1,0.74,-0.224,-21.7,-28.6,8.28
D,5m,asia,1,2,False,top,exit3,97,0.15,35.1,0.64,-0.255,-24.7,-30.1,8.28
D,5m,asia,1,2,False,mid,fixed2r,95,0.147,35.8,0.68,-0.302,-28.7,-31.1,7.7
D,5m,asia,1,2,False,mid,exit3,95,0.147,35.8,0.56,-0.36,-34.2,-34.1,7.7
D,5m,asia,1,2,True,top,fixed2r,42,0.065,31.0,0.56,-0.414,-17.4,-20.0,6.63
D,5m,asia,1,2,True,top,exit3,42,0.065,31.0,0.5,-0.378,-15.9,-17.0,6.63
D,5m,asia,1,2,True,mid,fixed2r,43,0.066,34.9,0.6,-0.4,-17.2,-17.0,6.42
D,5m,asia,1,2,True,mid,exit3,43,0.066,34.9,0.47,-0.481,-20.7,-18.5,6.42
D,5m,asia,3,1,False,top,fixed2r,146,0.226,32.9,0.69,-0.263,-38.3,-43.8,7.89
D,5m,asia,3,1,False,top,exit3,146,0.226,32.9,0.59,-0.29,-42.3,-45.7,7.89
D,5m,asia,3,1,False,mid,fixed2r,140,0.216,32.9,0.66,-0.298,-41.7,-47.5,7.17
D,5m,asia,3,1,False,mid,exit3,140,0.216,32.9,0.53,-0.373,-52.2,-56.0,7.17
D,5m,asia,3,1,True,top,fixed2r,72,0.111,31.9,0.65,-0.307,-22.1,-25.0,6.84
D,5m,asia,3,1,True,top,exit3,72,0.111,31.9,0.56,-0.314,-22.6,-23.2,6.84
D,5m,asia,3,1,True,mid,fixed2r,68,0.105,32.4,0.66,-0.293,-20.0,-24.6,6.75
D,5m,asia,3,1,True,mid,exit3,68,0.105,32.4,0.53,-0.367,-25.0,-25.6,6.75
D,5m,asia,3,2,False,top,fixed2r,90,0.139,36.7,0.81,-0.152,-13.6,-22.5,8.54
D,5m,asia,3,2,False,top,exit3,90,0.139,36.7,0.7,-0.202,-18.1,-24.0,8.54
D,5m,asia,3,2,False,mid,fixed2r,88,0.136,38.6,0.82,-0.148,-13.0,-23.2,8.59
D,5m,asia,3,2,False,mid,exit3,88,0.136,38.6,0.68,-0.222,-19.5,-25.7,8.59
D,5m,asia,3,2,True,top,fixed2r,39,0.06,33.3,0.67,-0.277,-10.8,-16.7,6.65
D,5m,asia,3,2,True,top,exit3,39,0.06,33.3,0.61,-0.264,-10.3,-13.2,6.65
D,5m,asia,3,2,True,mid,fixed2r,39,0.06,38.5,0.84,-0.133,-5.2,-14.5,6.64
D,5m,asia,3,2,True,mid,exit3,39,0.06,38.5,0.68,-0.223,-8.7,-12.0,6.64
D,5m,24h,1,1,False,top,fixed2r,893,1.381,32.6,0.71,-0.245,-218.6,-223.9,10.09
D,5m,24h,1,1,False,top,exit3,893,1.381,32.4,0.63,-0.252,-225.2,-230.0,10.09
D,5m,24h,1,1,False,mid,fixed2r,881,1.362,33.3,0.72,-0.232,-204.0,-205.1,10.11
D,5m,24h,1,1,False,mid,exit3,881,1.362,33.3,0.63,-0.257,-226.0,-224.1,10.11
D,5m,24h,1,1,True,top,fixed2r,486,0.751,31.3,0.63,-0.319,-154.8,-157.7,8.62
D,5m,24h,1,1,True,top,exit3,486,0.751,30.9,0.55,-0.316,-153.6,-155.0,8.62
D,5m,24h,1,1,True,mid,fixed2r,476,0.736,30.7,0.62,-0.342,-162.9,-161.6,8.6
D,5m,24h,1,1,True,mid,exit3,476,0.736,30.7,0.54,-0.342,-162.9,-159.1,8.6
D,5m,24h,1,2,False,top,fixed2r,653,1.009,31.9,0.68,-0.267,-174.6,-180.6,11.01
D,5m,24h,1,2,False,top,exit3,653,1.009,31.7,0.6,-0.277,-180.8,-186.1,11.01
D,5m,24h,1,2,False,mid,fixed2r,646,0.999,33.6,0.73,-0.224,-145.0,-145.8,10.9
D,5m,24h,1,2,False,mid,exit3,646,0.999,33.6,0.64,-0.249,-161.0,-158.5,10.9
D,5m,24h,1,2,True,top,fixed2r,362,0.56,31.2,0.63,-0.323,-117.0,-120.0,9.58
D,5m,24h,1,2,True,top,exit3,362,0.56,30.9,0.55,-0.327,-118.3,-119.7,9.58
D,5m,24h,1,2,True,mid,fixed2r,356,0.55,30.9,0.62,-0.339,-120.6,-119.6,9.05
D,5m,24h,1,2,True,mid,exit3,356,0.55,30.9,0.54,-0.342,-121.6,-118.6,9.05
D,5m,24h,3,1,False,top,fixed2r,832,1.286,33.3,0.75,-0.201,-167.4,-174.0,10.72
D,5m,24h,3,1,False,top,exit3,832,1.286,33.2,0.67,-0.213,-177.0,-182.6,10.72
D,5m,24h,3,1,False,mid,fixed2r,822,1.271,33.5,0.76,-0.197,-161.6,-168.3,10.86
D,5m,24h,3,1,False,mid,exit3,822,1.271,33.5,0.66,-0.226,-185.6,-189.3,10.86
D,5m,24h,3,1,True,top,fixed2r,453,0.7,32.5,0.69,-0.252,-114.1,-117.6,9.87
D,5m,24h,3,1,True,top,exit3,453,0.7,32.2,0.62,-0.254,-114.9,-116.9,9.87
D,5m,24h,3,1,True,mid,fixed2r,439,0.679,31.0,0.66,-0.291,-127.9,-129.5,9.55
D,5m,24h,3,1,True,mid,exit3,439,0.679,31.0,0.57,-0.3,-131.9,-132.5,9.55
D,5m,24h,3,2,False,top,fixed2r,600,0.928,32.8,0.74,-0.208,-125.1,-132.2,12.49
D,5m,24h,3,2,False,top,exit3,600,0.928,32.8,0.66,-0.222,-133.2,-139.2,12.49
D,5m,24h,3,2,False,mid,fixed2r,594,0.918,34.2,0.79,-0.171,-101.6,-108.1,12.05
D,5m,24h,3,2,False,mid,exit3,594,0.918,34.2,0.69,-0.203,-120.6,-123.8,12.05
D,5m,24h,3,2,True,top,fixed2r,333,0.515,32.1,0.69,-0.255,-85.0,-88.7,10.7
D,5m,24h,3,2,True,top,exit3,333,0.515,32.1,0.62,-0.252,-83.8,-85.9,10.7
D,5m,24h,3,2,True,mid,fixed2r,325,0.502,31.4,0.68,-0.27,-87.8,-89.6,10.13
D,5m,24h,3,2,True,mid,exit3,325,0.502,31.4,0.6,-0.279,-90.8,-92.1,10.13
D,15m,ny_am,1,1,False,top,fixed2r,82,0.127,34.1,0.82,-0.131,-10.7,-14.3,27.98
D,15m,ny_am,1,1,False,top,exit3,82,0.127,35.4,0.74,-0.159,-13.1,-17.6,27.98
D,15m,ny_am,1,1,False,mid,fixed2r,81,0.125,32.1,0.72,-0.225,-18.2,-18.5,28.14
D,15m,ny_am,1,1,False,mid,exit3,81,0.125,32.1,0.63,-0.254,-20.6,-21.8,28.14
D,15m,ny_am,1,1,True,top,fixed2r,38,0.059,23.7,0.51,-0.422,-16.0,-16.6,16.07
D,15m,ny_am,1,1,True,top,exit3,38,0.059,26.3,0.43,-0.44,-16.7,-16.3,16.07
D,15m,ny_am,1,1,True,mid,fixed2r,38,0.059,21.1,0.39,-0.622,-23.6,-23.2,16.66
D,15m,ny_am,1,1,True,mid,exit3,38,0.059,21.1,0.31,-0.622,-23.6,-22.7,16.66
D,15m,ny_am,1,2,False,top,fixed2r,69,0.107,31.9,0.76,-0.174,-12.0,-17.5,26.46
D,15m,ny_am,1,2,False,top,exit3,69,0.107,33.3,0.69,-0.195,-13.4,-18.5,26.46
D,15m,ny_am,1,2,False,mid,fixed2r,67,0.104,29.9,0.66,-0.282,-18.9,-22.2,27.64
D,15m,ny_am,1,2,False,mid,exit3,67,0.104,29.9,0.58,-0.301,-20.2,-22.5,27.64
D,15m,ny_am,1,2,True,top,fixed2r,35,0.054,22.9,0.5,-0.428,-15.0,-14.8,16.8
D,15m,ny_am,1,2,True,top,exit3,35,0.054,25.7,0.43,-0.433,-15.2,-14.5,16.8
D,15m,ny_am,1,2,True,mid,fixed2r,34,0.053,20.6,0.38,-0.636,-21.6,-20.9,18.11
D,15m,ny_am,1,2,True,mid,exit3,34,0.053,20.6,0.31,-0.621,-21.1,-20.0,18.11
D,15m,ny_am,3,1,False,top,fixed2r,82,0.127,34.1,0.82,-0.126,-10.3,-13.9,27.98
D,15m,ny_am,3,1,False,top,exit3,82,0.127,35.4,0.74,-0.154,-12.6,-17.1,27.98
D,15m,ny_am,3,1,False,mid,fixed2r,81,0.125,32.1,0.72,-0.22,-17.8,-18.1,28.14
D,15m,ny_am,3,1,False,mid,exit3,81,0.125,32.1,0.64,-0.249,-20.2,-21.4,28.14
D,15m,ny_am,3,1,True,top,fixed2r,36,0.056,22.2,0.47,-0.455,-16.4,-16.2,16.55
D,15m,ny_am,3,1,True,top,exit3,36,0.056,25.0,0.4,-0.46,-16.6,-15.9,16.55
D,15m,ny_am,3,1,True,mid,fixed2r,36,0.056,19.4,0.35,-0.666,-24.0,-23.1,18.11
D,15m,ny_am,3,1,True,mid,exit3,36,0.056,19.4,0.29,-0.652,-23.5,-22.3,18.11
D,15m,ny_am,3,2,False,top,fixed2r,69,0.107,31.9,0.76,-0.174,-12.0,-17.5,26.46
D,15m,ny_am,3,2,False,top,exit3,69,0.107,33.3,0.69,-0.195,-13.4,-18.5,26.46
D,15m,ny_am,3,2,False,mid,fixed2r,67,0.104,29.9,0.66,-0.282,-18.9,-22.2,27.64
D,15m,ny_am,3,2,False,mid,exit3,67,0.104,29.9,0.58,-0.301,-20.2,-22.5,27.64
D,15m,ny_am,3,2,True,top,fixed2r,34,0.053,23.5,0.51,-0.409,-13.9,-13.7,17.95
D,15m,ny_am,3,2,True,top,exit3,34,0.053,26.5,0.44,-0.414,-14.1,-13.4,17.95
D,15m,ny_am,3,2,True,mid,fixed2r,33,0.051,21.2,0.39,-0.621,-20.5,-20.9,18.16
D,15m,ny_am,3,2,True,mid,exit3,33,0.051,21.2,0.32,-0.606,-20.0,-19.4,18.16
D,15m,london,1,1,False,top,fixed2r,72,0.111,38.9,0.98,-0.012,-0.9,-16.2,11.51
D,15m,london,1,1,False,top,exit3,72,0.111,38.9,0.82,-0.116,-8.4,-15.5,11.51
D,15m,london,1,1,False,mid,fixed2r,66,0.102,31.8,0.72,-0.227,-15.0,-19.8,10.91
D,15m,london,1,1,False,mid,exit3,66,0.102,31.8,0.61,-0.265,-17.5,-20.9,10.91
D,15m,london,1,1,True,top,fixed2r,30,0.046,43.3,1.17,0.118,3.5,-11.3,10.51
D,15m,london,1,1,True,top,exit3,30,0.046,43.3,0.85,-0.098,-3.0,-11.8,10.51
D,15m,london,1,1,True,mid,fixed2r,27,0.042,29.6,0.66,-0.277,-7.5,-12.0,12.04
D,15m,london,1,1,True,mid,exit3,27,0.042,29.6,0.59,-0.277,-7.5,-12.1,12.04
D,15m,london,1,2,False,top,fixed2r,57,0.088,36.8,0.9,-0.073,-4.2,-12.2,12.4
D,15m,london,1,2,False,top,exit3,57,0.088,36.8,0.78,-0.144,-8.2,-11.7,12.4
D,15m,london,1,2,False,mid,fixed2r,53,0.082,32.1,0.72,-0.228,-12.1,-15.3,14.08
D,15m,london,1,2,False,mid,exit3,53,0.082,32.1,0.63,-0.256,-13.6,-15.5,14.08
D,15m,london,1,2,True,top,fixed2r,25,0.039,48.0,1.42,0.257,6.4,-8.6,10.75
D,15m,london,1,2,True,top,exit3,25,0.039,48.0,1.03,0.017,0.4,-9.1,10.75
D,15m,london,1,2,True,mid,fixed2r,22,0.034,31.8,0.74,-0.207,-4.6,-7.8,14.17
D,15m,london,1,2,True,mid,exit3,22,0.034,31.8,0.7,-0.184,-4.1,-8.3,14.17
D,15m,london,3,1,False,top,fixed2r,70,0.108,38.6,0.97,-0.024,-1.7,-16.2,11.54
D,15m,london,3,1,False,top,exit3,70,0.108,38.6,0.82,-0.117,-8.2,-15.5,11.54
D,15m,london,3,1,False,mid,fixed2r,64,0.099,31.2,0.71,-0.234,-15.0,-19.8,11.71
D,15m,london,3,1,False,mid,exit3,64,0.099,31.2,0.6,-0.281,-18.0,-21.4,11.71
D,15m,london,3,1,True,top,fixed2r,29,0.045,37.9,0.94,-0.043,-1.3,-11.3,10.75
D,15m,london,3,1,True,top,exit3,29,0.045,37.9,0.72,-0.198,-5.8,-11.8,10.75
D,15m,london,3,1,True,mid,fixed2r,26,0.04,26.9,0.59,-0.35,-9.1,-12.5,14.09
D,15m,london,3,1,True,mid,exit3,26,0.04,26.9,0.53,-0.331,-8.6,-12.1,14.09
D,15m,london,3,2,False,top,fixed2r,56,0.087,37.5,0.93,-0.057,-3.2,-12.2,12.62
D,15m,london,3,2,False,top,exit3,56,0.087,37.5,0.81,-0.119,-6.7,-10.7,12.62
D,15m,london,3,2,False,mid,fixed2r,52,0.08,30.8,0.69,-0.255,-13.3,-15.9,14.63
D,15m,london,3,2,False,mid,exit3,52,0.08,30.8,0.61,-0.274,-14.3,-16.2,14.63
D,15m,london,3,2,True,top,fixed2r,24,0.037,41.7,1.1,0.067,1.6,-8.6,11.16
D,15m,london,3,2,True,top,exit3,24,0.037,41.7,0.85,-0.099,-2.4,-9.1,11.16
D,15m,london,3,2,True,mid,fixed2r,21,0.032,28.6,0.64,-0.294,-6.2,-7.8,16.31
D,15m,london,3,2,True,mid,exit3,21,0.032,28.6,0.61,-0.247,-5.2,-8.3,16.31
D,15m,asia,1,1,False,top,fixed2r,33,0.051,51.5,1.58,0.33,10.9,-3.3,7.8
D,15m,asia,1,1,False,top,exit3,33,0.051,51.5,1.54,0.224,7.4,-3.1,7.8
D,15m,asia,1,1,False,mid,fixed2r,34,0.053,50.0,1.5,0.295,10.0,-3.1,12.5
D,15m,asia,1,1,False,mid,exit3,34,0.053,50.0,1.44,0.192,6.5,-3.1,12.5
D,15m,asia,1,1,True,top,fixed2r,18,0.028,50.0,1.44,0.258,4.7,-4.1,9.39
D,15m,asia,1,1,True,top,exit3,18,0.028,50.0,1.25,0.12,2.2,-3.5,9.39
D,15m,asia,1,1,True,mid,fixed2r,19,0.029,47.4,1.31,0.194,3.7,-4.0,12.44
D,15m,asia,1,1,True,mid,exit3,19,0.029,47.4,1.12,0.062,1.2,-3.0,12.44
D,15m,asia,1,2,False,top,fixed2r,17,0.026,70.6,3.15,0.842,14.3,-1.7,4.5
D,15m,asia,1,2,False,top,exit3,17,0.026,70.6,2.65,0.548,9.3,-1.3,4.5
D,15m,asia,1,2,False,mid,fixed2r,15,0.023,60.0,2.08,0.567,8.5,-1.6,5.65
D,15m,asia,1,2,False,mid,exit3,15,0.023,60.0,1.72,0.334,5.0,-1.6,5.65
D,15m,asia,1,2,True,top,fixed2r,7,0.011,71.4,3.06,0.808,5.7,-1.7,3.68
D,15m,asia,1,2,True,top,exit3,7,0.011,71.4,3.38,0.593,4.2,-1.1,3.68
D,15m,asia,1,2,True,mid,fixed2r,6,0.009,50.0,1.43,0.284,1.7,-1.6,12.06
D,15m,asia,1,2,True,mid,exit3,6,0.009,50.0,1.4,0.201,1.2,-1.6,12.06
D,15m,asia,3,1,False,top,fixed2r,27,0.042,40.7,1.09,0.06,1.6,-5.5,13.01
D,15m,asia,3,1,False,top,exit3,27,0.042,40.7,1.17,0.079,2.1,-3.5,13.01
D,15m,asia,3,1,False,mid,fixed2r,30,0.046,50.0,1.6,0.354,10.6,-3.1,13.65
D,15m,asia,3,1,False,mid,exit3,30,0.046,50.0,1.52,0.237,7.1,-3.1,13.65
D,15m,asia,3,1,True,top,fixed2r,14,0.022,35.7,0.87,-0.097,-1.4,-4.1,12.47
D,15m,asia,3,1,True,top,exit3,14,0.022,35.7,0.79,-0.133,-1.9,-3.3,12.47
D,15m,asia,3,1,True,mid,fixed2r,17,0.026,47.1,1.42,0.263,4.5,-4.0,12.44
D,15m,asia,3,1,True,mid,exit3,17,0.026,47.1,1.15,0.086,1.5,-3.0,12.44
D,15m,asia,3,2,False,top,fixed2r,12,0.019,50.0,1.46,0.293,3.5,-2.1,10.38
D,15m,asia,3,2,False,top,exit3,12,0.019,50.0,1.44,0.209,2.5,-1.2,10.38
D,15m,asia,3,2,False,mid,fixed2r,12,0.019,58.3,2.04,0.56,6.7,-1.6,12.84
D,15m,asia,3,2,False,mid,exit3,12,0.019,58.3,1.5,0.269,3.2,-1.6,12.84
D,15m,asia,3,2,True,top,fixed2r,5,0.008,40.0,0.95,-0.04,-0.2,-1.7,7.8
D,15m,asia,3,2,True,top,exit3,5,0.008,40.0,0.93,-0.04,-0.2,-1.1,7.8
D,15m,asia,3,2,True,mid,fixed2r,6,0.009,50.0,1.47,0.305,1.8,-1.6,12.06
D,15m,asia,3,2,True,mid,exit3,6,0.009,50.0,1.09,0.055,0.3,-1.6,12.06
D,15m,24h,1,1,False,top,fixed2r,339,0.524,33.0,0.78,-0.168,-57.1,-58.0,17.7
D,15m,24h,1,1,False,top,exit3,339,0.524,33.3,0.68,-0.207,-70.2,-73.1,17.7
D,15m,24h,1,1,False,mid,fixed2r,330,0.51,32.4,0.75,-0.201,-66.3,-64.8,17.64
D,15m,24h,1,1,False,mid,exit3,330,0.51,32.1,0.66,-0.22,-72.7,-73.1,17.64
D,15m,24h,1,1,True,top,fixed2r,173,0.267,29.5,0.63,-0.31,-53.6,-60.5,13.8
D,15m,24h,1,1,True,top,exit3,173,0.267,30.1,0.51,-0.37,-64.0,-66.9,13.8
D,15m,24h,1,1,True,mid,fixed2r,173,0.267,28.3,0.59,-0.352,-61.0,-61.5,14.79
D,15m,24h,1,1,True,mid,exit3,173,0.267,27.7,0.48,-0.398,-68.8,-68.4,14.79
D,15m,24h,1,2,False,top,fixed2r,254,0.393,30.7,0.7,-0.234,-59.3,-61.7,19.07
D,15m,24h,1,2,False,top,exit3,254,0.393,31.1,0.61,-0.264,-67.1,-71.3,19.07
D,15m,24h,1,2,False,mid,fixed2r,241,0.373,29.0,0.64,-0.298,-71.8,-70.3,18.08
D,15m,24h,1,2,False,mid,exit3,241,0.373,29.0,0.56,-0.305,-73.6,-74.0,18.08
D,15m,24h,1,2,True,top,fixed2r,131,0.203,30.5,0.67,-0.276,-36.2,-41.0,15.9
D,15m,24h,1,2,True,top,exit3,131,0.203,31.3,0.56,-0.318,-41.7,-43.8,15.9
D,15m,24h,1,2,True,mid,fixed2r,128,0.198,26.6,0.55,-0.405,-51.8,-50.4,17.52
D,15m,24h,1,2,True,mid,exit3,128,0.198,26.6,0.47,-0.408,-52.2,-51.8,17.52
D,15m,24h,3,1,False,top,fixed2r,323,0.499,31.9,0.75,-0.193,-62.3,-60.7,19.03
D,15m,24h,3,1,False,top,exit3,323,0.499,32.2,0.67,-0.213,-68.9,-70.2,19.03
D,15m,24h,3,1,False,mid,fixed2r,315,0.487,31.7,0.74,-0.204,-64.3,-62.8,18.4
D,15m,24h,3,1,False,mid,exit3,315,0.487,31.7,0.66,-0.226,-71.2,-71.6,18.4
D,15m,24h,3,1,True,top,fixed2r,161,0.249,26.7,0.57,-0.377,-60.7,-63.5,15.02
D,15m,24h,3,1,True,top,exit3,161,0.249,27.3,0.48,-0.402,-64.7,-64.9,15.02
D,15m,24h,3,1,True,mid,fixed2r,162,0.25,26.5,0.57,-0.379,-61.4,-61.8,16.1
D,15m,24h,3,1,True,mid,exit3,162,0.25,26.5,0.46,-0.422,-68.3,-67.1,16.1
D,15m,24h,3,2,False,top,fixed2r,242,0.374,28.9,0.65,-0.283,-68.6,-67.0,19.91
D,15m,24h,3,2,False,top,exit3,242,0.374,29.3,0.58,-0.293,-70.8,-72.1,19.91
D,15m,24h,3,2,False,mid,fixed2r,231,0.357,27.7,0.61,-0.329,-76.0,-74.5,18.46
D,15m,24h,3,2,False,mid,exit3,231,0.357,27.7,0.53,-0.337,-77.8,-78.2,18.46
D,15m,24h,3,2,True,top,fixed2r,123,0.19,26.8,0.57,-0.373,-45.9,-47.5,18.3
D,15m,24h,3,2,True,top,exit3,123,0.19,27.6,0.49,-0.381,-46.8,-47.0,18.3
D,15m,24h,3,2,True,mid,fixed2r,122,0.189,25.4,0.52,-0.431,-52.6,-52.5,18.3
D,15m,24h,3,2,True,mid,exit3,122,0.189,25.4,0.44,-0.447,-54.5,-53.3,18.3
